customer_id,subscription_id,amount,payment_method,failure_reason,attempt_number,previous_successes,previous_failures,customer_tenure_days,subscription_age_days,plan_value,days_since_failure,historical_recovery_rate,customer_segment,recovered
C1000,sub_1000,2499,card,bank_decline,1,12,1,1263,810,2499,2,0.812,standard,0
C1001,sub_1001,999,upi,insufficient_funds,4,10,2,688,666,999,20,0.733,new,1
C1002,sub_1002,2499,upi,bank_decline,2,5,6,1045,187,2499,11,0.429,standard,0
C1003,sub_1003,499,card,card_expired,4,1,0,1444,896,499,21,0.5,loyal,0
C1004,sub_1004,499,card,network,3,2,0,81,893,499,9,0.6,standard,1
C1005,sub_1005,299,card,technical,2,3,2,173,37,299,18,0.5,loyal,1
C1006,sub_1006,1499,upi,bank_decline,3,5,4,1380,24,1499,7,0.5,loyal,1
C1007,sub_1007,2499,upi,bank_decline,1,12,5,856,221,2499,9,0.65,loyal,1
C1008,sub_1008,499,upi,network,4,1,3,930,714,499,7,0.286,standard,0
C1009,sub_1009,799,card,insufficient_funds,2,8,3,518,538,799,12,0.643,new,0
C1010,sub_1010,999,card,insufficient_funds,2,4,6,1241,461,999,4,0.385,loyal,0
C1011,sub_1011,2499,card,technical,1,0,1,973,374,2499,11,0.25,standard,1
C1012,sub_1012,799,card,card_expired,2,8,6,393,432,799,18,0.529,loyal,0
C1013,sub_1013,999,upi,bank_decline,2,9,2,976,574,999,3,0.714,standard,1
C1014,sub_1014,499,card,insufficient_funds,2,13,1,15,58,499,17,0.824,standard,0
C1015,sub_1015,2499,card,network,5,7,6,368,528,2499,18,0.5,new,0
C1016,sub_1016,4999,card,card_expired,2,4,4,313,199,4999,0,0.455,standard,0
C1017,sub_1017,2499,card,network,1,11,3,1180,709,2499,14,0.706,standard,0
C1018,sub_1018,2499,card,bank_decline,3,3,2,1105,176,2499,10,0.5,enterprise,0
C1019,sub_1019,2499,card,card_expired,2,9,3,145,64,2499,14,0.667,loyal,1
C1020,sub_1020,2499,netbanking,bank_decline,3,13,5,1360,391,2499,6,0.667,standard,1
C1021,sub_1021,999,upi,insufficient_funds,4,0,1,1229,397,999,4,0.25,standard,0
C1022,sub_1022,499,netbanking,technical,1,12,1,657,467,499,6,0.812,new,1
C1023,sub_1023,4999,upi,technical,3,2,2,325,774,4999,3,0.429,standard,0
C1024,sub_1024,299,upi,bank_decline,1,6,3,636,630,299,8,0.583,enterprise,0
C1025,sub_1025,799,card,network,1,3,5,888,327,799,19,0.364,loyal,0
C1026,sub_1026,2499,card,insufficient_funds,1,2,1,948,654,2499,17,0.5,standard,0
C1027,sub_1027,2499,card,network,1,9,5,527,453,2499,3,0.588,loyal,1
C1028,sub_1028,1499,card,network,2,6,6,161,202,1499,12,0.467,new,0
C1029,sub_1029,999,card,card_expired,5,7,3,918,20,999,1,0.615,enterprise,0
C1030,sub_1030,4999,card,bank_decline,5,6,6,1060,4,4999,1,0.467,standard,0
C1031,sub_1031,499,upi,technical,1,10,6,408,202,499,13,0.579,new,1
C1032,sub_1032,299,card,insufficient_funds,5,13,5,962,737,299,6,0.667,loyal,0
C1033,sub_1033,1499,card,insufficient_funds,4,7,2,857,417,1499,15,0.667,new,0
C1034,sub_1034,799,card,insufficient_funds,3,2,2,757,407,799,3,0.429,standard,0
C1035,sub_1035,999,card,network,4,4,6,22,359,999,2,0.385,standard,0
C1036,sub_1036,999,netbanking,network,3,6,3,467,231,999,15,0.583,standard,1
C1037,sub_1037,499,card,insufficient_funds,2,1,0,567,643,499,4,0.5,standard,0
C1038,sub_1038,4999,netbanking,network,3,3,5,1252,12,4999,1,0.364,standard,0
C1039,sub_1039,799,upi,card_expired,4,2,2,1241,551,799,17,0.429,new,0
C1040,sub_1040,1499,card,insufficient_funds,4,13,6,1311,843,1499,15,0.636,loyal,0
C1041,sub_1041,499,card,bank_decline,1,5,5,699,792,499,20,0.462,standard,0
C1042,sub_1042,4999,card,bank_decline,5,12,0,497,333,4999,13,0.867,standard,0
C1043,sub_1043,4999,card,insufficient_funds,2,7,6,753,769,4999,10,0.5,standard,0
C1044,sub_1044,299,card,bank_decline,5,7,6,1189,214,299,14,0.5,new,0
C1045,sub_1045,1499,netbanking,bank_decline,2,13,5,936,217,1499,17,0.667,enterprise,1
C1046,sub_1046,1499,card,insufficient_funds,1,9,1,905,309,1499,13,0.769,standard,0
C1047,sub_1047,499,upi,insufficient_funds,5,3,4,656,16,499,7,0.4,standard,1
C1048,sub_1048,2499,card,card_expired,3,3,6,1047,239,2499,19,0.333,standard,0
C1049,sub_1049,2499,netbanking,network,2,9,5,1301,769,2499,15,0.588,standard,1
C1050,sub_1050,2499,card,network,1,0,3,1005,686,2499,19,0.167,new,0
C1051,sub_1051,1499,card,network,1,2,4,610,296,1499,12,0.333,standard,0
C1052,sub_1052,1499,card,bank_decline,1,1,2,1261,281,1499,9,0.333,standard,0
C1053,sub_1053,2499,card,card_expired,5,9,1,1414,313,2499,18,0.769,standard,0
C1054,sub_1054,2499,upi,bank_decline,1,6,4,1196,107,2499,13,0.538,standard,0
C1055,sub_1055,1499,card,bank_decline,1,0,3,1316,143,1499,17,0.167,standard,0
C1056,sub_1056,2499,card,insufficient_funds,5,10,1,405,893,2499,19,0.786,standard,0
C1057,sub_1057,299,card,card_expired,5,9,4,637,624,299,6,0.625,standard,0
C1058,sub_1058,1499,card,network,2,10,2,381,610,1499,4,0.733,standard,1
C1059,sub_1059,499,card,network,4,2,4,555,252,499,3,0.333,standard,0
C1060,sub_1060,799,card,card_expired,3,12,2,1102,770,799,13,0.765,standard,0
C1061,sub_1061,2499,card,insufficient_funds,3,2,6,1018,159,2499,17,0.273,standard,0
C1062,sub_1062,299,card,card_expired,2,7,5,14,871,299,21,0.533,standard,0
C1063,sub_1063,2499,card,bank_decline,4,7,3,1135,453,2499,0,0.615,standard,0
C1064,sub_1064,499,netbanking,card_expired,5,3,4,296,298,499,0,0.4,standard,0
C1065,sub_1065,2499,card,card_expired,4,5,1,286,675,2499,14,0.667,standard,0
C1066,sub_1066,2499,upi,card_expired,5,0,6,819,376,2499,5,0.111,standard,0
C1067,sub_1067,299,card,insufficient_funds,1,6,1,369,243,299,10,0.7,new,1
C1068,sub_1068,499,card,network,4,9,6,1444,615,499,1,0.556,standard,0
C1069,sub_1069,2499,card,insufficient_funds,5,4,5,227,650,2499,1,0.417,standard,0
C1070,sub_1070,799,card,network,3,7,1,235,543,799,11,0.727,loyal,1
C1071,sub_1071,999,card,insufficient_funds,5,13,0,1143,416,999,15,0.875,standard,0
C1072,sub_1072,299,card,bank_decline,2,3,5,437,296,299,19,0.364,standard,0
C1073,sub_1073,1499,card,network,5,4,6,1074,363,1499,10,0.385,standard,1
C1074,sub_1074,299,netbanking,network,5,1,5,1025,787,299,14,0.222,standard,0
C1075,sub_1075,499,card,insufficient_funds,4,7,0,291,324,499,18,0.8,loyal,0
C1076,sub_1076,999,card,insufficient_funds,4,2,4,874,870,999,9,0.333,standard,0
C1077,sub_1077,2499,card,card_expired,3,11,2,809,131,2499,4,0.75,standard,0
C1078,sub_1078,999,card,card_expired,2,4,6,150,147,999,18,0.385,standard,0
C1079,sub_1079,4999,upi,bank_decline,3,9,5,1148,300,4999,0,0.588,loyal,0
C1080,sub_1080,999,card,card_expired,5,2,5,1287,3,999,6,0.3,enterprise,0
C1081,sub_1081,499,card,insufficient_funds,1,4,2,1421,791,499,2,0.556,standard,0
C1082,sub_1082,499,card,bank_decline,2,2,2,140,307,499,14,0.429,standard,1
C1083,sub_1083,2499,card,network,3,7,5,275,92,2499,5,0.533,new,1
C1084,sub_1084,999,netbanking,network,2,0,0,1239,557,999,7,0.333,enterprise,1
C1085,sub_1085,1499,card,network,4,1,0,463,862,1499,14,0.5,standard,0
C1086,sub_1086,799,upi,bank_decline,2,7,0,942,894,799,6,0.8,new,0
C1087,sub_1087,499,card,insufficient_funds,4,7,3,529,97,499,7,0.615,standard,0
C1088,sub_1088,1499,netbanking,network,1,4,0,334,713,1499,10,0.714,standard,1
C1089,sub_1089,799,card,insufficient_funds,2,6,4,941,326,799,2,0.538,standard,0
C1090,sub_1090,4999,card,network,4,5,1,316,752,4999,20,0.667,loyal,0
C1091,sub_1091,2499,upi,card_expired,3,10,6,213,546,2499,21,0.579,standard,0
C1092,sub_1092,2499,card,insufficient_funds,4,6,3,800,658,2499,15,0.583,standard,0
C1093,sub_1093,499,card,insufficient_funds,4,11,0,298,754,499,2,0.857,enterprise,1
C1094,sub_1094,299,netbanking,insufficient_funds,2,3,4,296,805,299,10,0.4,enterprise,1
C1095,sub_1095,299,card,card_expired,3,2,2,1172,130,299,7,0.429,standard,0
C1096,sub_1096,4999,upi,insufficient_funds,5,5,1,797,651,4999,3,0.667,standard,0
C1097,sub_1097,4999,upi,network,5,1,4,817,127,4999,19,0.25,loyal,0
C1098,sub_1098,1499,upi,network,1,9,6,223,849,1499,9,0.556,standard,1
C1099,sub_1099,1499,upi,technical,4,5,6,248,565,1499,14,0.429,enterprise,1
C1100,sub_1100,499,card,technical,3,5,3,592,174,499,15,0.545,standard,0
C1101,sub_1101,2499,card,card_expired,1,7,5,588,264,2499,7,0.533,loyal,0
C1102,sub_1102,999,card,network,4,1,1,682,806,999,7,0.4,standard,0
C1103,sub_1103,1499,card,technical,1,5,5,210,580,1499,21,0.462,standard,0
C1104,sub_1104,299,upi,bank_decline,2,13,6,1348,207,299,18,0.636,loyal,1
C1105,sub_1105,999,card,bank_decline,4,8,3,550,738,999,11,0.643,new,0
C1106,sub_1106,1499,card,insufficient_funds,5,8,3,1226,646,1499,11,0.643,standard,0
C1107,sub_1107,2499,card,network,3,7,3,606,70,2499,0,0.615,standard,0
C1108,sub_1108,499,card,network,5,6,0,713,255,499,4,0.778,new,0
C1109,sub_1109,299,upi,technical,5,13,6,177,760,299,0,0.636,new,0
C1110,sub_1110,2499,card,insufficient_funds,3,13,5,1018,316,2499,17,0.667,standard,0
C1111,sub_1111,799,card,network,1,5,6,99,34,799,20,0.429,standard,0
C1112,sub_1112,999,upi,insufficient_funds,4,12,0,1124,543,999,3,0.867,new,0
C1113,sub_1113,1499,netbanking,card_expired,1,1,5,1323,809,1499,6,0.222,new,0
C1114,sub_1114,999,card,network,5,4,2,548,501,999,7,0.556,loyal,0
C1115,sub_1115,4999,netbanking,bank_decline,2,4,5,1332,878,4999,17,0.417,new,0
C1116,sub_1116,2499,card,bank_decline,4,9,6,1051,103,2499,8,0.556,loyal,0
C1117,sub_1117,799,upi,bank_decline,4,8,6,13,601,799,0,0.529,new,0
C1118,sub_1118,499,card,insufficient_funds,3,6,6,312,585,499,12,0.467,new,0
C1119,sub_1119,4999,card,card_expired,5,3,0,965,885,4999,3,0.667,standard,0
C1120,sub_1120,1499,upi,card_expired,4,7,2,1055,469,1499,14,0.667,standard,0
C1121,sub_1121,2499,card,card_expired,5,3,2,149,739,2499,18,0.5,standard,0
C1122,sub_1122,999,card,network,1,6,3,1030,131,999,1,0.583,loyal,1
C1123,sub_1123,999,card,insufficient_funds,3,4,6,1217,40,999,21,0.385,standard,0
C1124,sub_1124,499,card,network,5,12,4,146,645,499,14,0.684,new,1
C1125,sub_1125,999,card,insufficient_funds,5,10,3,1320,4,999,1,0.688,loyal,0
C1126,sub_1126,999,card,insufficient_funds,3,2,5,804,787,999,4,0.3,new,0
C1127,sub_1127,299,card,network,1,13,1,928,19,299,3,0.824,loyal,1
C1128,sub_1128,1499,netbanking,network,2,9,4,85,619,1499,19,0.625,standard,1
C1129,sub_1129,1499,netbanking,card_expired,3,4,3,923,407,1499,15,0.5,standard,0
C1130,sub_1130,2499,card,network,4,7,1,687,581,2499,8,0.727,standard,1
C1131,sub_1131,299,card,technical,5,2,4,563,561,299,11,0.333,standard,0
C1132,sub_1132,499,card,card_expired,1,0,5,1172,400,499,7,0.125,standard,0
C1133,sub_1133,999,card,insufficient_funds,2,5,5,381,433,999,8,0.462,enterprise,0
C1134,sub_1134,4999,netbanking,card_expired,2,10,5,99,453,4999,14,0.611,standard,0
C1135,sub_1135,499,card,network,5,4,5,753,609,499,4,0.417,enterprise,0
C1136,sub_1136,4999,card,technical,1,5,3,1118,639,4999,16,0.545,standard,1
C1137,sub_1137,4999,card,insufficient_funds,2,13,0,209,405,4999,20,0.875,new,0
C1138,sub_1138,299,card,bank_decline,2,13,6,1477,317,299,21,0.636,standard,0
C1139,sub_1139,799,upi,network,1,6,3,1011,39,799,3,0.583,enterprise,0
C1140,sub_1140,499,upi,insufficient_funds,4,0,4,1401,701,499,9,0.143,standard,0
C1141,sub_1141,999,card,insufficient_funds,3,9,0,710,204,999,5,0.833,loyal,1
C1142,sub_1142,4999,card,technical,3,10,6,193,391,4999,13,0.579,standard,0
C1143,sub_1143,799,netbanking,card_expired,5,12,6,274,893,799,7,0.619,loyal,0
C1144,sub_1144,1499,card,insufficient_funds,3,13,6,755,706,1499,8,0.636,loyal,0
C1145,sub_1145,299,upi,network,2,8,1,886,311,299,3,0.75,standard,0
C1146,sub_1146,999,netbanking,insufficient_funds,2,1,5,1103,427,999,12,0.222,standard,0
C1147,sub_1147,799,card,insufficient_funds,5,3,4,1195,292,799,11,0.4,standard,0
C1148,sub_1148,4999,netbanking,insufficient_funds,3,10,1,1146,563,4999,12,0.786,enterprise,0
C1149,sub_1149,2499,card,network,1,8,3,887,138,2499,7,0.643,standard,1
C1150,sub_1150,499,upi,bank_decline,4,6,3,36,857,499,16,0.583,standard,0
C1151,sub_1151,1499,card,technical,4,5,4,799,888,1499,13,0.5,loyal,0
C1152,sub_1152,799,card,network,2,9,0,1230,269,799,3,0.833,standard,1
C1153,sub_1153,999,card,card_expired,3,5,3,1273,208,999,8,0.545,standard,0
C1154,sub_1154,999,card,network,3,2,4,1253,485,999,14,0.333,standard,0
C1155,sub_1155,2499,card,card_expired,1,13,5,26,582,2499,2,0.667,standard,0
C1156,sub_1156,799,card,insufficient_funds,1,4,5,658,579,799,7,0.417,standard,0
C1157,sub_1157,299,card,card_expired,4,3,4,928,38,299,19,0.4,new,0
C1158,sub_1158,499,card,bank_decline,4,0,4,378,640,499,9,0.143,loyal,0
C1159,sub_1159,2499,card,bank_decline,4,6,0,620,60,2499,11,0.778,standard,0
C1160,sub_1160,799,netbanking,network,2,13,5,155,308,799,14,0.667,loyal,1
C1161,sub_1161,299,netbanking,technical,3,2,2,298,645,299,7,0.429,standard,0
C1162,sub_1162,799,card,network,5,3,3,18,798,799,18,0.444,enterprise,1
C1163,sub_1163,4999,card,network,2,2,3,1469,572,4999,0,0.375,standard,0
C1164,sub_1164,4999,upi,card_expired,4,1,6,1290,144,4999,10,0.2,standard,0
C1165,sub_1165,4999,upi,insufficient_funds,1,8,2,611,612,4999,13,0.692,enterprise,1
C1166,sub_1166,1499,card,bank_decline,1,4,2,16,34,1499,5,0.556,standard,0
C1167,sub_1167,2499,upi,bank_decline,5,10,5,509,208,2499,17,0.611,enterprise,0
C1168,sub_1168,2499,card,insufficient_funds,1,5,4,656,112,2499,1,0.5,standard,0
C1169,sub_1169,299,card,technical,4,8,2,261,886,299,14,0.692,standard,0
C1170,sub_1170,799,upi,insufficient_funds,3,1,2,995,332,799,13,0.333,standard,0
C1171,sub_1171,999,upi,insufficient_funds,5,4,5,1496,502,999,17,0.417,loyal,0
C1172,sub_1172,999,upi,network,3,5,5,1267,711,999,4,0.462,standard,0
C1173,sub_1173,2499,card,technical,4,0,1,1285,872,2499,3,0.25,loyal,0
C1174,sub_1174,4999,card,network,5,5,2,1248,895,4999,12,0.6,new,0
C1175,sub_1175,999,card,network,5,6,5,114,148,999,21,0.5,standard,0
C1176,sub_1176,299,card,insufficient_funds,4,5,0,831,355,299,17,0.75,loyal,0
C1177,sub_1177,799,card,technical,1,7,1,852,365,799,4,0.727,enterprise,1
C1178,sub_1178,499,card,technical,1,11,1,160,716,499,8,0.8,standard,1
C1179,sub_1179,999,card,bank_decline,3,10,3,229,302,999,5,0.688,new,0
C1180,sub_1180,499,upi,technical,4,0,3,852,208,499,17,0.167,new,0
C1181,sub_1181,299,card,technical,4,8,2,1076,679,299,11,0.692,new,1
C1182,sub_1182,499,card,insufficient_funds,4,12,0,321,446,499,9,0.867,loyal,0
C1183,sub_1183,999,upi,insufficient_funds,1,12,4,731,673,999,0,0.684,standard,0
C1184,sub_1184,299,card,bank_decline,1,4,5,122,342,299,13,0.417,standard,0
C1185,sub_1185,299,upi,card_expired,1,10,1,174,438,299,9,0.786,loyal,1
C1186,sub_1186,499,card,insufficient_funds,3,11,4,874,9,499,0,0.667,loyal,0
C1187,sub_1187,1499,card,network,4,5,5,839,15,1499,4,0.462,standard,1
C1188,sub_1188,1499,netbanking,bank_decline,1,12,3,1127,1,1499,15,0.722,loyal,1
C1189,sub_1189,799,card,network,5,8,4,1366,158,799,16,0.6,standard,0
C1190,sub_1190,1499,card,technical,2,10,1,293,313,1499,10,0.786,standard,1
C1191,sub_1191,499,upi,network,4,10,6,518,46,499,16,0.579,loyal,1
C1192,sub_1192,2499,card,network,4,10,6,1285,145,2499,16,0.579,new,0
C1193,sub_1193,299,upi,bank_decline,1,13,4,85,762,299,13,0.7,enterprise,0
C1194,sub_1194,299,netbanking,network,5,12,6,1244,769,299,4,0.619,standard,1
C1195,sub_1195,4999,netbanking,network,5,5,4,1418,261,4999,9,0.5,loyal,0
C1196,sub_1196,999,card,card_expired,5,7,4,158,851,999,17,0.571,new,0
C1197,sub_1197,999,card,bank_decline,1,9,5,221,107,999,6,0.588,standard,0
C1198,sub_1198,799,upi,network,2,11,0,1029,29,799,14,0.857,loyal,1
C1199,sub_1199,1499,card,insufficient_funds,2,5,1,717,319,1499,18,0.667,loyal,0
C1200,sub_1200,2499,card,bank_decline,3,4,1,1481,238,2499,11,0.625,loyal,0
C1201,sub_1201,2499,card,technical,5,10,4,821,70,2499,11,0.647,standard,0
C1202,sub_1202,499,card,insufficient_funds,4,13,1,986,762,499,4,0.824,standard,0
C1203,sub_1203,1499,card,network,4,12,2,363,880,1499,10,0.765,standard,0
C1204,sub_1204,2499,card,network,3,2,3,493,244,2499,0,0.375,standard,0
C1205,sub_1205,799,card,network,5,12,5,274,284,799,2,0.65,standard,1
C1206,sub_1206,799,card,network,5,11,3,228,646,799,11,0.706,loyal,0
C1207,sub_1207,1499,netbanking,card_expired,5,2,0,178,839,1499,4,0.6,standard,0
C1208,sub_1208,1499,card,network,5,0,4,1340,258,1499,7,0.143,standard,0
C1209,sub_1209,499,card,insufficient_funds,4,2,2,114,614,499,7,0.429,loyal,0
C1210,sub_1210,4999,card,card_expired,1,13,0,779,21,4999,10,0.875,enterprise,0
C1211,sub_1211,999,card,card_expired,2,10,4,767,509,999,15,0.647,standard,0
C1212,sub_1212,999,netbanking,network,4,8,1,93,888,999,9,0.75,loyal,1
C1213,sub_1213,499,netbanking,bank_decline,2,8,3,1264,428,499,18,0.643,loyal,0
C1214,sub_1214,1499,card,bank_decline,1,5,6,756,577,1499,10,0.429,standard,0
C1215,sub_1215,4999,card,bank_decline,5,12,1,198,618,4999,21,0.812,loyal,0
C1216,sub_1216,2499,card,network,3,2,6,201,569,2499,21,0.273,enterprise,0
C1217,sub_1217,999,card,network,5,4,3,1053,617,999,9,0.5,loyal,1
C1218,sub_1218,1499,card,technical,2,2,6,933,798,1499,16,0.273,new,0
C1219,sub_1219,499,card,insufficient_funds,2,11,5,624,10,499,9,0.632,standard,1
C1220,sub_1220,299,card,insufficient_funds,2,7,5,613,796,299,19,0.533,loyal,0
C1221,sub_1221,1499,card,insufficient_funds,2,9,1,62,817,1499,16,0.769,standard,0
C1222,sub_1222,499,card,card_expired,3,12,5,57,813,499,7,0.65,new,0
C1223,sub_1223,299,card,technical,2,2,2,808,331,299,7,0.429,new,0
C1224,sub_1224,2499,card,insufficient_funds,5,13,6,551,525,2499,19,0.636,loyal,0
C1225,sub_1225,999,card,technical,2,1,6,385,318,999,11,0.2,standard,0
C1226,sub_1226,2499,card,network,3,10,4,574,756,2499,15,0.647,enterprise,0
C1227,sub_1227,4999,card,card_expired,5,9,6,911,366,4999,14,0.556,standard,0
C1228,sub_1228,299,card,card_expired,3,11,3,446,282,299,3,0.706,loyal,0
C1229,sub_1229,2499,card,network,1,2,0,530,617,2499,5,0.6,new,0
C1230,sub_1230,799,upi,network,1,13,6,431,45,799,19,0.636,loyal,0
C1231,sub_1231,1499,netbanking,insufficient_funds,3,11,3,1003,339,1499,6,0.706,loyal,0
C1232,sub_1232,299,card,technical,4,1,0,91,186,299,19,0.5,standard,0
C1233,sub_1233,999,card,card_expired,5,7,0,1378,337,999,7,0.8,standard,0
C1234,sub_1234,1499,upi,technical,1,11,5,836,404,1499,18,0.632,loyal,1
C1235,sub_1235,999,upi,bank_decline,3,6,6,374,58,999,12,0.467,loyal,0
C1236,sub_1236,999,card,insufficient_funds,2,5,4,1141,778,999,2,0.5,standard,0
C1237,sub_1237,299,card,bank_decline,3,3,3,1410,375,299,5,0.444,standard,0
C1238,sub_1238,299,card,network,3,7,2,96,323,299,20,0.667,loyal,1
C1239,sub_1239,1499,card,network,2,13,2,314,135,1499,4,0.778,loyal,1
C1240,sub_1240,799,card,bank_decline,1,8,2,224,896,799,5,0.692,standard,0
C1241,sub_1241,1499,card,bank_decline,1,10,1,115,770,1499,3,0.786,standard,0
C1242,sub_1242,799,card,network,3,10,0,1110,434,799,13,0.846,new,1
C1243,sub_1243,299,card,insufficient_funds,2,10,3,297,301,299,17,0.688,loyal,1
C1244,sub_1244,1499,card,card_expired,2,5,1,581,421,1499,20,0.667,loyal,0
C1245,sub_1245,299,upi,bank_decline,1,10,1,1224,864,299,19,0.786,standard,0
C1246,sub_1246,2499,card,card_expired,1,4,1,921,200,2499,19,0.625,standard,0
C1247,sub_1247,299,card,insufficient_funds,1,8,5,1019,616,299,19,0.562,standard,0
C1248,sub_1248,4999,card,insufficient_funds,2,4,4,155,813,4999,12,0.455,new,0
C1249,sub_1249,499,upi,insufficient_funds,1,13,3,1456,680,499,18,0.737,enterprise,1
C1250,sub_1250,4999,card,card_expired,2,10,4,133,783,4999,13,0.647,loyal,0
C1251,sub_1251,299,card,bank_decline,2,8,3,1067,853,299,3,0.643,standard,1
C1252,sub_1252,999,card,insufficient_funds,2,6,3,962,54,999,0,0.583,new,0
C1253,sub_1253,799,upi,network,1,7,5,624,215,799,2,0.533,new,1
C1254,sub_1254,499,upi,network,1,10,5,1258,130,499,7,0.611,loyal,1
C1255,sub_1255,999,netbanking,bank_decline,5,3,1,1339,510,999,10,0.571,standard,0
C1256,sub_1256,499,card,bank_decline,4,11,5,114,367,499,14,0.632,standard,0
C1257,sub_1257,999,card,network,1,3,1,1437,37,999,11,0.571,enterprise,1
C1258,sub_1258,799,card,network,2,1,0,369,502,799,8,0.5,standard,0
C1259,sub_1259,499,card,card_expired,2,10,2,1189,91,499,16,0.733,loyal,1
C1260,sub_1260,2499,upi,network,5,9,2,1232,367,2499,18,0.714,new,0
C1261,sub_1261,999,card,bank_decline,5,4,5,839,330,999,4,0.417,standard,0
C1262,sub_1262,2499,card,insufficient_funds,4,9,4,1296,804,2499,5,0.625,loyal,0
C1263,sub_1263,2499,netbanking,network,1,10,0,1240,614,2499,20,0.846,loyal,1
C1264,sub_1264,499,card,technical,3,11,3,788,562,499,21,0.706,loyal,0
C1265,sub_1265,799,card,network,3,13,5,276,748,799,6,0.667,standard,0
C1266,sub_1266,4999,card,insufficient_funds,4,11,5,657,163,4999,11,0.632,standard,0
C1267,sub_1267,799,upi,network,5,6,3,1351,231,799,12,0.583,standard,0
C1268,sub_1268,299,netbanking,network,2,3,4,312,677,299,13,0.4,new,1
C1269,sub_1269,999,card,network,3,1,3,1499,674,999,19,0.286,standard,0
C1270,sub_1270,4999,netbanking,network,2,8,1,280,20,4999,2,0.75,standard,1
C1271,sub_1271,499,netbanking,network,2,9,3,1001,202,499,11,0.667,new,1
C1272,sub_1272,1499,upi,network,2,9,4,965,205,1499,4,0.625,standard,0
C1273,sub_1273,799,upi,card_expired,4,0,0,301,6,799,16,0.333,new,0
C1274,sub_1274,799,card,card_expired,3,9,4,713,595,799,13,0.625,standard,0
C1275,sub_1275,999,upi,insufficient_funds,4,11,1,225,49,999,16,0.8,loyal,0
C1276,sub_1276,499,card,insufficient_funds,4,10,0,553,757,499,19,0.846,enterprise,0
C1277,sub_1277,799,upi,insufficient_funds,2,7,5,1439,527,799,17,0.533,new,0
C1278,sub_1278,499,card,bank_decline,5,0,2,90,685,499,18,0.2,standard,0
C1279,sub_1279,2499,upi,bank_decline,1,6,2,1308,447,2499,17,0.636,loyal,1
C1280,sub_1280,499,netbanking,network,5,9,4,1019,873,499,13,0.625,new,0
C1281,sub_1281,2499,card,network,1,7,3,1125,244,2499,8,0.615,loyal,1
C1282,sub_1282,299,netbanking,network,2,8,4,430,502,299,7,0.6,new,0
C1283,sub_1283,799,card,network,5,7,6,1424,6,799,7,0.5,standard,1
C1284,sub_1284,499,card,card_expired,4,7,4,387,749,499,13,0.571,standard,0
C1285,sub_1285,999,card,insufficient_funds,2,4,0,760,511,999,17,0.714,loyal,0
C1286,sub_1286,2499,upi,network,5,8,1,64,159,2499,8,0.75,standard,0
C1287,sub_1287,4999,card,insufficient_funds,1,3,3,1332,736,4999,12,0.444,new,0
C1288,sub_1288,2499,card,insufficient_funds,4,6,3,1059,890,2499,9,0.583,standard,0
C1289,sub_1289,999,card,network,3,5,2,252,62,999,13,0.6,standard,1
C1290,sub_1290,999,card,bank_decline,2,9,1,996,761,999,18,0.769,enterprise,0
C1291,sub_1291,4999,card,network,5,12,0,282,663,4999,9,0.867,standard,1
C1292,sub_1292,4999,upi,technical,4,8,1,672,319,4999,8,0.75,new,0
C1293,sub_1293,2499,upi,network,1,1,6,773,571,2499,4,0.2,standard,0
C1294,sub_1294,499,upi,bank_decline,1,9,2,1397,707,499,10,0.714,standard,1
C1295,sub_1295,499,card,technical,1,4,6,505,431,499,10,0.385,loyal,0
C1296,sub_1296,499,netbanking,technical,3,0,2,29,600,499,3,0.2,loyal,1
C1297,sub_1297,499,card,bank_decline,3,2,2,654,44,499,21,0.429,new,0
C1298,sub_1298,4999,card,bank_decline,4,13,3,1390,832,4999,18,0.737,standard,0
C1299,sub_1299,499,card,card_expired,4,5,6,1199,831,499,6,0.429,standard,0
C1300,sub_1300,2499,card,bank_decline,1,2,3,98,190,2499,20,0.375,standard,0
C1301,sub_1301,2499,card,network,3,1,0,89,430,2499,5,0.5,standard,0
C1302,sub_1302,999,upi,insufficient_funds,4,9,1,1137,215,999,9,0.769,standard,0
C1303,sub_1303,799,card,insufficient_funds,5,10,6,1084,360,799,2,0.579,standard,0
C1304,sub_1304,499,card,bank_decline,2,4,1,840,248,499,13,0.625,standard,0
C1305,sub_1305,1499,upi,insufficient_funds,1,1,5,141,775,1499,10,0.222,standard,0
C1306,sub_1306,1499,netbanking,insufficient_funds,1,4,6,427,625,1499,5,0.385,loyal,1
C1307,sub_1307,999,card,card_expired,2,9,1,1272,761,999,6,0.769,standard,0
C1308,sub_1308,999,card,network,3,1,3,217,713,999,20,0.286,loyal,0
C1309,sub_1309,2499,card,network,2,3,4,310,654,2499,15,0.4,standard,0
C1310,sub_1310,2499,card,insufficient_funds,1,0,5,683,150,2499,3,0.125,standard,0
C1311,sub_1311,2499,card,insufficient_funds,2,6,5,1105,746,2499,2,0.5,standard,0
C1312,sub_1312,499,card,network,2,2,0,1244,704,499,1,0.6,standard,1
C1313,sub_1313,299,upi,insufficient_funds,3,2,2,891,112,299,5,0.429,standard,0
C1314,sub_1314,999,card,insufficient_funds,1,1,6,743,79,999,16,0.2,standard,0
C1315,sub_1315,799,card,insufficient_funds,4,10,2,584,685,799,1,0.733,new,0
C1316,sub_1316,799,card,insufficient_funds,3,6,1,75,351,799,5,0.7,standard,0
C1317,sub_1317,999,netbanking,card_expired,2,13,4,408,295,999,0,0.7,new,0
C1318,sub_1318,4999,card,insufficient_funds,5,5,1,329,357,4999,14,0.667,standard,0
C1319,sub_1319,2499,card,technical,4,3,1,95,780,2499,17,0.571,standard,0
C1320,sub_1320,1499,card,technical,1,2,5,1120,327,1499,11,0.3,standard,0
C1321,sub_1321,1499,upi,insufficient_funds,1,13,0,536,333,1499,19,0.875,enterprise,1
C1322,sub_1322,799,upi,insufficient_funds,1,8,6,769,359,799,15,0.529,loyal,0
C1323,sub_1323,999,card,insufficient_funds,3,4,1,308,49,999,16,0.625,enterprise,0
C1324,sub_1324,999,card,bank_decline,2,9,0,890,34,999,6,0.833,enterprise,0
C1325,sub_1325,2499,card,card_expired,2,7,5,212,373,2499,19,0.533,new,0
C1326,sub_1326,4999,card,bank_decline,3,1,1,1019,16,4999,13,0.4,standard,0
C1327,sub_1327,999,netbanking,insufficient_funds,3,9,2,1110,681,999,1,0.714,standard,1
C1328,sub_1328,2499,card,card_expired,1,1,2,474,382,2499,1,0.333,new,0
C1329,sub_1329,299,card,insufficient_funds,1,2,3,326,451,299,19,0.375,loyal,0
C1330,sub_1330,799,upi,bank_decline,4,9,3,1172,303,799,6,0.667,loyal,0
C1331,sub_1331,4999,upi,network,5,6,1,342,687,4999,10,0.7,standard,1
C1332,sub_1332,1499,card,card_expired,5,3,1,275,385,1499,16,0.571,loyal,0
C1333,sub_1333,999,card,bank_decline,5,0,1,517,32,999,16,0.25,loyal,0
C1334,sub_1334,499,card,network,3,8,0,1450,439,499,0,0.818,standard,1
C1335,sub_1335,2499,upi,card_expired,5,9,4,699,160,2499,13,0.625,new,0
C1336,sub_1336,4999,upi,network,5,2,3,401,535,4999,20,0.375,enterprise,0
C1337,sub_1337,799,upi,bank_decline,5,5,0,775,507,799,7,0.75,standard,0
C1338,sub_1338,2499,upi,network,1,4,2,529,427,2499,11,0.556,standard,1
C1339,sub_1339,1499,card,technical,1,12,4,1000,347,1499,5,0.684,new,1
C1340,sub_1340,799,card,network,3,11,1,663,536,799,15,0.8,loyal,0
C1341,sub_1341,799,card,technical,3,3,2,886,612,799,2,0.5,loyal,1
C1342,sub_1342,999,upi,bank_decline,5,7,5,660,790,999,11,0.533,standard,0
C1343,sub_1343,799,card,card_expired,2,12,4,727,866,799,9,0.684,enterprise,0
C1344,sub_1344,1499,card,bank_decline,5,4,4,676,75,1499,14,0.455,standard,0
C1345,sub_1345,499,card,bank_decline,5,1,2,596,594,499,10,0.333,enterprise,0
C1346,sub_1346,999,upi,technical,5,4,3,1446,77,999,21,0.5,standard,0
C1347,sub_1347,2499,upi,network,1,8,5,406,376,2499,21,0.562,loyal,0
C1348,sub_1348,2499,upi,card_expired,2,13,6,1210,667,2499,6,0.636,loyal,0
C1349,sub_1349,499,card,network,2,4,0,1067,488,499,0,0.714,loyal,1
C1350,sub_1350,1499,netbanking,card_expired,4,0,5,796,727,1499,10,0.125,standard,0
C1351,sub_1351,799,upi,network,4,2,6,483,821,799,12,0.273,loyal,0
C1352,sub_1352,2499,upi,card_expired,3,5,6,730,876,2499,16,0.429,standard,0
C1353,sub_1353,799,upi,card_expired,1,1,1,1275,606,799,11,0.4,new,0
C1354,sub_1354,1499,netbanking,insufficient_funds,3,0,3,281,606,1499,12,0.167,standard,0
C1355,sub_1355,999,netbanking,insufficient_funds,4,9,0,883,723,999,0,0.833,standard,1
C1356,sub_1356,499,card,bank_decline,3,11,0,1149,210,499,16,0.857,standard,1
C1357,sub_1357,1499,card,bank_decline,2,3,3,954,272,1499,7,0.444,standard,0
C1358,sub_1358,1499,card,insufficient_funds,3,7,1,224,307,1499,8,0.727,new,0
C1359,sub_1359,1499,upi,card_expired,4,8,1,768,670,1499,9,0.75,new,0
C1360,sub_1360,2499,upi,technical,3,9,2,282,316,2499,1,0.714,loyal,0
C1361,sub_1361,1499,card,network,5,13,3,1393,126,1499,10,0.737,standard,0
C1362,sub_1362,2499,card,network,2,12,1,534,718,2499,8,0.812,standard,1
C1363,sub_1363,799,netbanking,network,4,4,5,638,675,799,5,0.417,standard,0
C1364,sub_1364,999,netbanking,card_expired,5,13,4,1287,535,999,5,0.7,standard,0
C1365,sub_1365,999,netbanking,insufficient_funds,2,0,5,646,793,999,0,0.125,standard,0
C1366,sub_1366,1499,card,bank_decline,2,13,6,298,712,1499,19,0.636,standard,0
C1367,sub_1367,299,upi,card_expired,1,1,4,1340,810,299,6,0.25,loyal,0
C1368,sub_1368,2499,upi,insufficient_funds,2,1,2,975,234,2499,19,0.333,enterprise,0
C1369,sub_1369,999,card,technical,1,1,6,911,105,999,18,0.2,standard,0
C1370,sub_1370,999,card,bank_decline,4,1,3,122,308,999,10,0.286,new,0
C1371,sub_1371,4999,netbanking,network,1,6,3,679,747,4999,17,0.583,standard,0
C1372,sub_1372,999,card,insufficient_funds,4,8,2,694,832,999,4,0.692,standard,1
C1373,sub_1373,999,card,insufficient_funds,3,10,0,400,99,999,3,0.846,standard,0
C1374,sub_1374,999,upi,network,5,0,6,851,770,999,19,0.111,standard,0
C1375,sub_1375,4999,upi,network,2,4,5,375,431,4999,14,0.417,standard,0
C1376,sub_1376,499,card,technical,2,1,4,711,736,499,15,0.25,standard,0
C1377,sub_1377,499,upi,insufficient_funds,2,2,1,1204,614,499,20,0.5,loyal,0
C1378,sub_1378,299,card,insufficient_funds,3,10,6,1105,54,299,0,0.579,standard,0
C1379,sub_1379,2499,upi,bank_decline,2,8,1,426,436,2499,3,0.75,standard,1
C1380,sub_1380,299,card,card_expired,1,2,1,319,80,299,21,0.5,loyal,0
C1381,sub_1381,1499,upi,technical,5,4,0,18,306,1499,2,0.714,standard,0
C1382,sub_1382,4999,upi,bank_decline,4,12,2,524,682,4999,9,0.765,new,0
C1383,sub_1383,1499,card,insufficient_funds,1,8,2,38,615,1499,0,0.692,new,1
C1384,sub_1384,499,card,insufficient_funds,4,3,5,201,634,499,7,0.364,loyal,0
C1385,sub_1385,1499,upi,technical,2,13,2,1467,595,1499,3,0.778,standard,1
C1386,sub_1386,999,card,bank_decline,1,2,6,1284,14,999,5,0.273,standard,0
C1387,sub_1387,299,card,technical,3,4,2,844,525,299,17,0.556,new,0
C1388,sub_1388,499,card,network,4,9,3,1164,437,499,6,0.667,new,0
C1389,sub_1389,2499,netbanking,bank_decline,1,7,4,738,476,2499,17,0.571,standard,1
C1390,sub_1390,999,card,card_expired,2,0,5,905,192,999,19,0.125,standard,0
C1391,sub_1391,999,card,network,5,11,5,1377,635,999,11,0.632,standard,1
C1392,sub_1392,2499,netbanking,card_expired,2,3,6,127,547,2499,11,0.333,standard,0
C1393,sub_1393,999,card,card_expired,1,9,6,534,363,999,7,0.556,loyal,1
C1394,sub_1394,4999,card,network,3,4,0,187,51,4999,14,0.714,standard,0
C1395,sub_1395,299,card,insufficient_funds,4,10,0,1194,62,299,17,0.846,standard,0
C1396,sub_1396,799,card,bank_decline,5,12,3,1235,323,799,18,0.722,standard,0
C1397,sub_1397,499,card,insufficient_funds,4,10,1,1085,484,499,4,0.786,standard,0
C1398,sub_1398,799,upi,insufficient_funds,1,12,3,917,897,799,15,0.722,standard,1
C1399,sub_1399,4999,card,insufficient_funds,5,7,4,720,651,4999,3,0.571,new,0
C1400,sub_1400,799,upi,insufficient_funds,4,0,1,45,437,799,10,0.25,loyal,0
C1401,sub_1401,799,card,technical,4,7,0,1164,269,799,1,0.8,standard,0
C1402,sub_1402,299,card,bank_decline,5,6,6,1342,152,299,12,0.467,standard,0
C1403,sub_1403,799,card,network,4,10,2,1449,127,799,18,0.733,loyal,0
C1404,sub_1404,499,card,technical,2,3,5,519,65,499,17,0.364,standard,0
C1405,sub_1405,499,upi,bank_decline,3,9,4,308,820,499,15,0.625,new,0
C1406,sub_1406,299,card,insufficient_funds,3,6,4,984,15,299,12,0.538,loyal,0
C1407,sub_1407,1499,card,bank_decline,3,9,5,36,777,1499,13,0.588,standard,0
C1408,sub_1408,1499,card,network,4,5,1,99,525,1499,2,0.667,standard,0
C1409,sub_1409,2499,upi,technical,4,5,1,1233,556,2499,16,0.667,standard,1
C1410,sub_1410,299,card,card_expired,1,2,6,1435,862,299,14,0.273,standard,0
C1411,sub_1411,4999,upi,card_expired,3,11,4,611,708,4999,3,0.667,standard,0
C1412,sub_1412,999,card,network,1,0,2,766,133,999,13,0.2,loyal,1
C1413,sub_1413,999,card,technical,3,3,4,821,871,999,8,0.4,loyal,1
C1414,sub_1414,4999,upi,network,3,5,2,216,159,4999,11,0.6,standard,1
C1415,sub_1415,499,card,network,2,2,6,341,512,499,17,0.273,loyal,0
C1416,sub_1416,999,card,network,5,12,3,454,576,999,7,0.722,loyal,0
C1417,sub_1417,299,netbanking,bank_decline,2,4,2,1264,220,299,20,0.556,new,0
C1418,sub_1418,999,card,network,1,3,4,662,567,999,9,0.4,standard,1
C1419,sub_1419,499,card,technical,2,3,5,1084,575,499,11,0.364,new,0
C1420,sub_1420,499,card,card_expired,4,2,2,299,881,499,0,0.429,standard,0
C1421,sub_1421,1499,card,network,1,9,5,1430,823,1499,2,0.588,loyal,0
C1422,sub_1422,299,upi,network,3,6,1,1326,360,299,6,0.7,loyal,0
C1423,sub_1423,4999,card,network,3,3,1,718,621,4999,21,0.571,loyal,0
C1424,sub_1424,499,netbanking,card_expired,5,12,5,346,739,499,5,0.65,standard,0
C1425,sub_1425,299,upi,bank_decline,1,9,4,1465,24,299,8,0.625,new,1
C1426,sub_1426,999,netbanking,network,1,5,0,1214,616,999,18,0.75,new,1
C1427,sub_1427,799,upi,bank_decline,3,7,4,771,825,799,7,0.571,standard,0
C1428,sub_1428,1499,netbanking,network,1,9,2,408,109,1499,17,0.714,standard,1
C1429,sub_1429,1499,card,bank_decline,4,2,1,935,678,1499,2,0.5,standard,0
C1430,sub_1430,1499,card,technical,2,11,2,561,55,1499,2,0.75,standard,1
C1431,sub_1431,1499,card,bank_decline,3,3,3,1014,362,1499,0,0.444,new,0
C1432,sub_1432,2499,upi,card_expired,1,0,6,1250,737,2499,2,0.111,new,0
C1433,sub_1433,1499,card,bank_decline,4,7,3,739,888,1499,13,0.615,new,0
C1434,sub_1434,299,upi,network,3,12,2,81,655,299,1,0.765,loyal,1
C1435,sub_1435,999,card,network,1,10,5,848,649,999,13,0.611,standard,0
C1436,sub_1436,1499,upi,network,2,4,3,1289,233,1499,13,0.5,new,0
C1437,sub_1437,499,card,insufficient_funds,1,5,0,342,743,499,5,0.75,standard,0
C1438,sub_1438,4999,netbanking,bank_decline,1,8,4,1439,593,4999,0,0.6,standard,0
C1439,sub_1439,999,card,card_expired,4,3,3,549,848,999,3,0.444,standard,0
C1440,sub_1440,799,card,bank_decline,3,11,4,1029,542,799,3,0.667,loyal,1
C1441,sub_1441,799,upi,network,5,4,1,1055,36,799,11,0.625,standard,1
C1442,sub_1442,1499,upi,bank_decline,2,3,3,281,460,1499,20,0.444,new,0
C1443,sub_1443,1499,upi,network,4,1,4,68,697,1499,9,0.25,standard,0
C1444,sub_1444,499,netbanking,network,4,9,4,1423,709,499,13,0.625,new,1
C1445,sub_1445,499,card,bank_decline,4,0,4,1053,348,499,6,0.143,loyal,0
C1446,sub_1446,299,upi,technical,5,11,6,950,154,299,2,0.6,standard,1
C1447,sub_1447,999,card,card_expired,4,13,3,462,782,999,4,0.737,standard,0
C1448,sub_1448,4999,card,network,4,1,3,171,741,4999,10,0.286,standard,0
C1449,sub_1449,4999,card,card_expired,4,1,3,415,791,4999,18,0.286,standard,0
C1450,sub_1450,999,card,network,3,13,2,826,603,999,5,0.778,standard,1
C1451,sub_1451,999,card,technical,4,1,2,1043,745,999,21,0.333,standard,0
C1452,sub_1452,999,upi,bank_decline,5,5,4,485,363,999,14,0.5,loyal,0
C1453,sub_1453,499,card,network,4,12,2,330,701,499,7,0.765,loyal,0
C1454,sub_1454,799,netbanking,network,4,1,5,381,439,799,13,0.222,standard,0
C1455,sub_1455,4999,card,network,1,9,5,1442,715,4999,15,0.588,loyal,1
C1456,sub_1456,1499,card,technical,3,5,6,949,132,1499,15,0.429,new,0
C1457,sub_1457,499,upi,insufficient_funds,1,6,0,1486,267,499,19,0.778,standard,0
C1458,sub_1458,299,card,bank_decline,1,13,2,19,193,299,14,0.778,new,0
C1459,sub_1459,2499,card,card_expired,2,9,5,692,366,2499,0,0.588,standard,1
C1460,sub_1460,4999,upi,card_expired,3,4,3,691,733,4999,8,0.5,standard,0
C1461,sub_1461,299,card,network,3,13,4,608,104,299,19,0.7,loyal,1
C1462,sub_1462,799,card,technical,5,8,5,593,657,799,4,0.562,standard,0
C1463,sub_1463,2499,upi,insufficient_funds,4,1,6,127,747,2499,10,0.2,standard,0
C1464,sub_1464,499,card,card_expired,3,5,1,57,604,499,11,0.667,new,0
C1465,sub_1465,499,upi,card_expired,2,3,1,1169,581,499,12,0.571,new,0
C1466,sub_1466,799,upi,card_expired,4,8,3,666,125,799,19,0.643,standard,0
C1467,sub_1467,799,card,technical,2,12,3,252,551,799,11,0.722,new,1
C1468,sub_1468,999,card,network,5,0,6,527,204,999,0,0.111,standard,0
C1469,sub_1469,4999,card,insufficient_funds,4,10,0,1400,222,4999,5,0.846,new,1
C1470,sub_1470,4999,upi,insufficient_funds,4,12,1,706,775,4999,13,0.812,new,1
C1471,sub_1471,1499,card,insufficient_funds,2,13,6,1485,553,1499,17,0.636,standard,0
C1472,sub_1472,299,netbanking,network,4,9,4,250,894,299,14,0.625,enterprise,0
C1473,sub_1473,499,card,network,5,4,4,192,409,499,16,0.455,new,0
C1474,sub_1474,499,upi,network,1,2,1,850,322,499,5,0.5,loyal,1
C1475,sub_1475,299,card,insufficient_funds,1,13,4,1027,895,299,2,0.7,standard,1
C1476,sub_1476,799,card,insufficient_funds,3,5,2,1472,560,799,20,0.6,standard,0
C1477,sub_1477,299,card,card_expired,2,4,5,704,776,299,12,0.417,standard,0
C1478,sub_1478,1499,card,card_expired,4,10,0,308,40,1499,16,0.846,standard,0
C1479,sub_1479,499,netbanking,insufficient_funds,3,10,1,816,473,499,21,0.786,loyal,0
C1480,sub_1480,2499,card,insufficient_funds,5,11,4,467,735,2499,4,0.667,new,0
C1481,sub_1481,999,card,network,2,12,4,277,727,999,19,0.684,standard,1
C1482,sub_1482,4999,card,card_expired,2,12,5,141,643,4999,8,0.65,standard,0
C1483,sub_1483,999,card,insufficient_funds,1,2,5,1088,148,999,13,0.3,loyal,0
C1484,sub_1484,499,netbanking,network,2,2,0,967,492,499,8,0.6,standard,1
C1485,sub_1485,4999,netbanking,insufficient_funds,2,2,0,258,92,4999,4,0.6,enterprise,0
C1486,sub_1486,799,netbanking,insufficient_funds,4,8,2,842,721,799,19,0.692,standard,0
C1487,sub_1487,2499,card,network,2,8,6,1329,567,2499,7,0.529,standard,1
C1488,sub_1488,2499,card,card_expired,2,12,3,1228,175,2499,0,0.722,loyal,1
C1489,sub_1489,4999,upi,card_expired,2,11,6,686,654,4999,3,0.6,loyal,0
C1490,sub_1490,1499,card,bank_decline,3,11,0,95,647,1499,21,0.857,standard,0
C1491,sub_1491,999,upi,card_expired,4,1,6,955,48,999,18,0.2,loyal,0
C1492,sub_1492,799,card,card_expired,5,9,0,779,81,799,14,0.833,new,0
C1493,sub_1493,999,card,insufficient_funds,1,11,5,1383,181,999,17,0.632,enterprise,1
C1494,sub_1494,2499,upi,bank_decline,5,13,6,834,64,2499,14,0.636,loyal,0
C1495,sub_1495,999,card,insufficient_funds,2,4,2,1109,484,999,20,0.556,standard,0
C1496,sub_1496,299,netbanking,insufficient_funds,5,10,2,797,792,299,2,0.733,new,0
C1497,sub_1497,799,card,card_expired,1,5,4,815,57,799,1,0.5,standard,0
C1498,sub_1498,4999,card,insufficient_funds,4,2,5,482,553,4999,15,0.3,standard,0
C1499,sub_1499,499,card,insufficient_funds,5,4,0,609,382,499,21,0.714,standard,1
C1500,sub_1500,999,card,bank_decline,1,3,1,450,752,999,12,0.571,standard,0
C1501,sub_1501,2499,card,technical,4,12,5,698,434,2499,21,0.65,loyal,0
C1502,sub_1502,799,card,technical,1,2,5,1427,602,799,8,0.3,standard,0
C1503,sub_1503,1499,upi,insufficient_funds,5,1,1,519,829,1499,14,0.4,standard,0
C1504,sub_1504,2499,netbanking,insufficient_funds,4,8,6,700,123,2499,11,0.529,enterprise,1
C1505,sub_1505,799,card,bank_decline,5,8,6,1419,284,799,19,0.529,loyal,0
C1506,sub_1506,4999,card,insufficient_funds,5,7,6,235,243,4999,14,0.5,standard,0
C1507,sub_1507,999,card,bank_decline,2,2,1,386,152,999,9,0.5,standard,0
C1508,sub_1508,799,upi,insufficient_funds,3,6,4,744,583,799,5,0.538,standard,0
C1509,sub_1509,499,card,network,4,13,1,619,7,499,6,0.824,standard,1
C1510,sub_1510,499,card,network,1,1,1,518,347,499,1,0.4,new,0
C1511,sub_1511,999,card,bank_decline,2,11,0,1169,110,999,3,0.857,standard,1
C1512,sub_1512,499,card,network,1,1,3,753,554,499,11,0.286,standard,0
C1513,sub_1513,799,card,insufficient_funds,5,3,4,552,676,799,0,0.4,standard,0
C1514,sub_1514,1499,card,insufficient_funds,2,12,1,723,420,1499,10,0.812,loyal,1
C1515,sub_1515,4999,netbanking,network,3,4,1,1331,400,4999,0,0.625,loyal,0
C1516,sub_1516,1499,card,insufficient_funds,3,7,1,1476,405,1499,3,0.727,standard,1
C1517,sub_1517,999,card,bank_decline,2,5,1,372,179,999,15,0.667,new,0
C1518,sub_1518,1499,card,network,4,8,5,69,338,1499,0,0.562,new,0
C1519,sub_1519,799,card,bank_decline,5,5,1,56,839,799,7,0.667,standard,0
C1520,sub_1520,499,card,bank_decline,3,6,1,673,37,499,4,0.7,loyal,0
C1521,sub_1521,2499,card,insufficient_funds,5,11,2,946,708,2499,1,0.75,standard,0
C1522,sub_1522,299,card,network,1,7,1,86,149,299,4,0.727,new,1
C1523,sub_1523,4999,upi,card_expired,5,7,6,767,103,4999,2,0.5,new,0
C1524,sub_1524,999,card,network,1,11,1,605,257,999,1,0.8,standard,1
C1525,sub_1525,2499,netbanking,insufficient_funds,1,5,3,1400,242,2499,14,0.545,standard,0
C1526,sub_1526,299,card,technical,1,11,3,909,285,299,2,0.706,standard,1
C1527,sub_1527,999,card,technical,2,10,1,640,764,999,20,0.786,new,0
C1528,sub_1528,799,netbanking,bank_decline,5,12,3,884,814,799,10,0.722,standard,1
C1529,sub_1529,799,upi,insufficient_funds,2,6,1,212,623,799,8,0.7,loyal,1
C1530,sub_1530,999,card,card_expired,4,7,3,717,132,999,19,0.615,standard,0
C1531,sub_1531,1499,upi,bank_decline,3,1,0,501,851,1499,17,0.5,new,0
C1532,sub_1532,4999,card,insufficient_funds,1,1,3,279,762,4999,9,0.286,standard,0
C1533,sub_1533,2499,card,card_expired,3,1,2,595,69,2499,21,0.333,loyal,0
C1534,sub_1534,499,upi,network,2,8,2,962,349,499,11,0.692,new,1
C1535,sub_1535,4999,upi,network,2,4,0,878,698,4999,15,0.714,new,1
C1536,sub_1536,999,card,insufficient_funds,3,4,6,1446,81,999,21,0.385,standard,0
C1537,sub_1537,999,card,network,4,8,0,419,69,999,15,0.818,standard,0
C1538,sub_1538,299,card,network,3,5,1,1052,545,299,13,0.667,loyal,1
C1539,sub_1539,1499,card,bank_decline,2,1,0,829,303,1499,13,0.5,loyal,0
C1540,sub_1540,4999,netbanking,technical,4,7,6,1312,398,4999,14,0.5,new,0
C1541,sub_1541,799,card,card_expired,4,7,2,1362,675,799,21,0.667,loyal,0
C1542,sub_1542,4999,card,bank_decline,2,1,3,1064,490,4999,15,0.286,standard,0
C1543,sub_1543,299,card,technical,5,3,5,641,640,299,6,0.364,standard,0
C1544,sub_1544,4999,card,network,5,3,0,804,114,4999,0,0.667,standard,0
C1545,sub_1545,499,card,insufficient_funds,4,9,0,980,2,499,17,0.833,standard,0
C1546,sub_1546,999,netbanking,insufficient_funds,2,3,1,1210,227,999,10,0.571,loyal,0
C1547,sub_1547,299,upi,network,2,0,4,351,182,299,9,0.143,new,1
C1548,sub_1548,4999,upi,bank_decline,3,3,6,1310,292,4999,20,0.333,standard,0
C1549,sub_1549,999,card,insufficient_funds,1,6,4,1203,700,999,3,0.538,enterprise,0
C1550,sub_1550,4999,card,insufficient_funds,2,10,6,141,137,4999,0,0.579,standard,0
C1551,sub_1551,799,card,network,1,0,6,411,114,799,16,0.111,new,0
C1552,sub_1552,299,card,network,1,12,1,361,181,299,20,0.812,new,1
C1553,sub_1553,1499,card,technical,4,4,1,873,294,1499,18,0.625,standard,0
C1554,sub_1554,499,upi,network,1,4,1,320,178,499,19,0.625,loyal,0
C1555,sub_1555,1499,netbanking,network,3,0,5,457,166,1499,18,0.125,new,0
C1556,sub_1556,299,card,insufficient_funds,3,3,4,291,522,299,15,0.4,standard,0
C1557,sub_1557,499,card,insufficient_funds,1,6,6,110,101,499,20,0.467,standard,0
C1558,sub_1558,1499,upi,card_expired,5,8,3,694,139,1499,7,0.643,standard,0
C1559,sub_1559,1499,card,insufficient_funds,5,10,6,486,753,1499,16,0.579,new,0
C1560,sub_1560,499,netbanking,network,4,7,6,761,17,499,2,0.5,standard,0
C1561,sub_1561,499,card,network,4,1,5,325,56,499,11,0.222,standard,0
C1562,sub_1562,4999,card,bank_decline,2,5,5,436,63,4999,6,0.462,new,0
C1563,sub_1563,299,card,card_expired,5,10,0,1340,482,299,20,0.846,standard,0
C1564,sub_1564,499,netbanking,card_expired,4,8,5,1209,625,499,9,0.562,loyal,0
C1565,sub_1565,4999,card,card_expired,3,8,6,406,623,4999,4,0.529,loyal,0
C1566,sub_1566,999,upi,bank_decline,4,7,2,251,621,999,12,0.667,standard,0
C1567,sub_1567,299,card,network,5,7,5,1461,52,299,1,0.533,loyal,0
C1568,sub_1568,4999,card,insufficient_funds,4,13,2,1024,310,4999,2,0.778,standard,0
C1569,sub_1569,799,netbanking,insufficient_funds,1,8,1,743,570,799,9,0.75,enterprise,1
C1570,sub_1570,2499,card,insufficient_funds,2,8,5,1052,614,2499,13,0.562,enterprise,0
C1571,sub_1571,1499,card,bank_decline,1,4,1,339,301,1499,12,0.625,standard,0
C1572,sub_1572,799,card,insufficient_funds,2,6,3,647,762,799,1,0.583,standard,0
C1573,sub_1573,799,upi,bank_decline,5,9,6,593,750,799,14,0.556,new,1
C1574,sub_1574,999,card,bank_decline,1,12,1,1084,689,999,1,0.812,standard,0
C1575,sub_1575,799,card,insufficient_funds,5,10,1,283,718,799,17,0.786,standard,0
C1576,sub_1576,499,netbanking,technical,2,9,6,738,877,499,0,0.556,standard,0
C1577,sub_1577,2499,upi,card_expired,3,10,5,1252,714,2499,0,0.611,new,0
C1578,sub_1578,1499,upi,bank_decline,3,0,3,302,527,1499,11,0.167,loyal,0
C1579,sub_1579,1499,upi,insufficient_funds,1,3,2,188,359,1499,17,0.5,enterprise,0
C1580,sub_1580,2499,upi,insufficient_funds,1,3,6,1233,326,2499,16,0.333,standard,0
C1581,sub_1581,999,card,insufficient_funds,2,9,5,1311,740,999,13,0.588,standard,0
C1582,sub_1582,4999,card,network,1,10,6,651,267,4999,3,0.579,loyal,0
C1583,sub_1583,4999,upi,insufficient_funds,4,2,0,78,567,4999,20,0.6,standard,0
C1584,sub_1584,4999,upi,technical,3,2,3,815,452,4999,0,0.375,enterprise,0
C1585,sub_1585,299,netbanking,card_expired,5,6,5,456,341,299,7,0.5,standard,0
C1586,sub_1586,299,card,network,5,13,0,885,406,299,16,0.875,standard,1
C1587,sub_1587,999,card,insufficient_funds,2,0,3,218,73,999,13,0.167,standard,1
C1588,sub_1588,1499,card,network,5,12,0,1209,638,1499,17,0.867,standard,1
C1589,sub_1589,499,card,network,1,2,6,1031,61,499,16,0.273,standard,0
C1590,sub_1590,299,card,technical,3,3,4,971,67,299,20,0.4,loyal,0
C1591,sub_1591,299,upi,insufficient_funds,4,8,1,773,227,299,11,0.75,standard,0
C1592,sub_1592,999,card,insufficient_funds,3,10,3,338,478,999,18,0.688,standard,0
C1593,sub_1593,4999,card,card_expired,4,12,0,1409,270,4999,3,0.867,standard,1
C1594,sub_1594,999,card,network,5,0,5,406,792,999,3,0.125,standard,0
C1595,sub_1595,2499,upi,network,3,0,1,555,834,2499,1,0.25,standard,0
C1596,sub_1596,299,netbanking,bank_decline,2,6,4,1390,354,299,4,0.538,standard,0
C1597,sub_1597,499,card,card_expired,3,7,0,70,899,499,2,0.8,standard,0
C1598,sub_1598,1499,card,technical,5,3,1,196,81,1499,18,0.571,loyal,0
C1599,sub_1599,799,card,card_expired,5,8,6,1144,130,799,10,0.529,loyal,0
C1600,sub_1600,299,card,insufficient_funds,5,3,2,558,313,299,9,0.5,standard,0
C1601,sub_1601,499,card,bank_decline,2,13,0,873,848,499,14,0.875,loyal,0
C1602,sub_1602,2499,netbanking,technical,2,2,4,874,453,2499,7,0.333,enterprise,0
C1603,sub_1603,1499,netbanking,bank_decline,3,9,1,1242,636,1499,12,0.769,new,0
C1604,sub_1604,2499,card,technical,3,7,4,934,587,2499,0,0.571,new,0
C1605,sub_1605,799,card,bank_decline,4,1,5,644,449,799,15,0.222,new,0
C1606,sub_1606,4999,card,bank_decline,5,8,4,828,838,4999,19,0.6,standard,0
C1607,sub_1607,4999,card,network,3,2,1,1109,859,4999,0,0.5,standard,0
C1608,sub_1608,799,card,bank_decline,2,7,1,574,403,799,1,0.727,standard,0
C1609,sub_1609,499,upi,insufficient_funds,5,8,1,264,642,499,2,0.75,standard,0
C1610,sub_1610,4999,card,card_expired,3,1,4,734,561,4999,13,0.25,new,0
C1611,sub_1611,799,upi,card_expired,4,3,4,1499,534,799,16,0.4,standard,0
C1612,sub_1612,999,card,technical,1,4,3,177,92,999,18,0.5,new,0
C1613,sub_1613,4999,upi,technical,3,12,2,268,189,4999,17,0.765,standard,0
C1614,sub_1614,499,upi,insufficient_funds,3,3,0,1492,891,499,12,0.667,standard,0
C1615,sub_1615,4999,card,bank_decline,1,12,5,1246,220,4999,15,0.65,new,0
C1616,sub_1616,499,card,bank_decline,2,7,4,184,586,499,6,0.571,new,0
C1617,sub_1617,799,upi,insufficient_funds,4,13,4,326,820,799,16,0.7,loyal,0
C1618,sub_1618,799,card,network,1,11,0,1039,542,799,4,0.857,standard,1
C1619,sub_1619,999,card,network,1,4,2,1175,194,999,21,0.556,standard,1
C1620,sub_1620,499,card,bank_decline,1,7,2,1103,773,499,0,0.667,loyal,1
C1621,sub_1621,4999,card,insufficient_funds,1,10,4,1293,30,4999,20,0.647,standard,0
C1622,sub_1622,1499,upi,technical,3,1,5,765,651,1499,10,0.222,new,0
C1623,sub_1623,1499,card,insufficient_funds,3,9,6,1316,240,1499,14,0.556,standard,0
C1624,sub_1624,2499,card,technical,4,6,3,898,576,2499,3,0.583,new,0
C1625,sub_1625,1499,card,insufficient_funds,3,0,2,718,433,1499,7,0.2,loyal,0
C1626,sub_1626,1499,upi,bank_decline,3,12,2,958,512,1499,18,0.765,loyal,1
C1627,sub_1627,1499,upi,network,5,3,5,648,344,1499,0,0.364,standard,0
C1628,sub_1628,2499,card,card_expired,2,12,2,913,476,2499,4,0.765,standard,0
C1629,sub_1629,4999,card,bank_decline,4,2,2,1252,842,4999,13,0.429,loyal,0
C1630,sub_1630,499,card,technical,1,7,5,1437,743,499,17,0.533,standard,0
C1631,sub_1631,999,card,bank_decline,5,5,3,873,377,999,9,0.545,new,0
C1632,sub_1632,499,card,network,2,12,3,18,847,499,1,0.722,loyal,1
C1633,sub_1633,499,card,insufficient_funds,2,13,5,935,800,499,3,0.667,standard,1
C1634,sub_1634,4999,card,network,1,10,2,385,564,4999,19,0.733,loyal,1
C1635,sub_1635,999,upi,network,3,11,0,361,535,999,4,0.857,loyal,1
C1636,sub_1636,1499,card,card_expired,2,10,5,1322,33,1499,12,0.611,standard,0
C1637,sub_1637,2499,upi,bank_decline,5,4,3,674,472,2499,20,0.5,standard,0
C1638,sub_1638,299,card,bank_decline,1,12,2,1187,192,299,8,0.765,standard,1
C1639,sub_1639,999,card,bank_decline,3,7,0,560,145,999,1,0.8,loyal,0
C1640,sub_1640,499,card,bank_decline,5,4,6,914,772,499,17,0.385,new,0
C1641,sub_1641,799,upi,bank_decline,5,2,5,1001,244,799,17,0.3,standard,0
C1642,sub_1642,499,upi,network,4,9,1,1340,554,499,14,0.769,standard,0
C1643,sub_1643,1499,card,network,3,3,4,302,780,1499,19,0.4,new,0
C1644,sub_1644,299,upi,card_expired,5,9,3,846,538,299,17,0.667,new,0
C1645,sub_1645,999,card,bank_decline,2,0,2,614,702,999,15,0.2,loyal,0
C1646,sub_1646,799,card,network,5,8,2,701,697,799,7,0.692,standard,0
C1647,sub_1647,4999,card,insufficient_funds,3,8,0,1274,403,4999,1,0.818,standard,0
C1648,sub_1648,2499,card,card_expired,2,7,6,212,829,2499,15,0.5,standard,0
C1649,sub_1649,799,card,network,2,9,6,824,818,799,18,0.556,standard,0
C1650,sub_1650,799,netbanking,insufficient_funds,3,13,6,587,304,799,15,0.636,standard,0
C1651,sub_1651,2499,card,technical,1,11,2,1345,737,2499,14,0.75,standard,0
C1652,sub_1652,1499,card,card_expired,4,6,6,332,165,1499,15,0.467,enterprise,0
C1653,sub_1653,999,card,network,2,12,1,356,101,999,6,0.812,new,1
C1654,sub_1654,299,card,bank_decline,2,13,5,145,477,299,2,0.667,standard,0
C1655,sub_1655,299,card,insufficient_funds,1,2,0,665,545,299,13,0.6,loyal,0
C1656,sub_1656,1499,netbanking,bank_decline,3,5,2,26,525,1499,20,0.6,standard,0
C1657,sub_1657,999,upi,insufficient_funds,2,10,4,755,719,999,3,0.647,enterprise,0
C1658,sub_1658,2499,card,card_expired,1,7,6,343,352,2499,1,0.5,standard,0
C1659,sub_1659,299,upi,insufficient_funds,5,1,1,606,727,299,15,0.4,new,0
C1660,sub_1660,499,card,network,4,6,3,911,811,499,9,0.583,new,0
C1661,sub_1661,2499,card,technical,2,5,5,1029,83,2499,19,0.462,standard,0
C1662,sub_1662,4999,card,network,1,10,3,101,404,4999,10,0.688,loyal,1
C1663,sub_1663,2499,card,network,5,7,4,231,202,2499,11,0.571,enterprise,0
C1664,sub_1664,299,card,insufficient_funds,4,1,2,483,591,299,1,0.333,standard,0
C1665,sub_1665,299,upi,bank_decline,3,0,0,783,372,299,20,0.333,new,0
C1666,sub_1666,4999,card,bank_decline,4,4,1,1326,254,4999,7,0.625,standard,0
C1667,sub_1667,999,netbanking,technical,1,2,3,216,227,999,9,0.375,standard,0
C1668,sub_1668,999,upi,insufficient_funds,3,12,0,111,319,999,13,0.867,standard,0
C1669,sub_1669,4999,upi,insufficient_funds,1,3,1,947,98,4999,18,0.571,new,1
C1670,sub_1670,499,card,network,4,8,6,1468,95,499,17,0.529,standard,0
C1671,sub_1671,499,upi,card_expired,5,1,0,1247,566,499,17,0.5,standard,0
C1672,sub_1672,1499,card,technical,3,6,1,852,848,1499,2,0.7,loyal,1
C1673,sub_1673,4999,card,bank_decline,4,13,4,39,457,4999,1,0.7,standard,1
C1674,sub_1674,799,card,card_expired,4,9,3,868,834,799,18,0.667,new,0
C1675,sub_1675,499,netbanking,insufficient_funds,5,4,1,690,140,499,20,0.625,new,0
C1676,sub_1676,299,card,technical,1,10,0,675,875,299,13,0.846,standard,1
C1677,sub_1677,299,card,insufficient_funds,2,7,6,744,528,299,20,0.5,standard,0
C1678,sub_1678,799,upi,network,2,3,3,846,669,799,6,0.444,new,0
C1679,sub_1679,999,card,insufficient_funds,4,13,4,1083,56,999,7,0.7,loyal,0
C1680,sub_1680,999,upi,network,3,13,0,296,544,999,3,0.875,standard,1
C1681,sub_1681,499,card,network,4,7,1,121,345,499,17,0.727,new,0
C1682,sub_1682,1499,card,network,3,0,0,86,808,1499,14,0.333,standard,0
C1683,sub_1683,4999,card,insufficient_funds,5,5,6,614,713,4999,4,0.429,enterprise,0
C1684,sub_1684,499,card,card_expired,4,7,5,766,777,499,21,0.533,standard,0
C1685,sub_1685,1499,card,insufficient_funds,1,13,3,1180,801,1499,0,0.737,standard,1
C1686,sub_1686,999,card,insufficient_funds,5,10,4,655,648,999,16,0.647,standard,0
C1687,sub_1687,1499,card,technical,5,3,1,802,221,1499,4,0.571,standard,1
C1688,sub_1688,299,upi,bank_decline,1,7,6,1465,255,299,17,0.5,loyal,0
C1689,sub_1689,1499,netbanking,insufficient_funds,2,2,3,1127,773,1499,10,0.375,loyal,0
C1690,sub_1690,2499,card,insufficient_funds,5,6,3,1039,541,2499,5,0.583,loyal,0
C1691,sub_1691,1499,card,technical,5,7,6,552,802,1499,1,0.5,standard,0
C1692,sub_1692,2499,card,network,3,7,0,236,715,2499,13,0.8,standard,1
C1693,sub_1693,2499,upi,insufficient_funds,3,5,2,1380,546,2499,3,0.6,standard,0
C1694,sub_1694,4999,upi,technical,1,6,0,834,138,4999,9,0.778,loyal,0
C1695,sub_1695,1499,card,insufficient_funds,3,11,2,125,883,1499,20,0.75,new,0
C1696,sub_1696,999,card,bank_decline,4,7,1,728,219,999,19,0.727,standard,0
C1697,sub_1697,2499,netbanking,card_expired,2,0,3,145,222,2499,10,0.167,enterprise,0
C1698,sub_1698,1499,upi,card_expired,2,10,4,1472,132,1499,16,0.647,enterprise,0
C1699,sub_1699,999,card,insufficient_funds,5,8,1,797,63,999,18,0.75,standard,0
C1700,sub_1700,1499,upi,network,3,9,0,1179,338,1499,13,0.833,standard,1
C1701,sub_1701,799,card,insufficient_funds,2,9,1,711,759,799,4,0.769,new,0
C1702,sub_1702,1499,card,network,2,2,5,39,779,1499,17,0.3,standard,0
C1703,sub_1703,999,upi,bank_decline,3,13,4,961,442,999,1,0.7,new,1
C1704,sub_1704,299,card,insufficient_funds,2,13,6,983,283,299,11,0.636,standard,0
C1705,sub_1705,999,card,card_expired,3,2,6,351,312,999,17,0.273,standard,0
C1706,sub_1706,4999,netbanking,bank_decline,5,3,1,1077,827,4999,12,0.571,loyal,0
C1707,sub_1707,799,upi,bank_decline,4,3,5,346,50,799,7,0.364,enterprise,0
C1708,sub_1708,1499,card,insufficient_funds,2,13,0,1040,52,1499,9,0.875,enterprise,0
C1709,sub_1709,799,card,insufficient_funds,3,13,0,1126,59,799,10,0.875,loyal,1
C1710,sub_1710,499,upi,technical,3,3,5,214,799,499,16,0.364,standard,0
C1711,sub_1711,799,card,card_expired,4,8,2,444,82,799,21,0.692,new,0
C1712,sub_1712,4999,netbanking,bank_decline,4,3,6,253,847,4999,17,0.333,standard,0
C1713,sub_1713,299,upi,technical,3,0,0,1093,166,299,6,0.333,standard,0
C1714,sub_1714,1499,card,bank_decline,2,3,3,360,493,1499,2,0.444,standard,0
C1715,sub_1715,2499,card,network,4,1,2,964,873,2499,10,0.333,standard,0
C1716,sub_1716,499,upi,card_expired,1,11,6,632,105,499,18,0.6,loyal,0
C1717,sub_1717,2499,netbanking,network,4,10,4,134,253,2499,13,0.647,standard,0
C1718,sub_1718,1499,card,card_expired,5,2,5,1325,655,1499,7,0.3,standard,0
C1719,sub_1719,799,card,technical,4,7,2,1069,735,799,1,0.667,loyal,1
C1720,sub_1720,499,upi,insufficient_funds,3,2,6,399,816,499,5,0.273,standard,0
C1721,sub_1721,4999,card,insufficient_funds,5,7,5,1320,18,4999,15,0.533,standard,0
C1722,sub_1722,499,card,network,3,12,5,1066,699,499,14,0.65,standard,0
C1723,sub_1723,4999,netbanking,technical,3,12,3,1226,290,4999,9,0.722,standard,1
C1724,sub_1724,1499,upi,network,5,11,6,275,502,1499,7,0.6,new,0
C1725,sub_1725,2499,netbanking,network,1,3,4,23,815,2499,3,0.4,standard,1
C1726,sub_1726,799,upi,network,4,2,0,102,812,799,21,0.6,loyal,1
C1727,sub_1727,299,card,network,4,2,6,814,167,299,9,0.273,standard,0
C1728,sub_1728,1499,netbanking,insufficient_funds,3,1,0,1182,424,1499,16,0.5,standard,0
C1729,sub_1729,799,card,insufficient_funds,1,8,4,1370,256,799,10,0.6,standard,0
C1730,sub_1730,999,card,insufficient_funds,4,9,1,1441,553,999,12,0.769,standard,0
C1731,sub_1731,999,netbanking,network,2,12,6,902,744,999,14,0.619,enterprise,0
C1732,sub_1732,799,upi,network,5,1,5,950,286,799,7,0.222,standard,1
C1733,sub_1733,2499,netbanking,insufficient_funds,4,3,5,442,110,2499,20,0.364,loyal,0
C1734,sub_1734,999,card,network,2,10,4,11,58,999,10,0.647,loyal,1
C1735,sub_1735,1499,netbanking,card_expired,3,9,3,299,48,1499,16,0.667,standard,0
C1736,sub_1736,1499,card,network,1,5,6,92,330,1499,20,0.429,loyal,0
C1737,sub_1737,1499,upi,insufficient_funds,3,2,2,1030,869,1499,8,0.429,enterprise,0
C1738,sub_1738,799,netbanking,insufficient_funds,1,6,3,759,227,799,5,0.583,enterprise,1
C1739,sub_1739,2499,card,insufficient_funds,5,2,2,1159,364,2499,21,0.429,standard,0
C1740,sub_1740,499,upi,network,4,7,0,230,607,499,17,0.8,new,1
C1741,sub_1741,4999,upi,network,2,12,6,1369,592,4999,17,0.619,new,0
C1742,sub_1742,2499,upi,bank_decline,5,2,3,1082,243,2499,20,0.375,standard,0
C1743,sub_1743,999,netbanking,network,1,1,0,1359,115,999,0,0.5,standard,1
C1744,sub_1744,499,upi,insufficient_funds,3,10,5,976,141,499,20,0.611,standard,0
C1745,sub_1745,4999,card,insufficient_funds,1,0,6,515,198,4999,2,0.111,standard,0
C1746,sub_1746,999,card,insufficient_funds,1,13,4,943,78,999,3,0.7,loyal,1
C1747,sub_1747,2499,netbanking,insufficient_funds,2,10,2,909,414,2499,4,0.733,new,1
C1748,sub_1748,299,netbanking,bank_decline,2,5,6,279,581,299,2,0.429,loyal,0
C1749,sub_1749,799,netbanking,bank_decline,4,5,5,161,607,799,1,0.462,new,1
C1750,sub_1750,799,card,network,5,5,1,978,818,799,2,0.667,standard,0
C1751,sub_1751,2499,card,insufficient_funds,4,5,2,150,264,2499,10,0.6,loyal,0
C1752,sub_1752,999,upi,network,4,11,6,159,589,999,8,0.6,new,0
C1753,sub_1753,299,upi,insufficient_funds,3,11,6,116,796,299,7,0.6,standard,0
C1754,sub_1754,1499,card,card_expired,2,2,4,937,26,1499,3,0.333,enterprise,0
C1755,sub_1755,499,card,network,2,2,0,1391,703,499,21,0.6,loyal,1
C1756,sub_1756,999,card,insufficient_funds,5,7,1,750,80,999,7,0.727,loyal,0
C1757,sub_1757,4999,card,technical,3,9,2,237,496,4999,10,0.714,new,0
C1758,sub_1758,999,card,network,3,10,3,773,747,999,3,0.688,standard,1
C1759,sub_1759,999,card,insufficient_funds,1,4,6,728,413,999,4,0.385,standard,0
C1760,sub_1760,299,card,bank_decline,3,6,5,894,504,299,5,0.5,new,0
C1761,sub_1761,999,netbanking,network,4,1,1,655,557,999,21,0.4,enterprise,0
C1762,sub_1762,4999,upi,network,3,6,0,802,520,4999,3,0.778,new,1
C1763,sub_1763,4999,netbanking,network,4,9,1,493,658,4999,11,0.769,loyal,1
C1764,sub_1764,4999,card,technical,5,4,1,1360,773,4999,11,0.625,new,0
C1765,sub_1765,799,card,network,1,4,6,811,122,799,1,0.385,standard,1
C1766,sub_1766,299,card,network,5,6,0,473,374,299,7,0.778,new,0
C1767,sub_1767,499,card,network,5,12,5,14,767,499,1,0.65,new,0
C1768,sub_1768,499,card,network,3,8,4,1021,343,499,3,0.6,standard,0
C1769,sub_1769,299,upi,card_expired,4,12,0,576,440,299,14,0.867,loyal,0
C1770,sub_1770,1499,upi,network,1,0,4,381,668,1499,12,0.143,standard,1
C1771,sub_1771,999,netbanking,card_expired,2,11,4,724,841,999,10,0.667,standard,0
C1772,sub_1772,2499,card,card_expired,1,0,0,732,227,2499,4,0.333,standard,0
C1773,sub_1773,499,card,bank_decline,4,4,1,1206,860,499,13,0.625,loyal,0
C1774,sub_1774,1499,card,network,5,5,2,818,639,1499,19,0.6,standard,0
C1775,sub_1775,299,card,bank_decline,4,3,1,1054,28,299,18,0.571,standard,0
C1776,sub_1776,2499,upi,card_expired,4,13,4,974,775,2499,3,0.7,standard,0
C1777,sub_1777,2499,card,network,1,12,4,1276,346,2499,14,0.684,loyal,0
C1778,sub_1778,499,upi,bank_decline,5,7,1,19,254,499,5,0.727,enterprise,0
C1779,sub_1779,799,card,bank_decline,1,6,0,570,474,799,18,0.778,enterprise,0
C1780,sub_1780,999,netbanking,network,3,10,4,1075,519,999,10,0.647,standard,1
C1781,sub_1781,1499,netbanking,technical,4,9,3,219,486,1499,16,0.667,new,0
C1782,sub_1782,999,card,insufficient_funds,5,6,1,668,50,999,11,0.7,standard,0
C1783,sub_1783,299,upi,card_expired,5,11,1,607,740,299,14,0.8,new,0
C1784,sub_1784,799,card,technical,3,2,0,1210,308,799,20,0.6,standard,1
C1785,sub_1785,999,upi,insufficient_funds,3,3,5,1444,127,999,2,0.364,standard,0
C1786,sub_1786,1499,netbanking,bank_decline,3,0,5,168,509,1499,19,0.125,standard,0
C1787,sub_1787,1499,upi,insufficient_funds,3,1,3,329,560,1499,10,0.286,standard,0
C1788,sub_1788,1499,upi,bank_decline,4,2,2,1163,94,1499,3,0.429,standard,0
C1789,sub_1789,999,card,card_expired,4,8,1,270,848,999,9,0.75,enterprise,0
C1790,sub_1790,999,upi,network,3,11,2,750,540,999,1,0.75,new,1
C1791,sub_1791,799,upi,insufficient_funds,3,8,6,1417,897,799,11,0.529,new,0
C1792,sub_1792,499,card,insufficient_funds,1,6,0,1463,603,499,10,0.778,standard,0
C1793,sub_1793,799,card,network,1,3,5,1425,10,799,8,0.364,standard,0
C1794,sub_1794,999,upi,network,3,1,2,210,188,999,9,0.333,standard,0
C1795,sub_1795,299,upi,insufficient_funds,2,8,1,232,875,299,13,0.75,loyal,1
C1796,sub_1796,499,card,network,4,1,5,272,504,499,18,0.222,new,0
C1797,sub_1797,299,netbanking,network,5,11,6,1156,110,299,8,0.6,standard,0
C1798,sub_1798,799,upi,bank_decline,4,5,6,276,67,799,0,0.429,enterprise,0
C1799,sub_1799,999,card,bank_decline,5,4,1,650,483,999,12,0.625,standard,0
C1800,sub_1800,499,card,bank_decline,3,0,4,1229,535,499,20,0.143,standard,0
C1801,sub_1801,299,card,insufficient_funds,5,3,2,743,222,299,8,0.5,new,0
C1802,sub_1802,999,upi,technical,5,0,1,1411,176,999,2,0.25,standard,0
C1803,sub_1803,499,card,card_expired,1,10,2,753,546,499,19,0.733,new,1
C1804,sub_1804,4999,card,network,4,6,0,575,392,4999,9,0.778,standard,0
C1805,sub_1805,499,upi,network,3,11,1,1452,34,499,8,0.8,standard,1
C1806,sub_1806,999,upi,card_expired,5,7,4,825,52,999,6,0.571,enterprise,0
C1807,sub_1807,2499,upi,network,3,13,4,285,215,2499,16,0.7,standard,0
C1808,sub_1808,299,card,insufficient_funds,1,10,1,955,508,299,3,0.786,new,0
C1809,sub_1809,999,upi,technical,2,2,3,1161,271,999,13,0.375,loyal,1
C1810,sub_1810,999,card,network,1,1,5,1259,14,999,7,0.222,standard,0
C1811,sub_1811,999,card,network,2,12,6,18,824,999,8,0.619,loyal,0
C1812,sub_1812,4999,upi,technical,1,3,3,171,624,4999,4,0.444,standard,1
C1813,sub_1813,1499,upi,card_expired,4,10,1,946,525,1499,17,0.786,loyal,0
C1814,sub_1814,799,card,network,3,8,4,1115,220,799,9,0.6,loyal,0
C1815,sub_1815,799,upi,technical,4,9,1,982,637,799,20,0.769,new,0
C1816,sub_1816,1499,card,technical,5,3,0,580,851,1499,18,0.667,standard,1
C1817,sub_1817,799,card,insufficient_funds,4,4,2,1133,608,799,16,0.556,standard,0
C1818,sub_1818,1499,card,card_expired,3,7,2,873,266,1499,9,0.667,standard,0
C1819,sub_1819,799,card,network,2,0,1,1389,353,799,20,0.25,standard,0
C1820,sub_1820,299,upi,network,4,4,0,557,836,299,12,0.714,standard,1
C1821,sub_1821,999,upi,card_expired,3,7,6,1133,13,999,9,0.5,standard,0
C1822,sub_1822,499,upi,insufficient_funds,4,2,4,224,199,499,7,0.333,new,0
C1823,sub_1823,799,card,card_expired,1,4,5,1100,97,799,20,0.417,loyal,0
C1824,sub_1824,799,card,bank_decline,1,13,0,1100,577,799,5,0.875,standard,1
C1825,sub_1825,299,card,network,1,4,5,388,413,299,19,0.417,standard,0
C1826,sub_1826,799,upi,card_expired,4,12,2,101,120,799,5,0.765,enterprise,0
C1827,sub_1827,4999,card,network,3,12,5,1489,847,4999,16,0.65,loyal,1
C1828,sub_1828,799,card,bank_decline,2,9,3,123,497,799,6,0.667,enterprise,1
C1829,sub_1829,2499,upi,network,2,2,1,707,224,2499,18,0.5,standard,1
C1830,sub_1830,799,upi,card_expired,4,2,1,11,851,799,18,0.5,standard,0
C1831,sub_1831,299,card,card_expired,5,13,0,632,628,299,16,0.875,new,0
C1832,sub_1832,2499,card,insufficient_funds,5,0,5,1233,117,2499,21,0.125,enterprise,0
C1833,sub_1833,4999,upi,card_expired,3,7,3,757,744,4999,11,0.615,loyal,0
C1834,sub_1834,499,card,bank_decline,4,8,5,367,54,499,18,0.562,loyal,0
C1835,sub_1835,499,card,card_expired,1,11,5,597,816,499,12,0.632,standard,0
C1836,sub_1836,4999,netbanking,bank_decline,5,12,1,147,354,4999,0,0.812,standard,1
C1837,sub_1837,299,card,technical,1,3,2,894,264,299,9,0.5,loyal,0
C1838,sub_1838,4999,card,insufficient_funds,2,7,0,16,49,4999,0,0.8,new,0
C1839,sub_1839,499,card,insufficient_funds,4,8,0,530,838,499,14,0.818,standard,1
C1840,sub_1840,4999,card,network,5,13,6,100,504,4999,3,0.636,standard,1
C1841,sub_1841,4999,card,bank_decline,1,7,4,367,547,4999,7,0.571,loyal,0
C1842,sub_1842,499,card,insufficient_funds,4,1,3,110,765,499,19,0.286,standard,0
C1843,sub_1843,499,card,insufficient_funds,1,12,1,1392,458,499,16,0.812,loyal,0
C1844,sub_1844,299,card,network,1,7,4,1160,261,299,7,0.571,new,0
C1845,sub_1845,2499,netbanking,technical,3,2,3,1392,700,2499,11,0.375,standard,0
C1846,sub_1846,799,netbanking,insufficient_funds,3,2,1,1027,477,799,12,0.5,new,0
C1847,sub_1847,1499,card,card_expired,2,2,0,749,215,1499,7,0.6,standard,0
C1848,sub_1848,1499,card,network,5,10,3,269,760,1499,16,0.688,standard,0
C1849,sub_1849,999,upi,technical,4,13,3,1443,731,999,3,0.737,standard,1
C1850,sub_1850,499,netbanking,network,3,6,5,1377,223,499,9,0.5,standard,0
C1851,sub_1851,799,upi,network,3,1,2,629,585,799,5,0.333,standard,1
C1852,sub_1852,999,card,bank_decline,3,12,0,346,828,999,14,0.867,standard,0
C1853,sub_1853,299,card,technical,1,8,6,587,719,299,14,0.529,loyal,1
C1854,sub_1854,799,card,network,4,7,2,597,179,799,17,0.667,new,0
C1855,sub_1855,1499,upi,insufficient_funds,4,0,5,1376,770,1499,8,0.125,standard,0
C1856,sub_1856,799,card,bank_decline,3,13,0,109,51,799,5,0.875,new,1
C1857,sub_1857,799,card,bank_decline,3,1,0,953,555,799,0,0.5,new,1
C1858,sub_1858,2499,card,insufficient_funds,5,8,0,1155,460,2499,18,0.818,standard,0
C1859,sub_1859,999,card,insufficient_funds,4,8,5,1146,34,999,7,0.562,loyal,0
C1860,sub_1860,2499,card,bank_decline,2,7,1,297,653,2499,16,0.727,standard,0
C1861,sub_1861,299,card,bank_decline,1,7,5,624,268,299,8,0.533,standard,0
C1862,sub_1862,4999,upi,bank_decline,5,5,6,519,767,4999,7,0.429,standard,0
C1863,sub_1863,2499,upi,card_expired,4,8,4,616,790,2499,5,0.6,new,0
C1864,sub_1864,2499,upi,network,4,5,6,139,531,2499,17,0.429,loyal,0
C1865,sub_1865,1499,card,technical,2,6,6,134,564,1499,6,0.467,standard,0
C1866,sub_1866,999,upi,bank_decline,1,9,5,45,47,999,6,0.588,loyal,0
C1867,sub_1867,999,upi,bank_decline,3,10,5,1450,801,999,15,0.611,loyal,1
C1868,sub_1868,1499,card,network,4,2,4,631,613,1499,11,0.333,standard,0
C1869,sub_1869,999,card,network,2,13,1,349,346,999,16,0.824,new,1
C1870,sub_1870,2499,upi,bank_decline,3,1,0,1198,78,2499,2,0.5,loyal,0
C1871,sub_1871,799,card,network,5,3,2,746,454,799,21,0.5,loyal,0
C1872,sub_1872,2499,card,technical,2,4,3,553,810,2499,5,0.5,standard,1
C1873,sub_1873,799,card,insufficient_funds,2,4,2,180,776,799,2,0.556,standard,0
C1874,sub_1874,999,card,bank_decline,2,4,0,585,89,999,2,0.714,standard,0
C1875,sub_1875,299,card,technical,5,4,3,973,686,299,6,0.5,standard,0
C1876,sub_1876,4999,card,insufficient_funds,3,6,3,938,74,4999,9,0.583,standard,0
C1877,sub_1877,1499,card,insufficient_funds,5,10,6,592,340,1499,1,0.579,standard,0
C1878,sub_1878,499,upi,card_expired,5,11,6,923,403,499,13,0.6,standard,0
C1879,sub_1879,299,card,card_expired,3,4,4,1153,21,299,13,0.455,standard,0
C1880,sub_1880,2499,card,insufficient_funds,1,3,5,1396,124,2499,17,0.364,standard,0
C1881,sub_1881,299,card,card_expired,2,9,2,797,792,299,0,0.714,loyal,1
C1882,sub_1882,999,upi,technical,3,0,6,349,566,999,2,0.111,standard,0
C1883,sub_1883,299,netbanking,insufficient_funds,2,6,6,202,707,299,4,0.467,loyal,0
C1884,sub_1884,1499,card,network,1,3,0,244,514,1499,9,0.667,standard,1
C1885,sub_1885,499,card,insufficient_funds,5,8,4,26,404,499,12,0.6,standard,0
C1886,sub_1886,799,card,insufficient_funds,2,1,3,841,17,799,4,0.286,new,0
C1887,sub_1887,999,card,network,4,11,1,326,492,999,7,0.8,standard,0
C1888,sub_1888,799,upi,network,5,3,2,346,693,799,11,0.5,standard,0
C1889,sub_1889,1499,card,card_expired,3,7,6,1089,184,1499,11,0.5,new,0
C1890,sub_1890,999,netbanking,insufficient_funds,4,8,6,486,442,999,11,0.529,loyal,0
C1891,sub_1891,799,card,technical,1,6,2,1244,371,799,14,0.636,standard,1
C1892,sub_1892,799,card,network,4,6,3,214,783,799,16,0.583,standard,0
C1893,sub_1893,799,upi,network,5,3,3,518,147,799,18,0.444,standard,0
C1894,sub_1894,799,card,bank_decline,5,10,5,86,95,799,21,0.611,loyal,0
C1895,sub_1895,1499,upi,technical,1,7,3,808,190,1499,8,0.615,standard,1
C1896,sub_1896,2499,card,network,2,3,2,196,141,2499,7,0.5,new,1
C1897,sub_1897,1499,upi,network,1,3,6,367,761,1499,6,0.333,loyal,1
C1898,sub_1898,299,card,network,5,6,2,1105,235,299,7,0.636,standard,0
C1899,sub_1899,2499,card,insufficient_funds,2,11,1,1321,326,2499,11,0.8,standard,0
C1900,sub_1900,2499,upi,insufficient_funds,3,13,2,822,232,2499,13,0.778,standard,0
C1901,sub_1901,2499,card,network,3,5,2,1448,733,2499,1,0.6,standard,0
C1902,sub_1902,299,card,network,4,5,3,1137,597,299,21,0.545,loyal,0
C1903,sub_1903,2499,upi,insufficient_funds,5,1,4,1131,427,2499,0,0.25,standard,0
C1904,sub_1904,999,card,technical,2,7,0,1486,719,999,8,0.8,loyal,1
C1905,sub_1905,2499,netbanking,card_expired,4,3,6,142,64,2499,9,0.333,standard,0
C1906,sub_1906,2499,upi,insufficient_funds,2,11,1,355,610,2499,7,0.8,loyal,0
C1907,sub_1907,4999,upi,network,1,7,0,661,326,4999,4,0.8,loyal,1
C1908,sub_1908,299,card,network,1,3,4,931,341,299,11,0.4,enterprise,0
C1909,sub_1909,999,card,insufficient_funds,2,12,1,1485,143,999,0,0.812,loyal,0
C1910,sub_1910,2499,netbanking,bank_decline,3,11,5,157,88,2499,16,0.632,loyal,0
C1911,sub_1911,1499,card,bank_decline,4,4,6,351,624,1499,14,0.385,standard,0
C1912,sub_1912,2499,card,technical,5,1,4,454,765,2499,16,0.25,new,0
C1913,sub_1913,2499,card,technical,3,3,5,1009,820,2499,17,0.364,standard,0
C1914,sub_1914,299,card,technical,3,5,3,1428,219,299,19,0.545,standard,1
C1915,sub_1915,499,card,technical,1,5,2,1408,687,499,3,0.6,new,1
C1916,sub_1916,1499,upi,network,5,11,4,1123,100,1499,18,0.667,standard,0
C1917,sub_1917,799,upi,network,2,13,2,1162,700,799,12,0.778,new,1
C1918,sub_1918,799,upi,insufficient_funds,4,10,6,629,509,799,2,0.579,standard,0
C1919,sub_1919,4999,card,card_expired,4,11,3,917,775,4999,21,0.706,standard,0
C1920,sub_1920,299,card,network,5,1,3,264,61,299,17,0.286,loyal,0
C1921,sub_1921,999,card,bank_decline,5,2,4,764,699,999,5,0.333,standard,0
C1922,sub_1922,799,upi,card_expired,4,12,1,446,420,799,19,0.812,new,0
C1923,sub_1923,299,card,insufficient_funds,4,8,3,1393,512,299,16,0.643,standard,1
C1924,sub_1924,799,card,network,1,3,5,557,485,799,9,0.364,standard,0
C1925,sub_1925,799,card,network,1,11,5,598,643,799,3,0.632,new,0
C1926,sub_1926,999,upi,network,3,2,1,610,539,999,16,0.5,standard,0
C1927,sub_1927,499,upi,bank_decline,4,10,0,1352,374,499,20,0.846,loyal,0
C1928,sub_1928,2499,netbanking,card_expired,4,12,1,1399,392,2499,4,0.812,loyal,0
C1929,sub_1929,799,card,bank_decline,2,6,5,652,64,799,0,0.5,standard,0
C1930,sub_1930,1499,netbanking,insufficient_funds,3,9,1,1493,652,1499,5,0.769,standard,0
C1931,sub_1931,999,card,insufficient_funds,5,10,0,1137,635,999,6,0.846,standard,0
C1932,sub_1932,999,card,insufficient_funds,1,12,4,1271,510,999,8,0.684,standard,1
C1933,sub_1933,999,card,bank_decline,2,8,6,1374,649,999,21,0.529,enterprise,0
C1934,sub_1934,799,card,bank_decline,5,4,1,505,242,799,21,0.625,new,0
C1935,sub_1935,999,card,network,1,2,0,830,202,999,14,0.6,standard,1
C1936,sub_1936,999,card,technical,2,4,0,434,832,999,4,0.714,enterprise,0
C1937,sub_1937,299,card,network,3,0,0,471,858,299,4,0.333,new,0
C1938,sub_1938,2499,upi,technical,4,9,1,701,767,2499,1,0.769,enterprise,0
C1939,sub_1939,999,upi,network,2,5,1,85,48,999,17,0.667,standard,0
C1940,sub_1940,799,upi,network,4,9,4,330,494,799,4,0.625,loyal,0
C1941,sub_1941,299,card,bank_decline,2,0,1,1215,662,299,19,0.25,standard,1
C1942,sub_1942,799,card,network,2,4,3,257,34,799,13,0.5,loyal,1
C1943,sub_1943,799,upi,insufficient_funds,3,5,2,936,871,799,10,0.6,loyal,0
C1944,sub_1944,2499,card,insufficient_funds,1,1,4,1150,708,2499,20,0.25,new,0
C1945,sub_1945,1499,card,network,4,11,4,401,278,1499,3,0.667,loyal,1
C1946,sub_1946,799,card,bank_decline,4,8,4,692,456,799,10,0.6,new,0
C1947,sub_1947,299,upi,bank_decline,5,11,6,1317,821,299,5,0.6,standard,0
C1948,sub_1948,499,card,bank_decline,2,11,1,1254,768,499,3,0.8,standard,1
C1949,sub_1949,4999,upi,insufficient_funds,2,0,3,1381,743,4999,20,0.167,standard,0
C1950,sub_1950,299,card,insufficient_funds,5,12,2,946,885,299,13,0.765,standard,0
C1951,sub_1951,1499,card,network,1,0,3,1331,669,1499,3,0.167,standard,0
C1952,sub_1952,999,card,network,3,12,0,603,841,999,2,0.867,new,1
C1953,sub_1953,499,card,network,3,9,2,906,858,499,6,0.714,standard,1
C1954,sub_1954,4999,card,technical,3,11,6,1004,18,4999,18,0.6,new,0
C1955,sub_1955,799,upi,technical,3,6,5,1465,588,799,3,0.5,standard,0
C1956,sub_1956,1499,card,bank_decline,4,2,2,558,301,1499,16,0.429,loyal,0
C1957,sub_1957,299,card,insufficient_funds,1,2,0,1313,445,299,2,0.6,standard,0
C1958,sub_1958,4999,upi,insufficient_funds,5,1,4,768,151,4999,7,0.25,loyal,0
C1959,sub_1959,299,card,insufficient_funds,5,11,2,165,608,299,11,0.75,standard,1
C1960,sub_1960,799,card,insufficient_funds,1,7,2,986,751,799,2,0.667,standard,1
C1961,sub_1961,4999,card,insufficient_funds,5,3,0,1471,371,4999,8,0.667,new,0
C1962,sub_1962,1499,card,network,2,1,2,685,628,1499,5,0.333,new,0
C1963,sub_1963,1499,card,network,1,1,1,827,293,1499,1,0.4,standard,1
C1964,sub_1964,799,upi,technical,2,3,0,1391,674,799,0,0.667,standard,1
C1965,sub_1965,2499,card,insufficient_funds,4,10,4,1380,74,2499,3,0.647,standard,0
C1966,sub_1966,4999,upi,technical,5,12,6,606,792,4999,16,0.619,standard,0
C1967,sub_1967,1499,card,network,4,8,0,1142,340,1499,0,0.818,loyal,1
C1968,sub_1968,499,upi,card_expired,5,13,0,950,454,499,11,0.875,standard,0
C1969,sub_1969,4999,upi,network,2,5,0,974,723,4999,0,0.75,new,0
C1970,sub_1970,299,card,network,5,4,3,1083,27,299,4,0.5,standard,0
C1971,sub_1971,4999,card,network,4,9,5,496,850,4999,3,0.588,standard,0
C1972,sub_1972,299,card,network,1,1,2,464,553,299,7,0.333,enterprise,1
C1973,sub_1973,299,netbanking,technical,1,12,0,50,877,299,16,0.867,new,1
C1974,sub_1974,299,netbanking,insufficient_funds,2,10,0,1285,496,299,9,0.846,standard,1
C1975,sub_1975,499,card,card_expired,1,0,4,422,186,499,0,0.143,standard,0
C1976,sub_1976,2499,upi,insufficient_funds,2,2,2,1014,524,2499,3,0.429,enterprise,0
C1977,sub_1977,799,card,insufficient_funds,5,8,2,1031,514,799,6,0.692,new,0
C1978,sub_1978,299,card,insufficient_funds,2,10,1,1058,828,299,6,0.786,loyal,1
C1979,sub_1979,799,upi,network,4,3,6,1296,518,799,12,0.333,loyal,0
C1980,sub_1980,4999,card,technical,5,10,2,1303,366,4999,7,0.733,standard,0
C1981,sub_1981,999,card,bank_decline,2,6,4,13,159,999,16,0.538,loyal,1
C1982,sub_1982,2499,upi,bank_decline,4,9,5,1261,294,2499,5,0.588,standard,0
C1983,sub_1983,499,card,insufficient_funds,3,5,0,319,523,499,14,0.75,new,1
C1984,sub_1984,999,upi,network,2,6,1,971,332,999,2,0.7,standard,1
C1985,sub_1985,2499,card,technical,5,5,6,1012,327,2499,21,0.429,standard,0
C1986,sub_1986,1499,card,insufficient_funds,4,2,6,90,14,1499,21,0.273,standard,0
C1987,sub_1987,299,card,network,3,2,2,432,848,299,6,0.429,loyal,0
C1988,sub_1988,1499,netbanking,insufficient_funds,5,2,1,1366,753,1499,5,0.5,standard,0
C1989,sub_1989,2499,card,bank_decline,5,11,2,221,230,2499,0,0.75,loyal,0
C1990,sub_1990,299,card,card_expired,4,5,6,355,124,299,21,0.429,standard,0
C1991,sub_1991,799,upi,bank_decline,5,5,4,132,751,799,0,0.5,standard,0
C1992,sub_1992,1499,netbanking,bank_decline,2,11,0,258,753,1499,0,0.857,new,1
C1993,sub_1993,299,netbanking,network,2,12,5,960,807,299,2,0.65,loyal,1
C1994,sub_1994,1499,card,technical,2,3,1,1263,493,1499,6,0.571,new,0
C1995,sub_1995,2499,card,insufficient_funds,4,4,2,896,662,2499,21,0.556,standard,0
C1996,sub_1996,999,card,card_expired,5,5,3,434,656,999,3,0.545,standard,0
C1997,sub_1997,999,upi,network,4,11,2,1289,193,999,12,0.75,loyal,0
C1998,sub_1998,299,upi,technical,3,9,4,557,472,299,14,0.625,new,1
C1999,sub_1999,2499,upi,insufficient_funds,4,7,1,479,235,2499,17,0.727,standard,0
C2000,sub_2000,4999,card,network,1,3,6,763,678,4999,15,0.333,new,0
C2001,sub_2001,4999,card,insufficient_funds,2,5,4,213,874,4999,21,0.5,loyal,0
C2002,sub_2002,999,card,network,4,0,2,540,69,999,14,0.2,loyal,0
C2003,sub_2003,299,card,network,1,9,6,1200,69,299,18,0.556,loyal,0
C2004,sub_2004,799,card,card_expired,5,12,3,916,238,799,7,0.722,new,0
C2005,sub_2005,499,card,insufficient_funds,1,11,2,1482,106,499,8,0.75,standard,1
C2006,sub_2006,299,upi,technical,4,4,0,1165,9,299,16,0.714,standard,0
C2007,sub_2007,299,upi,insufficient_funds,4,6,6,546,880,299,19,0.467,standard,0
C2008,sub_2008,1499,upi,bank_decline,5,13,5,1152,524,1499,0,0.667,enterprise,0
C2009,sub_2009,299,upi,insufficient_funds,4,5,1,1299,699,299,9,0.667,new,0
C2010,sub_2010,299,upi,card_expired,3,11,6,949,509,299,17,0.6,standard,0
C2011,sub_2011,4999,upi,card_expired,4,8,5,1146,671,4999,2,0.562,new,0
C2012,sub_2012,1499,card,insufficient_funds,2,6,2,759,617,1499,7,0.636,standard,0
C2013,sub_2013,2499,upi,technical,3,8,6,1368,145,2499,12,0.529,standard,0
C2014,sub_2014,499,card,insufficient_funds,5,3,3,364,136,499,1,0.444,standard,0
C2015,sub_2015,799,card,network,1,5,4,642,440,799,20,0.5,standard,0
C2016,sub_2016,1499,card,card_expired,2,4,1,388,334,1499,8,0.625,enterprise,0
C2017,sub_2017,1499,upi,bank_decline,1,10,0,160,756,1499,17,0.846,loyal,1
C2018,sub_2018,799,upi,network,3,8,3,927,276,799,9,0.643,enterprise,0
C2019,sub_2019,4999,netbanking,insufficient_funds,4,5,2,186,296,4999,8,0.6,new,0
C2020,sub_2020,1499,netbanking,technical,1,11,6,346,476,1499,21,0.6,enterprise,0
C2021,sub_2021,499,netbanking,bank_decline,3,6,0,1147,174,499,18,0.778,standard,0
C2022,sub_2022,299,card,technical,3,13,5,369,772,299,11,0.667,new,0
C2023,sub_2023,299,netbanking,insufficient_funds,4,8,4,1296,10,299,10,0.6,standard,0
C2024,sub_2024,2499,upi,card_expired,2,12,6,83,762,2499,17,0.619,standard,0
C2025,sub_2025,2499,netbanking,insufficient_funds,1,13,6,690,560,2499,15,0.636,loyal,0
C2026,sub_2026,999,card,technical,1,4,6,110,799,999,21,0.385,new,0
C2027,sub_2027,2499,card,insufficient_funds,3,3,2,98,265,2499,7,0.5,standard,0
C2028,sub_2028,4999,netbanking,bank_decline,3,11,4,1188,810,4999,2,0.667,standard,1
C2029,sub_2029,499,card,insufficient_funds,5,3,1,109,777,499,4,0.571,standard,0
C2030,sub_2030,4999,card,card_expired,3,10,3,1339,411,4999,11,0.688,loyal,0
C2031,sub_2031,999,card,bank_decline,1,2,1,901,255,999,6,0.5,standard,0
C2032,sub_2032,999,card,insufficient_funds,4,12,1,728,178,999,17,0.812,standard,0
C2033,sub_2033,499,card,technical,1,9,3,1378,137,499,19,0.667,loyal,0
C2034,sub_2034,1499,netbanking,insufficient_funds,2,7,0,587,525,1499,4,0.8,loyal,1
C2035,sub_2035,1499,netbanking,card_expired,4,6,3,605,864,1499,21,0.583,standard,0
C2036,sub_2036,299,netbanking,insufficient_funds,2,8,2,620,509,299,13,0.692,new,0
C2037,sub_2037,1499,card,insufficient_funds,3,5,1,979,868,1499,5,0.667,enterprise,0
C2038,sub_2038,299,card,insufficient_funds,3,5,3,1272,680,299,4,0.545,standard,1
C2039,sub_2039,499,card,network,5,2,5,817,616,499,3,0.3,standard,0
C2040,sub_2040,1499,card,network,2,2,4,428,652,1499,10,0.333,new,1
C2041,sub_2041,2499,card,card_expired,5,12,0,1335,835,2499,1,0.867,new,0
C2042,sub_2042,299,upi,card_expired,4,10,3,902,772,299,2,0.688,enterprise,0
C2043,sub_2043,999,netbanking,card_expired,4,6,4,1250,146,999,16,0.538,enterprise,0
C2044,sub_2044,499,card,network,1,11,4,654,526,499,10,0.667,standard,1
C2045,sub_2045,1499,card,insufficient_funds,1,8,2,307,414,1499,11,0.692,standard,1
C2046,sub_2046,2499,card,network,4,8,0,1417,791,2499,7,0.818,loyal,1
C2047,sub_2047,1499,card,bank_decline,3,1,0,1019,184,1499,12,0.5,standard,0
C2048,sub_2048,2499,card,bank_decline,2,7,2,468,738,2499,7,0.667,standard,0
C2049,sub_2049,999,card,network,5,1,4,1272,431,999,0,0.25,enterprise,1
C2050,sub_2050,1499,card,card_expired,2,9,5,23,839,1499,12,0.588,new,0
C2051,sub_2051,799,card,network,3,0,4,1396,712,799,1,0.143,new,0
C2052,sub_2052,4999,upi,network,4,7,2,872,311,4999,15,0.667,loyal,1
C2053,sub_2053,499,card,network,5,5,3,888,760,499,20,0.545,loyal,0
C2054,sub_2054,4999,card,insufficient_funds,5,1,0,29,169,4999,14,0.5,new,0
C2055,sub_2055,2499,card,card_expired,4,6,5,272,4,2499,12,0.5,standard,0
C2056,sub_2056,4999,card,technical,1,2,2,1083,456,4999,21,0.429,standard,1
C2057,sub_2057,1499,card,network,1,3,3,841,351,1499,4,0.444,standard,0
C2058,sub_2058,799,upi,insufficient_funds,4,12,3,200,114,799,17,0.722,loyal,0
C2059,sub_2059,499,netbanking,bank_decline,3,4,2,1002,894,499,4,0.556,loyal,0
C2060,sub_2060,499,upi,technical,1,5,1,1122,36,499,0,0.667,standard,1
C2061,sub_2061,4999,card,card_expired,4,0,6,416,530,4999,5,0.111,standard,0
C2062,sub_2062,299,card,network,5,4,0,1037,235,299,11,0.714,standard,0
C2063,sub_2063,2499,card,card_expired,1,4,6,1459,267,2499,1,0.385,new,0
C2064,sub_2064,1499,card,insufficient_funds,5,10,0,728,190,1499,6,0.846,standard,1
C2065,sub_2065,299,netbanking,technical,2,1,0,351,350,299,1,0.5,standard,0
C2066,sub_2066,4999,card,insufficient_funds,2,13,6,1443,600,4999,5,0.636,loyal,0
C2067,sub_2067,499,card,card_expired,4,1,6,1367,290,499,15,0.2,loyal,0
C2068,sub_2068,499,card,network,2,9,6,690,649,499,3,0.556,new,1
C2069,sub_2069,999,card,insufficient_funds,1,0,5,643,403,999,5,0.125,loyal,0
C2070,sub_2070,299,netbanking,bank_decline,5,11,3,1252,706,299,2,0.706,standard,0
C2071,sub_2071,299,card,card_expired,2,9,0,10,400,299,8,0.833,new,0
C2072,sub_2072,1499,card,insufficient_funds,1,11,4,475,329,1499,16,0.667,standard,1
C2073,sub_2073,4999,card,technical,4,13,3,819,456,4999,11,0.737,loyal,1
C2074,sub_2074,299,upi,bank_decline,2,11,5,984,618,299,4,0.632,standard,0
C2075,sub_2075,1499,card,insufficient_funds,4,8,0,946,418,1499,7,0.818,standard,1
C2076,sub_2076,1499,upi,insufficient_funds,1,11,0,562,815,1499,14,0.857,standard,1
C2077,sub_2077,299,card,insufficient_funds,3,1,4,1305,464,299,10,0.25,standard,0
C2078,sub_2078,499,card,card_expired,3,9,5,977,267,499,10,0.588,standard,0
C2079,sub_2079,999,upi,insufficient_funds,5,13,6,815,26,999,19,0.636,standard,0
C2080,sub_2080,1499,card,network,3,5,3,1408,353,1499,18,0.545,loyal,0
C2081,sub_2081,499,card,technical,5,13,2,150,49,499,5,0.778,standard,0
C2082,sub_2082,999,card,technical,2,7,3,1067,33,999,15,0.615,new,0
C2083,sub_2083,999,card,bank_decline,3,6,3,1390,334,999,17,0.583,standard,0
C2084,sub_2084,1499,card,technical,5,4,4,996,262,1499,19,0.455,loyal,0
C2085,sub_2085,499,upi,bank_decline,1,1,1,852,796,499,5,0.4,standard,0
C2086,sub_2086,1499,card,bank_decline,5,12,2,552,657,1499,16,0.765,loyal,0
C2087,sub_2087,2499,card,bank_decline,4,10,3,414,711,2499,4,0.688,standard,0
C2088,sub_2088,1499,card,insufficient_funds,4,5,5,823,491,1499,9,0.462,standard,0
C2089,sub_2089,2499,upi,insufficient_funds,2,13,5,1349,100,2499,1,0.667,loyal,0
C2090,sub_2090,499,card,network,5,2,5,698,766,499,13,0.3,standard,0
C2091,sub_2091,4999,card,card_expired,5,10,1,190,445,4999,15,0.786,standard,0
C2092,sub_2092,799,card,insufficient_funds,2,6,2,730,386,799,9,0.636,standard,0
C2093,sub_2093,499,card,network,3,8,3,155,544,499,9,0.643,loyal,1
C2094,sub_2094,999,netbanking,card_expired,1,0,6,1404,148,999,5,0.111,standard,0
C2095,sub_2095,799,card,insufficient_funds,2,8,2,807,433,799,16,0.692,standard,0
C2096,sub_2096,999,card,network,1,9,6,328,545,999,20,0.556,standard,1
C2097,sub_2097,2499,card,bank_decline,3,13,5,941,628,2499,2,0.667,standard,0
C2098,sub_2098,999,upi,bank_decline,3,4,4,811,450,999,6,0.455,standard,0
C2099,sub_2099,799,card,network,3,1,4,771,897,799,13,0.25,standard,0
C2100,sub_2100,2499,card,network,4,0,5,892,891,2499,8,0.125,new,0
C2101,sub_2101,799,card,insufficient_funds,5,2,4,1394,87,799,0,0.333,loyal,0
C2102,sub_2102,4999,upi,bank_decline,1,4,4,1285,75,4999,0,0.455,standard,0
C2103,sub_2103,4999,upi,bank_decline,2,11,2,401,464,4999,5,0.75,new,0
C2104,sub_2104,999,card,network,2,2,2,367,745,999,21,0.429,standard,1
C2105,sub_2105,2499,netbanking,bank_decline,5,2,4,1485,461,2499,13,0.333,standard,0
C2106,sub_2106,1499,netbanking,network,1,0,5,970,196,1499,5,0.125,standard,1
C2107,sub_2107,4999,card,insufficient_funds,1,5,4,38,506,4999,1,0.5,loyal,0
C2108,sub_2108,999,card,technical,1,8,6,799,848,999,16,0.529,standard,1
C2109,sub_2109,799,card,network,4,3,4,186,151,799,8,0.4,loyal,0
C2110,sub_2110,499,card,network,3,6,2,54,401,499,8,0.636,new,0
C2111,sub_2111,1499,card,insufficient_funds,5,3,4,286,574,1499,12,0.4,standard,0
C2112,sub_2112,1499,card,card_expired,2,11,4,389,354,1499,5,0.667,standard,0
C2113,sub_2113,999,netbanking,technical,2,0,6,128,40,999,16,0.111,standard,1
C2114,sub_2114,799,card,technical,3,2,1,1254,603,799,6,0.5,enterprise,1
C2115,sub_2115,999,upi,network,1,7,1,662,667,999,15,0.727,loyal,1
C2116,sub_2116,999,card,network,5,11,1,832,589,999,11,0.8,new,0
C2117,sub_2117,299,card,bank_decline,5,5,0,1299,597,299,3,0.75,new,0
C2118,sub_2118,1499,upi,network,1,0,4,1257,591,1499,13,0.143,loyal,0
C2119,sub_2119,2499,card,technical,5,7,6,1232,298,2499,1,0.5,new,0
C2120,sub_2120,799,card,card_expired,3,3,4,302,15,799,15,0.4,loyal,0
C2121,sub_2121,799,card,network,2,4,0,1119,890,799,8,0.714,standard,0
C2122,sub_2122,299,upi,bank_decline,5,12,2,1493,184,299,14,0.765,standard,0
C2123,sub_2123,1499,card,network,3,13,6,21,746,1499,5,0.636,new,1
C2124,sub_2124,799,card,insufficient_funds,2,3,0,1303,487,799,8,0.667,standard,0
C2125,sub_2125,2499,card,card_expired,5,8,4,1299,486,2499,6,0.6,new,0
C2126,sub_2126,4999,card,insufficient_funds,4,7,3,1263,19,4999,5,0.615,standard,0
C2127,sub_2127,2499,card,card_expired,1,13,6,600,891,2499,7,0.636,loyal,1
C2128,sub_2128,499,card,card_expired,4,13,3,306,476,499,1,0.737,standard,0
C2129,sub_2129,499,card,technical,4,4,3,1100,747,499,8,0.5,standard,0
C2130,sub_2130,999,card,technical,2,0,5,938,700,999,2,0.125,standard,1
C2131,sub_2131,1499,upi,insufficient_funds,3,0,5,1093,125,1499,11,0.125,standard,0
C2132,sub_2132,299,upi,network,5,0,3,391,852,299,1,0.167,standard,0
C2133,sub_2133,999,card,bank_decline,1,10,5,274,532,999,0,0.611,standard,0
C2134,sub_2134,299,card,technical,4,10,5,1353,167,299,9,0.611,loyal,1
C2135,sub_2135,499,card,insufficient_funds,5,11,3,777,523,499,6,0.706,loyal,0
C2136,sub_2136,799,netbanking,insufficient_funds,5,1,5,1278,555,799,19,0.222,loyal,0
C2137,sub_2137,299,card,insufficient_funds,2,0,2,1390,587,299,5,0.2,standard,0
C2138,sub_2138,499,card,network,2,2,2,694,290,499,8,0.429,new,0
C2139,sub_2139,1499,card,card_expired,5,8,0,401,846,1499,5,0.818,new,0
C2140,sub_2140,4999,card,insufficient_funds,3,0,4,1344,213,4999,19,0.143,loyal,0
C2141,sub_2141,2499,card,bank_decline,3,9,1,1075,443,2499,17,0.769,new,0
C2142,sub_2142,799,card,bank_decline,3,12,5,1002,754,799,3,0.65,loyal,1
C2143,sub_2143,4999,upi,bank_decline,3,2,6,1437,70,4999,5,0.273,enterprise,0
C2144,sub_2144,999,card,insufficient_funds,4,10,6,376,363,999,4,0.579,new,0
C2145,sub_2145,799,upi,insufficient_funds,3,7,1,547,431,799,3,0.727,standard,1
C2146,sub_2146,2499,upi,bank_decline,2,13,4,68,695,2499,5,0.7,standard,0
C2147,sub_2147,799,card,bank_decline,3,3,5,587,709,799,18,0.364,standard,0
C2148,sub_2148,2499,netbanking,insufficient_funds,4,3,3,675,717,2499,10,0.444,standard,0
C2149,sub_2149,499,upi,technical,5,0,3,684,323,499,8,0.167,standard,0
C2150,sub_2150,799,upi,network,3,9,3,234,442,799,4,0.667,loyal,1
C2151,sub_2151,4999,upi,bank_decline,4,12,2,1215,25,4999,4,0.765,standard,1
C2152,sub_2152,499,card,network,3,0,4,739,740,499,12,0.143,new,0
C2153,sub_2153,2499,card,network,4,6,6,664,273,2499,16,0.467,new,0
C2154,sub_2154,999,card,insufficient_funds,2,10,1,1297,421,999,12,0.786,loyal,0
C2155,sub_2155,4999,card,network,3,10,0,734,614,4999,14,0.846,new,1
C2156,sub_2156,799,card,network,1,13,0,1339,699,799,5,0.875,loyal,1
C2157,sub_2157,999,card,network,2,10,4,341,78,999,20,0.647,standard,0
C2158,sub_2158,799,card,insufficient_funds,4,12,1,1277,690,799,18,0.812,enterprise,0
C2159,sub_2159,499,netbanking,bank_decline,1,13,3,1482,338,499,19,0.737,loyal,0
C2160,sub_2160,2499,upi,network,2,12,6,1128,376,2499,14,0.619,loyal,0
C2161,sub_2161,1499,card,card_expired,4,6,0,1339,120,1499,15,0.778,loyal,0
C2162,sub_2162,999,card,bank_decline,5,5,1,1112,645,999,1,0.667,standard,0
C2163,sub_2163,799,card,network,3,5,1,904,428,799,3,0.667,new,1
C2164,sub_2164,2499,netbanking,network,3,13,3,1148,94,2499,2,0.737,loyal,1
C2165,sub_2165,799,upi,bank_decline,3,3,4,1441,128,799,10,0.4,standard,0
C2166,sub_2166,499,card,bank_decline,4,10,1,911,649,499,12,0.786,standard,0
C2167,sub_2167,299,card,insufficient_funds,3,8,0,1033,99,299,2,0.818,standard,1
C2168,sub_2168,4999,card,bank_decline,1,0,0,128,469,4999,16,0.333,standard,0
C2169,sub_2169,299,upi,network,3,6,5,1439,628,299,12,0.5,standard,0
C2170,sub_2170,2499,netbanking,insufficient_funds,2,2,0,1168,820,2499,13,0.6,new,0
C2171,sub_2171,799,card,bank_decline,4,10,4,250,143,799,20,0.647,standard,0
C2172,sub_2172,299,card,network,1,6,4,441,266,299,12,0.538,standard,1
C2173,sub_2173,4999,card,bank_decline,4,4,0,345,140,4999,0,0.714,loyal,1
C2174,sub_2174,2499,card,insufficient_funds,1,0,3,486,791,2499,16,0.167,standard,0
C2175,sub_2175,2499,netbanking,bank_decline,5,1,2,1328,533,2499,19,0.333,loyal,0
C2176,sub_2176,999,upi,insufficient_funds,4,10,3,701,884,999,1,0.688,enterprise,1
C2177,sub_2177,2499,card,insufficient_funds,1,12,0,635,40,2499,11,0.867,new,1
C2178,sub_2178,299,card,network,5,4,4,1170,635,299,10,0.455,standard,0
C2179,sub_2179,499,card,network,3,11,5,563,30,499,3,0.632,standard,1
C2180,sub_2180,999,card,bank_decline,4,7,0,1329,99,999,6,0.8,loyal,1
C2181,sub_2181,2499,card,network,1,4,3,1133,388,2499,18,0.5,standard,0
C2182,sub_2182,1499,upi,network,1,6,4,392,330,1499,8,0.538,new,1
C2183,sub_2183,799,upi,network,5,9,0,949,329,799,11,0.833,standard,0
C2184,sub_2184,1499,card,network,3,12,5,729,62,1499,17,0.65,standard,0
C2185,sub_2185,299,upi,bank_decline,4,6,3,522,490,299,9,0.583,new,0
C2186,sub_2186,999,upi,insufficient_funds,5,4,2,1360,307,999,19,0.556,standard,0
C2187,sub_2187,799,card,technical,3,10,3,602,894,799,10,0.688,loyal,0
C2188,sub_2188,999,upi,network,2,7,4,183,710,999,21,0.571,new,1
C2189,sub_2189,299,card,card_expired,5,5,4,618,391,299,3,0.5,standard,0
C2190,sub_2190,4999,upi,insufficient_funds,1,6,5,780,689,4999,19,0.5,standard,0
C2191,sub_2191,2499,card,insufficient_funds,3,7,0,198,518,2499,2,0.8,standard,0
C2192,sub_2192,4999,card,bank_decline,5,1,5,1116,446,4999,17,0.222,new,0
C2193,sub_2193,2499,card,technical,2,0,0,352,827,2499,14,0.333,new,0
C2194,sub_2194,1499,card,bank_decline,2,9,4,147,529,1499,12,0.625,enterprise,0
C2195,sub_2195,799,card,network,3,2,2,810,435,799,19,0.429,standard,0
C2196,sub_2196,299,upi,network,1,7,0,249,510,299,14,0.8,standard,1
C2197,sub_2197,1499,card,card_expired,1,10,4,1174,703,1499,15,0.647,loyal,0
C2198,sub_2198,4999,card,insufficient_funds,2,3,3,111,667,4999,16,0.444,new,0
C2199,sub_2199,799,netbanking,bank_decline,5,5,4,634,494,799,18,0.5,new,0
C2200,sub_2200,4999,card,card_expired,2,13,2,87,159,4999,5,0.778,new,1
C2201,sub_2201,499,card,card_expired,4,0,1,581,573,499,18,0.25,loyal,1
C2202,sub_2202,499,card,bank_decline,3,10,4,1400,388,499,12,0.647,standard,0
C2203,sub_2203,1499,card,bank_decline,4,2,1,979,839,1499,0,0.5,standard,0
C2204,sub_2204,999,card,network,2,12,5,807,817,999,20,0.65,standard,1
C2205,sub_2205,2499,upi,network,5,5,4,244,1,2499,16,0.5,loyal,0
C2206,sub_2206,799,card,card_expired,2,0,6,476,899,799,19,0.111,loyal,0
C2207,sub_2207,2499,card,insufficient_funds,4,10,0,577,810,2499,16,0.846,standard,0
C2208,sub_2208,799,card,network,5,2,4,872,816,799,7,0.333,standard,0
C2209,sub_2209,499,upi,insufficient_funds,3,5,3,320,448,499,7,0.545,standard,0
C2210,sub_2210,999,card,bank_decline,4,7,6,1499,244,999,6,0.5,standard,0
C2211,sub_2211,999,upi,bank_decline,1,10,2,980,546,999,9,0.733,new,1
C2212,sub_2212,999,card,card_expired,3,5,6,474,794,999,0,0.429,standard,0
C2213,sub_2213,299,card,insufficient_funds,2,12,1,177,405,299,16,0.812,standard,0
C2214,sub_2214,799,card,network,5,6,5,896,886,799,16,0.5,loyal,0
C2215,sub_2215,299,card,insufficient_funds,5,4,3,677,235,299,21,0.5,standard,0
C2216,sub_2216,2499,card,insufficient_funds,4,4,6,1014,767,2499,12,0.385,standard,0
C2217,sub_2217,299,upi,card_expired,5,11,1,898,60,299,21,0.8,standard,0
C2218,sub_2218,4999,card,card_expired,5,9,1,964,755,4999,4,0.769,loyal,0
C2219,sub_2219,299,card,network,4,1,3,1252,850,299,10,0.286,standard,0
C2220,sub_2220,1499,card,network,3,10,3,792,632,1499,17,0.688,standard,0
C2221,sub_2221,799,card,network,2,5,1,1089,561,799,17,0.667,new,1
C2222,sub_2222,299,card,technical,5,4,4,544,370,299,17,0.455,standard,0
C2223,sub_2223,799,card,card_expired,1,1,2,1414,786,799,10,0.333,enterprise,0
C2224,sub_2224,299,card,network,1,13,1,617,114,299,1,0.824,new,1
C2225,sub_2225,1499,card,technical,5,0,3,1023,262,1499,19,0.167,standard,0
C2226,sub_2226,4999,card,insufficient_funds,1,13,4,1497,118,4999,8,0.7,new,1
C2227,sub_2227,799,card,insufficient_funds,1,0,0,530,250,799,14,0.333,standard,0
C2228,sub_2228,999,card,technical,3,7,6,161,471,999,2,0.5,loyal,1
C2229,sub_2229,299,card,network,3,1,4,355,302,299,20,0.25,standard,1
C2230,sub_2230,999,netbanking,network,1,6,1,373,379,999,5,0.7,new,1
C2231,sub_2231,4999,card,card_expired,2,11,5,94,208,4999,21,0.632,standard,0
C2232,sub_2232,999,upi,network,2,8,5,820,318,999,15,0.562,new,0
C2233,sub_2233,4999,card,card_expired,2,7,6,423,448,4999,7,0.5,standard,0
C2234,sub_2234,2499,card,network,1,1,5,154,193,2499,8,0.222,loyal,0
C2235,sub_2235,299,card,network,4,13,1,213,842,299,21,0.824,standard,0
C2236,sub_2236,299,card,network,3,5,1,417,807,299,13,0.667,standard,0
C2237,sub_2237,799,upi,insufficient_funds,5,7,1,560,788,799,15,0.727,standard,0
C2238,sub_2238,4999,upi,network,1,12,6,1461,2,4999,13,0.619,loyal,0
C2239,sub_2239,499,card,network,4,8,2,1056,446,499,5,0.692,new,1
C2240,sub_2240,299,upi,bank_decline,5,10,2,1074,715,299,2,0.733,standard,0
C2241,sub_2241,4999,card,insufficient_funds,3,2,6,1041,314,4999,0,0.273,new,0
C2242,sub_2242,499,card,insufficient_funds,4,6,1,1206,209,499,8,0.7,new,0
C2243,sub_2243,799,upi,network,3,7,2,484,550,799,15,0.667,standard,1
C2244,sub_2244,2499,card,insufficient_funds,3,2,2,158,3,2499,6,0.429,loyal,0
C2245,sub_2245,299,card,network,5,5,2,767,551,299,4,0.6,new,1
C2246,sub_2246,499,netbanking,card_expired,3,11,4,11,406,499,8,0.667,enterprise,1
C2247,sub_2247,2499,netbanking,network,3,13,5,332,615,2499,5,0.667,standard,1
C2248,sub_2248,299,card,technical,5,11,1,1131,614,299,9,0.8,loyal,1
C2249,sub_2249,1499,card,technical,3,13,0,759,482,1499,12,0.875,standard,0
C2250,sub_2250,999,upi,network,1,13,4,1039,525,999,5,0.7,standard,1
C2251,sub_2251,499,card,network,4,2,3,770,25,499,0,0.375,loyal,0
C2252,sub_2252,1499,card,network,4,11,4,818,883,1499,2,0.667,standard,0
C2253,sub_2253,799,card,card_expired,2,8,3,458,69,799,9,0.643,standard,1
C2254,sub_2254,4999,netbanking,network,4,12,5,335,879,4999,3,0.65,loyal,0
C2255,sub_2255,799,netbanking,bank_decline,1,8,4,396,876,799,17,0.6,standard,0
C2256,sub_2256,2499,upi,bank_decline,2,1,5,1199,646,2499,3,0.222,loyal,0
C2257,sub_2257,499,card,bank_decline,5,7,5,1469,671,499,0,0.533,new,0
C2258,sub_2258,2499,card,insufficient_funds,4,10,3,131,27,2499,13,0.688,standard,0
C2259,sub_2259,799,card,technical,4,1,2,810,853,799,13,0.333,standard,0
C2260,sub_2260,999,netbanking,network,4,7,4,710,475,999,14,0.571,standard,0
C2261,sub_2261,2499,card,insufficient_funds,1,9,4,847,306,2499,3,0.625,standard,1
C2262,sub_2262,4999,card,insufficient_funds,5,6,4,357,603,4999,14,0.538,loyal,0
C2263,sub_2263,2499,upi,technical,2,11,3,21,481,2499,18,0.706,loyal,0
C2264,sub_2264,1499,card,card_expired,4,1,2,312,326,1499,13,0.333,standard,0
C2265,sub_2265,1499,upi,bank_decline,5,4,0,280,290,1499,8,0.714,new,0
C2266,sub_2266,799,card,network,2,13,2,88,107,799,10,0.778,new,1
C2267,sub_2267,1499,upi,technical,4,7,6,541,818,1499,17,0.5,new,0
C2268,sub_2268,1499,card,insufficient_funds,1,2,5,1029,599,1499,3,0.3,standard,0
C2269,sub_2269,999,card,insufficient_funds,4,1,5,1449,259,999,15,0.222,standard,0
C2270,sub_2270,799,card,technical,3,8,5,989,651,799,5,0.562,standard,0
C2271,sub_2271,799,card,insufficient_funds,1,13,6,271,624,799,19,0.636,loyal,1
C2272,sub_2272,299,card,insufficient_funds,4,0,1,549,126,299,3,0.25,loyal,1
C2273,sub_2273,2499,card,card_expired,5,1,5,461,158,2499,11,0.222,standard,0
C2274,sub_2274,299,card,network,1,5,0,326,208,299,8,0.75,standard,1
C2275,sub_2275,299,upi,insufficient_funds,5,2,1,1485,95,299,10,0.5,standard,0
C2276,sub_2276,799,card,network,5,1,0,986,740,799,8,0.5,standard,0
C2277,sub_2277,299,upi,network,3,4,3,726,140,299,0,0.5,standard,1
C2278,sub_2278,2499,upi,bank_decline,5,8,0,660,730,2499,18,0.818,new,0
C2279,sub_2279,299,card,card_expired,2,11,2,484,476,299,11,0.75,loyal,1
C2280,sub_2280,999,upi,insufficient_funds,4,4,0,630,106,999,13,0.714,standard,0
C2281,sub_2281,2499,card,insufficient_funds,4,9,0,955,760,2499,11,0.833,standard,0
C2282,sub_2282,1499,card,insufficient_funds,3,11,3,1393,156,1499,11,0.706,standard,0
C2283,sub_2283,1499,card,card_expired,5,0,2,749,899,1499,13,0.2,standard,0
C2284,sub_2284,799,upi,technical,5,11,2,285,13,799,9,0.75,standard,0
C2285,sub_2285,999,card,technical,4,2,2,1436,560,999,2,0.429,standard,0
C2286,sub_2286,2499,card,insufficient_funds,3,9,2,479,282,2499,0,0.714,new,0
C2287,sub_2287,999,netbanking,insufficient_funds,5,10,0,133,480,999,11,0.846,standard,0
C2288,sub_2288,1499,card,insufficient_funds,3,11,3,820,755,1499,4,0.706,standard,0
C2289,sub_2289,2499,netbanking,card_expired,4,5,5,1187,708,2499,9,0.462,new,0
C2290,sub_2290,499,upi,insufficient_funds,1,9,0,393,254,499,13,0.833,loyal,1
C2291,sub_2291,299,netbanking,card_expired,2,0,1,425,58,299,13,0.25,loyal,0
C2292,sub_2292,999,netbanking,card_expired,5,6,5,440,255,999,3,0.5,standard,0
C2293,sub_2293,799,netbanking,insufficient_funds,3,13,3,1211,728,799,14,0.737,loyal,0
C2294,sub_2294,499,card,insufficient_funds,3,2,1,1436,464,499,20,0.5,standard,0
C2295,sub_2295,2499,upi,insufficient_funds,5,2,5,1273,682,2499,7,0.3,new,0
C2296,sub_2296,1499,upi,network,2,9,2,346,445,1499,2,0.714,standard,1
C2297,sub_2297,1499,upi,network,2,7,4,1275,477,1499,11,0.571,standard,1
C2298,sub_2298,1499,card,bank_decline,1,6,3,471,59,1499,13,0.583,standard,0
C2299,sub_2299,999,netbanking,insufficient_funds,2,3,1,1301,21,999,8,0.571,enterprise,1
C2300,sub_2300,999,card,network,3,2,5,1487,633,999,13,0.3,standard,0
C2301,sub_2301,499,card,card_expired,4,10,4,1080,182,499,16,0.647,standard,0
C2302,sub_2302,2499,card,bank_decline,2,5,1,1433,325,2499,12,0.667,new,0
C2303,sub_2303,4999,card,network,3,10,5,222,333,4999,17,0.611,loyal,0
C2304,sub_2304,4999,upi,bank_decline,2,6,4,985,570,4999,3,0.538,new,0
C2305,sub_2305,799,card,technical,5,5,5,87,847,799,6,0.462,loyal,0
C2306,sub_2306,299,upi,card_expired,3,3,5,981,682,299,12,0.364,new,0
C2307,sub_2307,4999,upi,card_expired,1,9,2,517,575,4999,5,0.714,loyal,0
C2308,sub_2308,1499,card,network,4,3,6,1455,751,1499,21,0.333,standard,0
C2309,sub_2309,2499,upi,technical,2,12,0,747,459,2499,14,0.867,standard,1
C2310,sub_2310,799,card,insufficient_funds,5,5,2,1146,131,799,9,0.6,new,0
C2311,sub_2311,4999,upi,technical,2,11,4,460,440,4999,17,0.667,new,1
C2312,sub_2312,2499,netbanking,card_expired,5,6,3,121,880,2499,21,0.583,new,0
C2313,sub_2313,299,card,network,4,5,1,1115,702,299,0,0.667,new,1
C2314,sub_2314,999,upi,network,1,6,1,340,315,999,12,0.7,standard,0
C2315,sub_2315,999,card,card_expired,4,6,5,1086,291,999,9,0.5,standard,0
C2316,sub_2316,1499,card,card_expired,4,6,6,702,826,1499,16,0.467,standard,0
C2317,sub_2317,499,upi,network,3,12,4,1458,85,499,6,0.684,standard,1
C2318,sub_2318,299,card,bank_decline,1,9,3,535,839,299,7,0.667,loyal,0
C2319,sub_2319,499,card,bank_decline,3,0,5,606,609,499,16,0.125,enterprise,0
C2320,sub_2320,999,card,insufficient_funds,4,0,1,1113,727,999,19,0.25,standard,0
C2321,sub_2321,499,card,insufficient_funds,1,0,6,1180,296,499,3,0.111,standard,0
C2322,sub_2322,999,upi,network,2,9,0,197,584,999,13,0.833,enterprise,0
C2323,sub_2323,799,card,bank_decline,4,2,4,1114,293,799,17,0.333,enterprise,0
C2324,sub_2324,1499,card,insufficient_funds,3,5,2,742,16,1499,3,0.6,loyal,0
C2325,sub_2325,799,card,bank_decline,5,11,6,1483,409,799,14,0.6,standard,0
C2326,sub_2326,499,upi,insufficient_funds,2,1,1,950,881,499,21,0.4,standard,0
C2327,sub_2327,1499,card,card_expired,4,2,4,1162,219,1499,18,0.333,loyal,0
C2328,sub_2328,499,card,network,3,1,1,522,146,499,4,0.4,standard,1
C2329,sub_2329,799,card,network,2,3,1,432,829,799,21,0.571,standard,0
C2330,sub_2330,1499,card,bank_decline,5,1,2,1179,819,1499,7,0.333,enterprise,0
C2331,sub_2331,499,netbanking,insufficient_funds,4,8,5,32,762,499,10,0.562,loyal,0
C2332,sub_2332,299,card,insufficient_funds,3,10,1,874,878,299,6,0.786,new,0
C2333,sub_2333,799,card,technical,2,2,4,1452,891,799,15,0.333,new,0
C2334,sub_2334,799,upi,technical,5,7,3,1486,826,799,2,0.615,loyal,0
C2335,sub_2335,1499,card,bank_decline,1,4,6,1076,868,1499,15,0.385,standard,0
C2336,sub_2336,1499,card,network,1,1,2,750,670,1499,1,0.333,standard,1
C2337,sub_2337,299,card,card_expired,1,6,1,1220,283,299,18,0.7,new,0
C2338,sub_2338,2499,card,bank_decline,4,9,6,31,413,2499,7,0.556,new,0
C2339,sub_2339,2499,upi,insufficient_funds,1,3,2,1191,343,2499,11,0.5,loyal,0
C2340,sub_2340,499,netbanking,network,4,11,1,293,459,499,5,0.8,enterprise,0
C2341,sub_2341,799,netbanking,bank_decline,1,13,5,1106,628,799,2,0.667,standard,0
C2342,sub_2342,2499,netbanking,insufficient_funds,4,0,5,528,218,2499,0,0.125,new,0
C2343,sub_2343,1499,card,card_expired,4,2,0,1129,15,1499,21,0.6,standard,0
C2344,sub_2344,799,card,technical,5,4,5,908,542,799,2,0.417,standard,0
C2345,sub_2345,2499,upi,card_expired,2,11,4,1394,894,2499,1,0.667,enterprise,0
C2346,sub_2346,1499,netbanking,insufficient_funds,1,1,1,1183,775,1499,11,0.4,standard,0
C2347,sub_2347,999,upi,insufficient_funds,4,6,3,1372,10,999,21,0.583,enterprise,0
C2348,sub_2348,299,card,insufficient_funds,3,7,1,235,539,299,1,0.727,loyal,0
C2349,sub_2349,1499,upi,network,5,1,1,575,478,1499,5,0.4,standard,0
C2350,sub_2350,499,upi,bank_decline,1,0,0,661,383,499,12,0.333,new,1
C2351,sub_2351,4999,netbanking,bank_decline,3,1,1,56,602,4999,10,0.4,enterprise,0
C2352,sub_2352,499,upi,insufficient_funds,1,0,4,43,384,499,3,0.143,new,0
C2353,sub_2353,299,card,insufficient_funds,3,7,5,67,822,299,20,0.533,loyal,0
C2354,sub_2354,799,card,bank_decline,1,13,3,1153,817,799,7,0.737,standard,0
C2355,sub_2355,799,card,network,4,4,0,675,580,799,14,0.714,standard,0
C2356,sub_2356,799,card,insufficient_funds,4,3,3,1130,413,799,10,0.444,standard,0
C2357,sub_2357,4999,netbanking,insufficient_funds,1,3,5,1254,537,4999,12,0.364,standard,0
C2358,sub_2358,499,card,card_expired,3,13,5,63,810,499,19,0.667,standard,0
C2359,sub_2359,2499,card,network,3,13,5,1272,271,2499,7,0.667,standard,1
C2360,sub_2360,499,card,card_expired,4,9,2,346,781,499,17,0.714,standard,0
C2361,sub_2361,1499,upi,insufficient_funds,3,6,4,612,532,1499,6,0.538,standard,0
C2362,sub_2362,299,card,card_expired,3,2,0,1444,58,299,6,0.6,standard,0
C2363,sub_2363,499,card,network,5,13,2,459,674,499,0,0.778,loyal,0
C2364,sub_2364,499,upi,insufficient_funds,3,0,3,1410,182,499,7,0.167,loyal,0
C2365,sub_2365,799,card,insufficient_funds,5,2,0,764,464,799,12,0.6,standard,0
C2366,sub_2366,999,card,network,5,9,0,29,855,999,14,0.833,enterprise,0
C2367,sub_2367,4999,card,network,5,2,5,1250,701,4999,9,0.3,standard,0
C2368,sub_2368,2499,card,network,5,1,1,76,629,2499,7,0.4,new,0
C2369,sub_2369,1499,upi,insufficient_funds,4,8,0,958,63,1499,4,0.818,new,0
C2370,sub_2370,999,netbanking,network,3,0,4,692,773,999,19,0.143,loyal,0
C2371,sub_2371,499,card,technical,3,3,1,218,302,499,8,0.571,standard,0
C2372,sub_2372,799,netbanking,insufficient_funds,2,8,6,776,46,799,6,0.529,loyal,0
C2373,sub_2373,299,upi,bank_decline,5,2,6,549,863,299,20,0.273,standard,0
C2374,sub_2374,1499,card,technical,4,10,5,156,172,1499,14,0.611,new,0
C2375,sub_2375,2499,card,network,5,1,2,837,291,2499,18,0.333,standard,0
C2376,sub_2376,999,card,card_expired,4,8,6,75,128,999,8,0.529,standard,0
C2377,sub_2377,1499,netbanking,bank_decline,3,1,1,812,560,1499,9,0.4,standard,0
C2378,sub_2378,799,card,card_expired,2,10,1,346,781,799,16,0.786,loyal,0
C2379,sub_2379,4999,card,insufficient_funds,5,10,6,1247,468,4999,21,0.579,standard,0
C2380,sub_2380,4999,upi,insufficient_funds,4,11,4,1425,782,4999,17,0.667,standard,0
C2381,sub_2381,799,netbanking,network,5,3,0,1398,843,799,10,0.667,loyal,0
C2382,sub_2382,2499,upi,insufficient_funds,3,3,6,1407,785,2499,13,0.333,standard,0
C2383,sub_2383,799,upi,technical,3,13,1,159,147,799,7,0.824,loyal,1
C2384,sub_2384,299,card,technical,1,10,4,769,186,299,10,0.647,standard,1
C2385,sub_2385,799,netbanking,network,1,2,3,344,270,799,8,0.375,standard,0
C2386,sub_2386,2499,card,bank_decline,4,0,0,154,574,2499,2,0.333,standard,0
C2387,sub_2387,999,card,insufficient_funds,2,4,5,594,776,999,19,0.417,new,0
C2388,sub_2388,4999,netbanking,technical,1,9,4,649,282,4999,3,0.625,standard,1
C2389,sub_2389,799,card,network,4,5,6,451,599,799,5,0.429,standard,0
C2390,sub_2390,999,card,technical,4,11,4,180,169,999,5,0.667,standard,0
C2391,sub_2391,299,upi,bank_decline,1,7,5,618,489,299,4,0.533,standard,0
C2392,sub_2392,2499,card,network,3,13,6,241,701,2499,10,0.636,new,1
C2393,sub_2393,799,card,network,3,12,6,70,356,799,21,0.619,standard,1
C2394,sub_2394,299,card,bank_decline,1,6,3,682,147,299,7,0.583,loyal,1
C2395,sub_2395,499,upi,network,4,11,0,108,370,499,16,0.857,standard,0
C2396,sub_2396,1499,upi,insufficient_funds,2,6,2,1449,686,1499,16,0.636,standard,0
C2397,sub_2397,2499,card,technical,5,0,4,1259,841,2499,16,0.143,new,0
C2398,sub_2398,4999,card,card_expired,1,4,0,1389,554,4999,13,0.714,standard,0
C2399,sub_2399,499,upi,insufficient_funds,5,5,0,162,604,499,16,0.75,standard,0
C2400,sub_2400,1499,card,insufficient_funds,1,13,2,702,378,1499,16,0.778,loyal,1
C2401,sub_2401,999,card,network,4,11,6,1237,836,999,15,0.6,standard,0
C2402,sub_2402,2499,card,technical,4,2,2,867,783,2499,12,0.429,standard,0
C2403,sub_2403,1499,card,insufficient_funds,3,0,6,466,874,1499,2,0.111,standard,0
C2404,sub_2404,299,card,network,2,7,5,1249,777,299,11,0.533,standard,0
C2405,sub_2405,499,upi,insufficient_funds,1,7,2,470,492,499,16,0.667,loyal,0
C2406,sub_2406,1499,netbanking,technical,2,10,1,1461,864,1499,7,0.786,standard,1
C2407,sub_2407,999,card,network,4,3,5,160,549,999,5,0.364,loyal,0
C2408,sub_2408,4999,upi,bank_decline,4,11,5,1061,541,4999,13,0.632,standard,0
C2409,sub_2409,2499,card,bank_decline,1,5,4,29,591,2499,2,0.5,new,0
C2410,sub_2410,299,card,bank_decline,1,4,6,1372,168,299,15,0.385,new,0
C2411,sub_2411,1499,upi,technical,3,5,0,539,755,1499,21,0.75,new,0
C2412,sub_2412,799,card,bank_decline,3,13,2,40,327,799,10,0.778,standard,0
C2413,sub_2413,999,netbanking,technical,5,5,4,1254,593,999,0,0.5,new,1
C2414,sub_2414,299,card,network,4,7,0,1451,759,299,5,0.8,new,1
C2415,sub_2415,2499,card,bank_decline,3,12,6,1380,104,2499,0,0.619,new,0
C2416,sub_2416,499,card,insufficient_funds,3,0,4,733,271,499,10,0.143,new,0
C2417,sub_2417,4999,card,insufficient_funds,4,7,2,101,848,4999,6,0.667,standard,0
C2418,sub_2418,4999,netbanking,technical,3,9,1,349,325,4999,17,0.769,loyal,1
C2419,sub_2419,2499,upi,technical,4,12,0,56,595,2499,18,0.867,standard,0
C2420,sub_2420,299,card,bank_decline,1,0,4,76,505,299,9,0.143,new,0
C2421,sub_2421,799,card,insufficient_funds,5,10,6,246,783,799,21,0.579,standard,0
C2422,sub_2422,299,upi,insufficient_funds,5,11,0,849,459,299,9,0.857,standard,0
C2423,sub_2423,1499,upi,insufficient_funds,3,4,2,1151,382,1499,2,0.556,new,0
C2424,sub_2424,4999,card,insufficient_funds,3,10,4,881,15,4999,19,0.647,standard,0
C2425,sub_2425,999,card,insufficient_funds,3,6,3,315,427,999,8,0.583,standard,0
C2426,sub_2426,299,card,network,5,9,4,906,527,299,19,0.625,standard,0
C2427,sub_2427,799,card,network,1,5,4,353,620,799,16,0.5,standard,0
C2428,sub_2428,499,card,bank_decline,2,2,6,697,702,499,20,0.273,standard,0
C2429,sub_2429,999,card,insufficient_funds,4,11,4,1334,698,999,14,0.667,new,0
C2430,sub_2430,799,card,technical,4,3,4,210,413,799,13,0.4,new,0
C2431,sub_2431,2499,card,card_expired,2,2,2,1313,71,2499,5,0.429,loyal,0
C2432,sub_2432,499,card,network,1,12,1,413,229,499,6,0.812,standard,1
C2433,sub_2433,799,netbanking,network,3,13,0,1008,367,799,7,0.875,standard,1
C2434,sub_2434,499,card,network,4,8,0,399,881,499,6,0.818,loyal,1
C2435,sub_2435,4999,card,technical,4,8,5,254,693,4999,13,0.562,standard,0
C2436,sub_2436,799,card,network,1,5,0,681,805,799,19,0.75,new,0
C2437,sub_2437,4999,card,insufficient_funds,1,8,3,577,893,4999,0,0.643,loyal,1
C2438,sub_2438,1499,upi,technical,2,8,4,766,120,1499,13,0.6,new,0
C2439,sub_2439,799,card,technical,3,7,4,361,11,799,16,0.571,standard,1
C2440,sub_2440,1499,card,network,1,9,0,1467,517,1499,9,0.833,standard,1
C2441,sub_2441,299,netbanking,network,1,7,6,1011,239,299,6,0.5,new,1
C2442,sub_2442,4999,upi,network,3,12,3,1262,782,4999,9,0.722,new,0
C2443,sub_2443,4999,upi,network,2,9,0,1172,418,4999,18,0.833,standard,1
C2444,sub_2444,799,card,network,4,5,0,1088,9,799,20,0.75,standard,0
C2445,sub_2445,499,card,card_expired,1,9,6,221,201,499,15,0.556,new,1
C2446,sub_2446,799,upi,technical,5,3,6,886,308,799,10,0.333,new,0
C2447,sub_2447,2499,card,insufficient_funds,1,2,5,1347,25,2499,14,0.3,standard,0
C2448,sub_2448,1499,upi,card_expired,3,11,2,153,286,1499,14,0.75,loyal,0
C2449,sub_2449,299,upi,network,5,8,6,699,486,299,16,0.529,loyal,0
C2450,sub_2450,299,card,bank_decline,4,0,1,284,804,299,3,0.25,standard,0
C2451,sub_2451,499,card,card_expired,5,4,1,1194,584,499,1,0.625,standard,0
C2452,sub_2452,2499,card,bank_decline,1,13,5,1397,84,2499,7,0.667,standard,1
C2453,sub_2453,499,card,technical,4,8,2,86,375,499,5,0.692,standard,1
C2454,sub_2454,4999,upi,insufficient_funds,1,12,3,1204,692,4999,13,0.722,new,0
C2455,sub_2455,799,upi,network,4,7,4,547,333,799,11,0.571,new,0
C2456,sub_2456,4999,card,network,2,0,1,1446,507,4999,20,0.25,loyal,0
C2457,sub_2457,4999,upi,insufficient_funds,4,2,6,32,887,4999,17,0.273,standard,0
C2458,sub_2458,2499,card,technical,1,1,1,295,124,2499,3,0.4,new,0
C2459,sub_2459,499,upi,insufficient_funds,5,10,6,1080,430,499,18,0.579,standard,0
C2460,sub_2460,299,card,bank_decline,3,10,1,1169,549,299,16,0.786,standard,0
C2461,sub_2461,499,upi,insufficient_funds,3,6,2,128,718,499,8,0.636,standard,0
C2462,sub_2462,1499,upi,network,3,10,1,248,753,1499,1,0.786,standard,1
C2463,sub_2463,1499,card,insufficient_funds,1,7,3,514,259,1499,17,0.615,loyal,0
C2464,sub_2464,4999,card,card_expired,2,10,0,61,420,4999,4,0.846,loyal,0
C2465,sub_2465,4999,upi,card_expired,4,9,1,1174,747,4999,4,0.769,loyal,0
C2466,sub_2466,799,card,insufficient_funds,5,6,3,1007,755,799,10,0.583,standard,0
C2467,sub_2467,799,upi,network,5,9,4,1125,741,799,1,0.625,standard,0
C2468,sub_2468,2499,netbanking,bank_decline,3,4,6,709,601,2499,8,0.385,loyal,0
C2469,sub_2469,2499,upi,network,2,10,5,964,241,2499,5,0.611,standard,0
C2470,sub_2470,799,card,technical,3,12,6,863,332,799,1,0.619,loyal,1
C2471,sub_2471,299,card,network,3,2,5,1044,590,299,19,0.3,enterprise,0
C2472,sub_2472,299,netbanking,network,2,9,5,681,229,299,5,0.588,standard,1
C2473,sub_2473,2499,card,insufficient_funds,2,1,2,980,614,2499,11,0.333,new,0
C2474,sub_2474,799,card,insufficient_funds,5,5,6,971,463,799,17,0.429,standard,0
C2475,sub_2475,2499,card,insufficient_funds,2,9,6,965,398,2499,10,0.556,standard,0
C2476,sub_2476,2499,upi,insufficient_funds,1,3,3,1309,320,2499,6,0.444,loyal,0
C2477,sub_2477,4999,card,technical,4,3,0,530,696,4999,16,0.667,new,0
C2478,sub_2478,999,card,insufficient_funds,4,5,0,1319,419,999,15,0.75,standard,0
C2479,sub_2479,1499,card,insufficient_funds,2,1,3,51,276,1499,0,0.286,standard,0
C2480,sub_2480,499,upi,insufficient_funds,4,8,4,734,346,499,18,0.6,standard,0
C2481,sub_2481,4999,card,network,5,1,3,668,436,4999,2,0.286,loyal,0
C2482,sub_2482,4999,upi,card_expired,5,4,6,1303,556,4999,16,0.385,standard,0
C2483,sub_2483,799,upi,network,4,4,3,77,891,799,2,0.5,standard,1
C2484,sub_2484,799,netbanking,card_expired,3,13,4,332,307,799,1,0.7,standard,0
C2485,sub_2485,2499,netbanking,network,1,13,5,708,161,2499,2,0.667,standard,1
C2486,sub_2486,799,card,technical,3,1,6,1225,880,799,16,0.2,standard,0
C2487,sub_2487,2499,upi,insufficient_funds,5,2,4,701,133,2499,9,0.333,new,0
C2488,sub_2488,299,card,technical,5,10,3,962,813,299,13,0.688,new,0
C2489,sub_2489,499,netbanking,insufficient_funds,4,4,0,276,128,499,6,0.714,loyal,0
C2490,sub_2490,2499,card,network,5,9,4,1415,328,2499,2,0.625,standard,0
C2491,sub_2491,4999,upi,bank_decline,3,12,1,1178,898,4999,17,0.812,standard,0
C2492,sub_2492,299,upi,card_expired,1,2,2,74,149,299,18,0.429,standard,0
C2493,sub_2493,2499,card,bank_decline,3,13,3,1059,144,2499,18,0.737,standard,0
C2494,sub_2494,299,upi,insufficient_funds,2,0,0,202,548,299,1,0.333,new,0
C2495,sub_2495,4999,card,card_expired,5,3,4,843,172,4999,20,0.4,standard,0
C2496,sub_2496,499,card,bank_decline,4,7,1,1065,22,499,11,0.727,new,0
C2497,sub_2497,799,card,card_expired,3,12,3,1389,625,799,4,0.722,loyal,1
C2498,sub_2498,2499,card,insufficient_funds,2,7,2,115,863,2499,4,0.667,standard,1
C2499,sub_2499,2499,card,card_expired,1,1,2,437,683,2499,11,0.333,loyal,0
C2500,sub_2500,799,netbanking,card_expired,1,3,2,1038,867,799,13,0.5,loyal,0
C2501,sub_2501,799,card,technical,2,10,0,400,474,799,1,0.846,loyal,1
C2502,sub_2502,4999,card,insufficient_funds,2,7,1,1071,553,4999,10,0.727,standard,0
C2503,sub_2503,4999,netbanking,insufficient_funds,2,0,5,283,884,4999,5,0.125,new,0
C2504,sub_2504,999,upi,bank_decline,5,7,0,253,453,999,20,0.8,loyal,0
C2505,sub_2505,299,card,insufficient_funds,4,5,3,821,35,299,13,0.545,loyal,0
C2506,sub_2506,4999,netbanking,bank_decline,3,0,0,1036,215,4999,8,0.333,loyal,0
C2507,sub_2507,1499,card,insufficient_funds,1,3,3,315,559,1499,9,0.444,enterprise,0
C2508,sub_2508,999,card,network,5,13,4,1312,771,999,18,0.7,standard,0
C2509,sub_2509,299,card,bank_decline,4,9,3,1304,546,299,15,0.667,standard,0
C2510,sub_2510,4999,upi,network,3,0,5,130,365,4999,8,0.125,loyal,0
C2511,sub_2511,2499,card,network,3,0,1,463,289,2499,18,0.25,new,0
C2512,sub_2512,499,card,card_expired,3,4,3,838,615,499,13,0.5,loyal,0
C2513,sub_2513,799,upi,bank_decline,5,6,1,741,809,799,1,0.7,loyal,0
C2514,sub_2514,799,card,technical,4,6,3,389,250,799,13,0.583,standard,0
C2515,sub_2515,4999,card,network,3,9,0,798,498,4999,20,0.833,standard,0
C2516,sub_2516,999,upi,network,4,2,1,1444,385,999,18,0.5,standard,1
C2517,sub_2517,4999,upi,technical,5,0,4,468,222,4999,0,0.143,loyal,0
C2518,sub_2518,1499,card,network,2,9,5,336,365,1499,19,0.588,new,1
C2519,sub_2519,799,card,network,5,12,1,1110,80,799,21,0.812,standard,0
C2520,sub_2520,799,netbanking,insufficient_funds,4,2,1,860,477,799,3,0.5,standard,0
C2521,sub_2521,2499,card,insufficient_funds,1,5,2,1041,97,2499,14,0.6,loyal,1
C2522,sub_2522,999,card,technical,5,8,1,973,427,999,16,0.75,standard,0
C2523,sub_2523,1499,card,bank_decline,4,2,6,1143,807,1499,0,0.273,standard,0
C2524,sub_2524,299,card,bank_decline,2,12,4,1096,132,299,18,0.684,new,0
C2525,sub_2525,799,netbanking,network,2,3,2,912,226,799,8,0.5,standard,0
C2526,sub_2526,1499,card,insufficient_funds,5,7,3,687,649,1499,6,0.615,loyal,0
C2527,sub_2527,799,card,insufficient_funds,5,4,3,695,816,799,5,0.5,standard,0
C2528,sub_2528,2499,card,network,1,9,3,405,860,2499,11,0.667,standard,0
C2529,sub_2529,499,card,network,4,2,2,678,108,499,17,0.429,standard,0
C2530,sub_2530,2499,card,insufficient_funds,1,1,6,911,215,2499,18,0.2,standard,0
C2531,sub_2531,299,netbanking,network,2,7,2,1077,885,299,4,0.667,standard,1
C2532,sub_2532,799,upi,card_expired,3,12,2,1161,455,799,18,0.765,loyal,0
C2533,sub_2533,999,card,bank_decline,2,8,0,571,750,999,18,0.818,standard,0
C2534,sub_2534,499,card,network,3,10,3,1102,13,499,1,0.688,standard,1
C2535,sub_2535,999,card,insufficient_funds,3,6,5,661,105,999,6,0.5,standard,1
C2536,sub_2536,4999,card,bank_decline,3,1,6,543,184,4999,0,0.2,loyal,0
C2537,sub_2537,999,card,bank_decline,5,5,3,253,78,999,21,0.545,new,0
C2538,sub_2538,999,card,bank_decline,1,13,0,406,801,999,10,0.875,new,1
C2539,sub_2539,4999,upi,insufficient_funds,4,10,5,1022,723,4999,5,0.611,standard,0
C2540,sub_2540,4999,netbanking,bank_decline,2,9,4,332,351,4999,19,0.625,enterprise,0
C2541,sub_2541,299,card,network,1,4,6,124,71,299,15,0.385,standard,1
C2542,sub_2542,2499,netbanking,insufficient_funds,3,8,3,415,96,2499,20,0.643,standard,0
C2543,sub_2543,2499,card,network,2,8,0,1485,236,2499,17,0.818,standard,1
C2544,sub_2544,4999,card,insufficient_funds,1,9,6,233,654,4999,21,0.556,standard,0
C2545,sub_2545,2499,upi,insufficient_funds,3,12,4,224,721,2499,4,0.684,enterprise,0
C2546,sub_2546,299,card,network,5,9,5,610,485,299,4,0.588,standard,0
C2547,sub_2547,2499,card,bank_decline,3,3,0,580,816,2499,1,0.667,loyal,0
C2548,sub_2548,2499,upi,insufficient_funds,4,3,3,1381,835,2499,7,0.444,loyal,0
C2549,sub_2549,999,card,network,1,8,3,364,691,999,12,0.643,standard,1
C2550,sub_2550,299,upi,network,1,12,1,631,71,299,12,0.812,standard,0
C2551,sub_2551,499,card,insufficient_funds,2,13,5,443,801,499,14,0.667,standard,1
C2552,sub_2552,499,upi,insufficient_funds,4,8,1,382,817,499,16,0.75,new,0
C2553,sub_2553,4999,card,insufficient_funds,5,7,0,490,504,4999,17,0.8,enterprise,0
C2554,sub_2554,299,card,network,1,11,1,393,539,299,11,0.8,loyal,1
C2555,sub_2555,2499,card,bank_decline,3,13,6,1080,701,2499,6,0.636,standard,0
C2556,sub_2556,499,upi,technical,2,0,0,1187,533,499,9,0.333,loyal,0
C2557,sub_2557,2499,card,insufficient_funds,4,4,4,273,310,2499,19,0.455,new,0
C2558,sub_2558,299,netbanking,card_expired,2,4,1,748,627,299,17,0.625,new,0
C2559,sub_2559,499,card,bank_decline,3,7,2,403,706,499,20,0.667,new,0
C2560,sub_2560,299,card,technical,5,4,3,1302,128,299,11,0.5,loyal,1
C2561,sub_2561,999,card,card_expired,3,4,0,160,612,999,17,0.714,new,0
C2562,sub_2562,2499,card,technical,4,0,1,619,156,2499,9,0.25,new,1
C2563,sub_2563,799,netbanking,technical,4,0,4,503,517,799,0,0.143,new,0
C2564,sub_2564,999,card,bank_decline,3,6,0,551,97,999,16,0.778,standard,0
C2565,sub_2565,1499,upi,insufficient_funds,2,13,3,1412,893,1499,1,0.737,standard,1
C2566,sub_2566,999,card,network,5,4,4,815,601,999,13,0.455,standard,0
C2567,sub_2567,2499,card,network,2,3,1,576,423,2499,21,0.571,loyal,0
C2568,sub_2568,499,card,insufficient_funds,5,3,1,1213,453,499,0,0.571,enterprise,0
C2569,sub_2569,499,netbanking,insufficient_funds,5,13,3,1168,557,499,16,0.737,standard,0
C2570,sub_2570,499,upi,insufficient_funds,3,9,5,225,113,499,19,0.588,enterprise,0
C2571,sub_2571,499,card,card_expired,5,9,0,697,459,499,13,0.833,loyal,0
C2572,sub_2572,299,upi,card_expired,4,2,2,624,644,299,15,0.429,loyal,0
C2573,sub_2573,299,card,bank_decline,4,12,6,679,235,299,19,0.619,new,0
C2574,sub_2574,299,card,network,1,2,2,529,431,299,17,0.429,loyal,0
C2575,sub_2575,499,upi,network,1,13,2,1237,297,499,0,0.778,standard,1
C2576,sub_2576,1499,card,bank_decline,1,13,5,1493,145,1499,17,0.667,new,0
C2577,sub_2577,499,upi,bank_decline,1,7,3,49,880,499,16,0.615,loyal,0
C2578,sub_2578,1499,netbanking,technical,5,12,2,1286,533,1499,5,0.765,standard,0
C2579,sub_2579,299,netbanking,bank_decline,1,13,5,1298,353,299,14,0.667,loyal,0
C2580,sub_2580,2499,upi,technical,1,8,0,554,305,2499,18,0.818,standard,1
C2581,sub_2581,799,card,insufficient_funds,5,10,4,732,611,799,18,0.647,standard,0
C2582,sub_2582,999,upi,insufficient_funds,2,8,2,162,98,999,19,0.692,new,0
C2583,sub_2583,1499,card,network,5,7,6,533,510,1499,17,0.5,loyal,0
C2584,sub_2584,4999,card,card_expired,5,4,5,364,207,4999,2,0.417,new,0
C2585,sub_2585,2499,card,technical,3,9,6,1361,800,2499,10,0.556,loyal,0
C2586,sub_2586,799,card,insufficient_funds,5,3,0,169,706,799,5,0.667,standard,0
C2587,sub_2587,799,netbanking,card_expired,5,2,1,516,682,799,1,0.5,new,0
C2588,sub_2588,799,upi,insufficient_funds,1,3,6,726,132,799,5,0.333,standard,0
C2589,sub_2589,299,card,network,1,0,2,1466,73,299,20,0.2,enterprise,0
C2590,sub_2590,799,card,network,2,13,5,1227,413,799,13,0.667,loyal,0
C2591,sub_2591,2499,upi,network,3,3,4,1405,320,2499,16,0.4,new,0
C2592,sub_2592,499,card,technical,4,11,3,472,652,499,11,0.706,new,1
C2593,sub_2593,799,upi,insufficient_funds,1,6,0,409,641,799,7,0.778,new,0
C2594,sub_2594,299,netbanking,bank_decline,1,4,0,861,358,299,10,0.714,loyal,0
C2595,sub_2595,499,card,card_expired,2,3,5,517,146,499,21,0.364,new,0
C2596,sub_2596,299,card,network,2,11,0,33,292,299,6,0.857,new,1
C2597,sub_2597,999,card,network,5,7,0,1220,453,999,6,0.8,standard,1
C2598,sub_2598,799,card,bank_decline,2,6,1,151,228,799,18,0.7,enterprise,0
C2599,sub_2599,4999,card,network,5,9,6,301,286,4999,8,0.556,standard,0
C2600,sub_2600,1499,card,technical,1,11,4,1415,217,1499,19,0.667,loyal,1
C2601,sub_2601,799,card,network,1,9,5,1100,59,799,21,0.588,new,0
C2602,sub_2602,999,card,card_expired,5,6,4,967,541,999,1,0.538,standard,0
C2603,sub_2603,4999,card,bank_decline,2,12,3,202,897,4999,14,0.722,standard,0
C2604,sub_2604,499,upi,network,1,12,1,383,856,499,2,0.812,loyal,1
C2605,sub_2605,499,card,network,3,13,3,316,836,499,19,0.737,loyal,0
C2606,sub_2606,999,upi,technical,1,1,3,965,593,999,2,0.286,new,0
C2607,sub_2607,299,card,network,1,12,6,755,673,299,19,0.619,standard,1
C2608,sub_2608,999,card,insufficient_funds,3,2,6,547,58,999,16,0.273,new,0
C2609,sub_2609,499,card,insufficient_funds,3,8,5,1121,181,499,11,0.562,standard,0
C2610,sub_2610,4999,upi,network,3,9,5,1169,635,4999,4,0.588,enterprise,0
C2611,sub_2611,2499,card,bank_decline,3,2,5,1111,889,2499,5,0.3,standard,0
C2612,sub_2612,299,card,bank_decline,1,0,4,167,817,299,9,0.143,loyal,0
C2613,sub_2613,999,card,insufficient_funds,2,13,5,917,568,999,18,0.667,new,0
C2614,sub_2614,499,netbanking,bank_decline,2,12,0,322,98,499,19,0.867,loyal,1
C2615,sub_2615,1499,card,network,2,2,0,415,869,1499,11,0.6,loyal,1
C2616,sub_2616,999,card,network,3,8,3,1467,286,999,5,0.643,standard,1
C2617,sub_2617,4999,upi,card_expired,2,2,0,628,39,4999,12,0.6,new,0
C2618,sub_2618,499,card,technical,4,7,2,1183,691,499,18,0.667,loyal,0
C2619,sub_2619,999,card,network,5,4,1,376,156,999,11,0.625,loyal,0
C2620,sub_2620,4999,upi,network,4,10,6,1458,272,4999,19,0.579,standard,0
C2621,sub_2621,299,card,insufficient_funds,2,8,4,422,609,299,0,0.6,enterprise,0
C2622,sub_2622,499,card,bank_decline,3,6,0,281,868,499,11,0.778,loyal,0
C2623,sub_2623,2499,card,network,3,9,4,491,816,2499,1,0.625,standard,1
C2624,sub_2624,299,card,insufficient_funds,4,6,5,268,148,299,13,0.5,standard,0
C2625,sub_2625,499,netbanking,bank_decline,2,0,2,902,159,499,13,0.2,standard,0
C2626,sub_2626,4999,upi,insufficient_funds,1,8,6,224,728,4999,6,0.529,standard,0
C2627,sub_2627,1499,card,network,4,10,6,319,286,1499,17,0.579,loyal,0
C2628,sub_2628,299,card,network,4,6,6,1056,71,299,20,0.467,loyal,0
C2629,sub_2629,2499,upi,insufficient_funds,1,2,0,73,529,2499,10,0.6,new,0
C2630,sub_2630,999,upi,insufficient_funds,4,0,3,666,591,999,9,0.167,standard,0
C2631,sub_2631,999,card,bank_decline,1,4,5,1041,899,999,4,0.417,standard,0
C2632,sub_2632,4999,netbanking,card_expired,4,10,3,673,438,4999,0,0.688,standard,0
C2633,sub_2633,799,card,card_expired,4,4,3,42,719,799,8,0.5,loyal,0
C2634,sub_2634,799,upi,technical,1,13,2,245,481,799,9,0.778,standard,1
C2635,sub_2635,1499,card,insufficient_funds,4,4,2,1456,831,1499,16,0.556,standard,0
C2636,sub_2636,499,card,insufficient_funds,1,5,4,1160,439,499,18,0.5,standard,0
C2637,sub_2637,299,upi,technical,2,10,0,531,607,299,2,0.846,loyal,1
C2638,sub_2638,299,upi,network,4,8,5,1311,866,299,3,0.562,standard,0
C2639,sub_2639,799,card,bank_decline,2,0,5,19,789,799,12,0.125,standard,0
C2640,sub_2640,299,card,bank_decline,5,1,0,80,361,299,8,0.5,enterprise,0
C2641,sub_2641,999,upi,network,5,2,5,1328,456,999,15,0.3,loyal,0
C2642,sub_2642,4999,card,insufficient_funds,5,12,3,1014,533,4999,7,0.722,standard,0
C2643,sub_2643,499,card,network,1,0,2,903,112,499,9,0.2,standard,1
C2644,sub_2644,299,upi,network,1,1,3,523,210,299,9,0.286,standard,1
C2645,sub_2645,299,card,insufficient_funds,1,10,3,1227,638,299,13,0.688,standard,0
C2646,sub_2646,499,card,insufficient_funds,3,8,1,916,65,499,1,0.75,standard,1
C2647,sub_2647,1499,card,bank_decline,3,13,4,658,541,1499,19,0.7,new,1
C2648,sub_2648,999,netbanking,technical,4,3,4,577,436,999,7,0.4,standard,0
C2649,sub_2649,799,card,bank_decline,2,9,2,537,437,799,4,0.714,standard,1
C2650,sub_2650,2499,upi,network,1,1,3,867,761,2499,14,0.286,enterprise,0
C2651,sub_2651,799,netbanking,network,4,8,4,986,248,799,2,0.6,loyal,1
C2652,sub_2652,1499,upi,network,4,1,3,1209,711,1499,12,0.286,new,1
C2653,sub_2653,4999,card,network,4,12,3,614,705,4999,1,0.722,standard,1
C2654,sub_2654,499,card,technical,2,5,6,388,893,499,5,0.429,standard,1
C2655,sub_2655,299,card,insufficient_funds,3,3,6,838,738,299,15,0.333,standard,0
C2656,sub_2656,499,card,network,5,13,2,879,456,499,8,0.778,new,0
C2657,sub_2657,499,netbanking,bank_decline,4,0,5,423,328,499,19,0.125,enterprise,0
C2658,sub_2658,2499,upi,insufficient_funds,5,11,5,119,703,2499,7,0.632,loyal,0
C2659,sub_2659,4999,card,network,3,7,0,505,835,4999,15,0.8,loyal,1
C2660,sub_2660,999,card,network,1,9,4,115,253,999,0,0.625,standard,1
C2661,sub_2661,299,netbanking,card_expired,4,3,5,132,333,299,21,0.364,loyal,0
C2662,sub_2662,2499,card,bank_decline,3,12,0,1449,447,2499,13,0.867,loyal,0
C2663,sub_2663,4999,upi,network,1,6,2,1174,97,4999,15,0.636,standard,1
C2664,sub_2664,799,card,technical,1,5,5,62,283,799,7,0.462,new,1
C2665,sub_2665,1499,upi,bank_decline,2,6,6,529,150,1499,6,0.467,new,0
C2666,sub_2666,1499,upi,bank_decline,1,4,6,389,695,1499,9,0.385,standard,0
C2667,sub_2667,999,card,network,4,4,4,1462,445,999,5,0.455,loyal,0
C2668,sub_2668,799,card,network,4,1,0,662,543,799,0,0.5,standard,0
C2669,sub_2669,499,upi,bank_decline,2,6,0,397,72,499,14,0.778,enterprise,0
C2670,sub_2670,499,card,insufficient_funds,1,6,5,955,516,499,15,0.5,standard,0
C2671,sub_2671,799,card,card_expired,1,5,5,717,646,799,14,0.462,new,0
C2672,sub_2672,2499,card,bank_decline,5,13,1,289,620,2499,12,0.824,standard,0
C2673,sub_2673,2499,card,network,2,1,0,465,715,2499,11,0.5,new,0
C2674,sub_2674,299,upi,bank_decline,1,12,1,199,103,299,21,0.812,loyal,1
C2675,sub_2675,299,card,technical,4,12,6,1043,494,299,11,0.619,standard,0
C2676,sub_2676,999,card,bank_decline,5,0,5,1456,434,999,15,0.125,new,0
C2677,sub_2677,2499,netbanking,insufficient_funds,1,9,6,1214,804,2499,9,0.556,standard,0
C2678,sub_2678,999,card,bank_decline,5,2,0,569,621,999,0,0.6,loyal,1
C2679,sub_2679,2499,card,insufficient_funds,4,0,4,735,858,2499,7,0.143,standard,0
C2680,sub_2680,1499,upi,bank_decline,2,12,6,100,23,1499,15,0.619,new,0
C2681,sub_2681,1499,netbanking,bank_decline,4,1,3,556,403,1499,13,0.286,loyal,0
C2682,sub_2682,999,card,bank_decline,3,4,5,57,633,999,15,0.417,new,1
C2683,sub_2683,299,upi,insufficient_funds,4,1,4,1119,81,299,16,0.25,standard,0
C2684,sub_2684,499,card,network,1,1,0,1364,586,499,4,0.5,standard,1
C2685,sub_2685,2499,card,network,2,0,3,295,208,2499,17,0.167,standard,0
C2686,sub_2686,799,netbanking,insufficient_funds,4,11,1,1014,67,799,15,0.8,standard,0
C2687,sub_2687,2499,netbanking,insufficient_funds,5,0,0,903,592,2499,6,0.333,new,0
C2688,sub_2688,799,card,card_expired,1,10,4,632,384,799,11,0.647,standard,0
C2689,sub_2689,299,card,insufficient_funds,2,2,6,1103,365,299,18,0.273,standard,0
C2690,sub_2690,1499,card,bank_decline,4,12,0,1022,293,1499,3,0.867,standard,0
C2691,sub_2691,4999,card,technical,5,11,2,411,616,4999,6,0.75,new,1
C2692,sub_2692,999,netbanking,network,4,8,4,1199,557,999,4,0.6,standard,0
C2693,sub_2693,299,upi,bank_decline,4,11,2,986,600,299,6,0.75,loyal,1
C2694,sub_2694,799,card,card_expired,2,4,0,475,709,799,4,0.714,loyal,0
C2695,sub_2695,4999,card,insufficient_funds,1,10,1,1105,545,4999,17,0.786,loyal,1
C2696,sub_2696,799,card,network,4,3,0,964,68,799,21,0.667,standard,0
C2697,sub_2697,299,card,bank_decline,4,8,6,184,142,299,21,0.529,standard,0
C2698,sub_2698,2499,upi,technical,3,12,3,257,892,2499,7,0.722,standard,0
C2699,sub_2699,499,card,bank_decline,3,10,6,492,258,499,20,0.579,loyal,0
C2700,sub_2700,299,card,technical,2,3,4,76,385,299,1,0.4,standard,0
C2701,sub_2701,1499,upi,technical,3,10,2,615,340,1499,2,0.733,enterprise,0
C2702,sub_2702,799,netbanking,insufficient_funds,2,12,6,697,891,799,7,0.619,standard,0
C2703,sub_2703,299,card,card_expired,3,12,1,1166,742,299,6,0.812,standard,1
C2704,sub_2704,299,card,insufficient_funds,1,10,1,265,435,299,20,0.786,loyal,0
C2705,sub_2705,499,card,technical,4,10,5,855,614,499,16,0.611,new,0
C2706,sub_2706,499,card,network,2,10,3,1000,496,499,16,0.688,enterprise,1
C2707,sub_2707,299,card,insufficient_funds,4,10,2,679,580,299,17,0.733,standard,0
C2708,sub_2708,799,card,bank_decline,3,1,4,1361,858,799,15,0.25,standard,0
C2709,sub_2709,2499,card,insufficient_funds,5,11,6,484,605,2499,11,0.6,standard,0
C2710,sub_2710,799,card,bank_decline,2,2,1,617,102,799,1,0.5,new,0
C2711,sub_2711,299,upi,insufficient_funds,2,7,6,16,453,299,0,0.5,loyal,0
C2712,sub_2712,4999,card,technical,2,4,6,622,737,4999,21,0.385,standard,0
C2713,sub_2713,1499,upi,technical,4,2,5,40,36,1499,11,0.3,standard,0
C2714,sub_2714,4999,upi,insufficient_funds,1,3,1,1475,322,4999,20,0.571,new,0
C2715,sub_2715,1499,upi,bank_decline,4,1,0,368,181,1499,0,0.5,loyal,0
C2716,sub_2716,999,upi,insufficient_funds,5,6,0,1220,649,999,13,0.778,loyal,0
C2717,sub_2717,999,upi,card_expired,4,5,4,183,127,999,6,0.5,new,0
C2718,sub_2718,299,upi,card_expired,1,5,2,418,562,299,8,0.6,loyal,1
C2719,sub_2719,799,card,bank_decline,3,1,6,188,58,799,14,0.2,loyal,0
C2720,sub_2720,999,card,network,3,8,0,559,831,999,10,0.818,new,0
C2721,sub_2721,799,card,network,2,2,2,908,288,799,2,0.429,enterprise,1
C2722,sub_2722,2499,card,bank_decline,3,11,1,635,367,2499,21,0.8,new,0
C2723,sub_2723,4999,card,card_expired,4,0,6,912,709,4999,15,0.111,loyal,0
C2724,sub_2724,999,card,insufficient_funds,5,0,0,1211,342,999,7,0.333,standard,0
C2725,sub_2725,2499,card,network,2,4,2,76,104,2499,13,0.556,enterprise,0
C2726,sub_2726,499,card,insufficient_funds,2,5,6,642,814,499,3,0.429,standard,0
C2727,sub_2727,4999,card,bank_decline,2,13,6,894,101,4999,9,0.636,standard,0
C2728,sub_2728,1499,upi,network,3,7,6,789,447,1499,9,0.5,loyal,0
C2729,sub_2729,2499,card,insufficient_funds,3,5,4,227,112,2499,8,0.5,loyal,0
C2730,sub_2730,1499,upi,technical,4,11,1,317,628,1499,10,0.8,standard,0
C2731,sub_2731,2499,card,network,2,3,0,572,243,2499,20,0.667,standard,1
C2732,sub_2732,999,upi,bank_decline,2,12,2,980,839,999,0,0.765,standard,0
C2733,sub_2733,4999,upi,network,1,5,3,1484,182,4999,12,0.545,new,1
C2734,sub_2734,1499,card,bank_decline,1,4,3,558,603,1499,20,0.5,new,0
C2735,sub_2735,999,netbanking,bank_decline,1,4,0,787,13,999,19,0.714,new,0
C2736,sub_2736,499,card,technical,2,0,4,466,102,499,19,0.143,new,0
C2737,sub_2737,4999,card,network,4,9,2,60,249,4999,9,0.714,loyal,0
C2738,sub_2738,299,upi,insufficient_funds,4,8,0,603,795,299,12,0.818,standard,0
C2739,sub_2739,299,card,bank_decline,5,8,6,528,896,299,13,0.529,standard,0
C2740,sub_2740,299,card,network,3,9,2,234,552,299,18,0.714,new,1
C2741,sub_2741,299,card,network,3,0,1,1009,303,299,21,0.25,loyal,0
C2742,sub_2742,499,card,network,5,12,3,395,281,499,5,0.722,new,0
C2743,sub_2743,999,card,technical,1,7,6,344,190,999,2,0.5,new,0
C2744,sub_2744,499,card,bank_decline,4,9,5,589,307,499,5,0.588,loyal,0
C2745,sub_2745,999,card,card_expired,5,0,0,1447,446,999,5,0.333,new,0
C2746,sub_2746,999,card,bank_decline,3,10,4,958,617,999,6,0.647,loyal,0
C2747,sub_2747,999,card,insufficient_funds,2,9,4,643,207,999,20,0.625,standard,0
C2748,sub_2748,299,card,insufficient_funds,4,5,6,1232,33,299,4,0.429,loyal,0
C2749,sub_2749,999,upi,insufficient_funds,5,13,6,41,504,999,9,0.636,new,0
C2750,sub_2750,799,card,card_expired,2,9,5,511,219,799,7,0.588,standard,0
C2751,sub_2751,999,card,network,3,12,4,815,361,999,5,0.684,standard,1
C2752,sub_2752,299,upi,technical,1,11,2,738,640,299,4,0.75,standard,1
C2753,sub_2753,4999,netbanking,bank_decline,2,2,6,1017,807,4999,21,0.273,loyal,0
C2754,sub_2754,2499,card,insufficient_funds,4,13,6,1055,481,2499,13,0.636,standard,0
C2755,sub_2755,799,card,card_expired,3,10,6,689,835,799,2,0.579,standard,0
C2756,sub_2756,799,upi,network,1,2,6,1395,242,799,14,0.273,new,0
C2757,sub_2757,799,netbanking,technical,2,11,4,1392,642,799,13,0.667,loyal,1
C2758,sub_2758,4999,card,technical,1,6,6,718,881,4999,7,0.467,enterprise,1
C2759,sub_2759,1499,card,technical,4,12,5,1353,194,1499,17,0.65,new,0
C2760,sub_2760,999,card,insufficient_funds,5,2,1,964,664,999,17,0.5,new,0
C2761,sub_2761,1499,card,network,1,3,0,217,427,1499,17,0.667,loyal,0
C2762,sub_2762,299,netbanking,network,2,4,6,188,792,299,14,0.385,loyal,0
C2763,sub_2763,2499,upi,network,5,6,2,129,275,2499,9,0.636,standard,1
C2764,sub_2764,1499,card,network,5,8,6,325,864,1499,4,0.529,standard,0
C2765,sub_2765,799,upi,network,4,3,2,475,718,799,0,0.5,loyal,1
C2766,sub_2766,1499,upi,technical,4,9,2,112,634,1499,20,0.714,standard,0
C2767,sub_2767,299,card,network,5,0,5,916,27,299,18,0.125,enterprise,0
C2768,sub_2768,999,upi,network,2,4,3,622,75,999,4,0.5,loyal,1
C2769,sub_2769,4999,card,bank_decline,5,9,4,906,596,4999,17,0.625,loyal,0
C2770,sub_2770,2499,card,card_expired,5,3,2,759,431,2499,1,0.5,loyal,0
C2771,sub_2771,299,card,bank_decline,2,6,4,414,291,299,5,0.538,enterprise,0
C2772,sub_2772,1499,card,card_expired,1,8,3,926,757,1499,3,0.643,new,1
C2773,sub_2773,1499,netbanking,technical,3,3,6,1427,433,1499,7,0.333,loyal,1
C2774,sub_2774,999,card,card_expired,4,13,3,481,413,999,7,0.737,standard,0
C2775,sub_2775,799,card,insufficient_funds,5,11,0,467,291,799,11,0.857,standard,0
C2776,sub_2776,1499,card,bank_decline,1,13,5,779,883,1499,10,0.667,standard,1
C2777,sub_2777,799,card,insufficient_funds,2,6,6,1208,328,799,2,0.467,standard,0
C2778,sub_2778,4999,card,insufficient_funds,4,4,6,801,234,4999,3,0.385,standard,0
C2779,sub_2779,2499,upi,insufficient_funds,1,13,0,1249,607,2499,18,0.875,standard,0
C2780,sub_2780,4999,card,network,4,10,6,120,31,4999,12,0.579,new,1
C2781,sub_2781,799,card,bank_decline,2,11,2,156,536,799,20,0.75,standard,0
C2782,sub_2782,1499,card,network,1,2,5,615,508,1499,2,0.3,standard,0
C2783,sub_2783,499,card,network,2,12,4,356,220,499,6,0.684,standard,1
C2784,sub_2784,2499,upi,network,4,7,6,44,692,2499,3,0.5,standard,0
C2785,sub_2785,2499,card,bank_decline,5,10,2,330,40,2499,20,0.733,loyal,0
C2786,sub_2786,2499,card,insufficient_funds,1,11,4,413,883,2499,3,0.667,loyal,0
C2787,sub_2787,299,upi,card_expired,3,1,4,1380,770,299,17,0.25,standard,0
C2788,sub_2788,999,upi,bank_decline,2,1,1,1175,158,999,4,0.4,standard,0
C2789,sub_2789,499,upi,network,4,0,5,533,443,499,16,0.125,standard,0
C2790,sub_2790,4999,card,bank_decline,4,9,1,1437,178,4999,10,0.769,standard,0
C2791,sub_2791,999,card,insufficient_funds,5,12,5,1256,557,999,21,0.65,new,0
C2792,sub_2792,1499,upi,network,2,0,0,383,317,1499,1,0.333,loyal,1
C2793,sub_2793,999,card,card_expired,2,1,1,722,440,999,7,0.4,new,0
C2794,sub_2794,299,upi,technical,2,6,3,1383,861,299,15,0.583,enterprise,1
C2795,sub_2795,1499,card,insufficient_funds,4,5,1,691,557,1499,20,0.667,new,0
C2796,sub_2796,1499,upi,card_expired,3,1,0,562,780,1499,11,0.5,loyal,0
C2797,sub_2797,799,card,insufficient_funds,1,8,0,1356,564,799,2,0.818,standard,0
C2798,sub_2798,1499,card,card_expired,5,12,2,994,427,1499,13,0.765,loyal,0
C2799,sub_2799,799,card,card_expired,1,2,3,666,14,799,10,0.375,loyal,0
C2800,sub_2800,1499,card,card_expired,5,0,0,1305,81,1499,17,0.333,new,0
C2801,sub_2801,799,upi,card_expired,1,3,0,1119,480,799,12,0.667,new,1
C2802,sub_2802,2499,card,network,3,2,4,528,454,2499,19,0.333,standard,1
C2803,sub_2803,4999,card,card_expired,2,6,2,642,452,4999,2,0.636,new,0
C2804,sub_2804,999,netbanking,card_expired,4,1,5,80,761,999,13,0.222,new,0
C2805,sub_2805,299,upi,card_expired,3,5,5,161,87,299,16,0.462,enterprise,0
C2806,sub_2806,1499,card,network,2,1,0,1432,593,1499,8,0.5,standard,1
C2807,sub_2807,4999,netbanking,insufficient_funds,3,9,6,89,671,4999,10,0.556,new,0
C2808,sub_2808,1499,card,insufficient_funds,5,6,4,1256,581,1499,15,0.538,standard,0
C2809,sub_2809,799,upi,network,2,1,5,320,213,799,10,0.222,new,0
C2810,sub_2810,999,card,network,2,0,3,816,366,999,8,0.167,loyal,0
C2811,sub_2811,799,card,insufficient_funds,1,6,0,1086,50,799,12,0.778,new,0
C2812,sub_2812,2499,card,bank_decline,4,8,6,1486,160,2499,17,0.529,standard,0
C2813,sub_2813,2499,card,network,4,2,3,566,723,2499,2,0.375,standard,0
C2814,sub_2814,1499,card,bank_decline,4,4,0,1388,556,1499,19,0.714,enterprise,0
C2815,sub_2815,799,card,insufficient_funds,1,8,1,686,778,799,4,0.75,new,1
C2816,sub_2816,499,upi,bank_decline,4,6,1,1302,622,499,2,0.7,loyal,1
C2817,sub_2817,1499,card,insufficient_funds,5,1,2,161,217,1499,3,0.333,standard,0
C2818,sub_2818,799,card,insufficient_funds,5,5,3,409,732,799,1,0.545,loyal,0
C2819,sub_2819,4999,netbanking,card_expired,5,2,2,938,619,4999,20,0.429,standard,0
C2820,sub_2820,299,upi,technical,2,12,6,1062,173,299,6,0.619,loyal,1
C2821,sub_2821,2499,netbanking,insufficient_funds,4,11,6,1207,5,2499,17,0.6,enterprise,0
C2822,sub_2822,2499,card,insufficient_funds,3,4,4,543,687,2499,4,0.455,standard,0
C2823,sub_2823,999,card,card_expired,3,3,4,940,649,999,11,0.4,standard,0
C2824,sub_2824,4999,card,bank_decline,2,1,6,934,81,4999,9,0.2,enterprise,0
C2825,sub_2825,2499,card,network,4,10,1,1477,418,2499,14,0.786,standard,1
C2826,sub_2826,299,card,insufficient_funds,5,12,3,184,822,299,21,0.722,loyal,0
C2827,sub_2827,799,upi,insufficient_funds,4,3,4,34,713,799,14,0.4,loyal,0
C2828,sub_2828,2499,card,technical,5,8,1,866,735,2499,15,0.75,standard,0
C2829,sub_2829,2499,upi,insufficient_funds,5,3,6,33,354,2499,5,0.333,new,0
C2830,sub_2830,499,card,insufficient_funds,1,12,1,301,109,499,2,0.812,standard,0
C2831,sub_2831,499,card,technical,5,4,0,755,316,499,1,0.714,standard,1
C2832,sub_2832,4999,card,insufficient_funds,5,1,2,409,618,4999,6,0.333,standard,0
C2833,sub_2833,299,netbanking,network,3,12,5,406,756,299,12,0.65,loyal,1
C2834,sub_2834,4999,card,network,4,13,2,525,579,4999,1,0.778,standard,1
C2835,sub_2835,999,card,network,4,5,1,1032,35,999,5,0.667,loyal,0
C2836,sub_2836,2499,card,network,4,12,6,555,531,2499,13,0.619,new,1
C2837,sub_2837,499,upi,insufficient_funds,5,3,1,1191,169,499,19,0.571,standard,0
C2838,sub_2838,799,netbanking,bank_decline,1,3,1,246,549,799,21,0.571,new,0
C2839,sub_2839,2499,netbanking,bank_decline,1,7,6,162,371,2499,5,0.5,new,0
C2840,sub_2840,499,upi,network,2,8,2,258,480,499,2,0.692,standard,1
C2841,sub_2841,299,netbanking,card_expired,3,5,0,1376,537,299,12,0.75,loyal,0
C2842,sub_2842,1499,upi,network,5,11,3,423,574,1499,20,0.706,standard,0
C2843,sub_2843,299,card,technical,4,11,5,54,5,299,9,0.632,standard,1
C2844,sub_2844,4999,card,network,1,1,5,479,869,4999,19,0.222,standard,0
C2845,sub_2845,1499,card,card_expired,4,13,0,1035,518,1499,16,0.875,loyal,0
C2846,sub_2846,1499,card,insufficient_funds,3,2,1,549,456,1499,19,0.5,standard,0
C2847,sub_2847,999,card,card_expired,2,7,4,582,341,999,20,0.571,standard,0
C2848,sub_2848,1499,card,insufficient_funds,4,5,4,138,94,1499,2,0.5,standard,0
C2849,sub_2849,4999,netbanking,bank_decline,2,6,4,1004,567,4999,9,0.538,new,0
C2850,sub_2850,299,netbanking,network,4,1,2,338,327,299,1,0.333,standard,0
C2851,sub_2851,499,card,technical,1,4,6,155,816,499,0,0.385,new,1
C2852,sub_2852,1499,upi,insufficient_funds,2,0,0,1075,592,1499,10,0.333,standard,0
C2853,sub_2853,299,card,bank_decline,3,13,5,1406,397,299,14,0.667,loyal,0
C2854,sub_2854,499,card,bank_decline,4,2,6,919,29,499,19,0.273,standard,0
C2855,sub_2855,299,card,technical,5,6,4,1406,499,299,2,0.538,standard,0
C2856,sub_2856,299,card,network,2,3,3,609,760,299,0,0.444,loyal,1
C2857,sub_2857,999,card,insufficient_funds,5,2,2,783,417,999,2,0.429,standard,0
C2858,sub_2858,1499,card,network,5,5,3,542,585,1499,20,0.545,loyal,0
C2859,sub_2859,299,card,network,2,13,1,769,107,299,14,0.824,loyal,1
C2860,sub_2860,4999,card,card_expired,1,6,1,1340,366,4999,10,0.7,standard,1
C2861,sub_2861,2499,netbanking,technical,2,13,4,955,714,2499,2,0.7,loyal,1
C2862,sub_2862,1499,card,technical,4,11,3,49,381,1499,8,0.706,standard,1
C2863,sub_2863,299,card,insufficient_funds,4,6,3,874,796,299,2,0.583,enterprise,0
C2864,sub_2864,999,card,card_expired,4,12,3,572,369,999,0,0.722,loyal,0
C2865,sub_2865,4999,card,bank_decline,4,4,0,819,730,4999,9,0.714,new,0
C2866,sub_2866,499,card,technical,1,7,6,841,579,499,11,0.5,standard,1
C2867,sub_2867,999,card,network,3,9,6,887,852,999,9,0.556,new,0
C2868,sub_2868,999,upi,insufficient_funds,5,8,1,1300,480,999,19,0.75,standard,0
C2869,sub_2869,1499,card,bank_decline,2,11,2,1289,421,1499,20,0.75,new,0
C2870,sub_2870,4999,upi,insufficient_funds,5,2,4,1457,318,4999,2,0.333,standard,0
C2871,sub_2871,299,card,insufficient_funds,1,6,0,920,587,299,6,0.778,standard,1
C2872,sub_2872,299,card,technical,5,9,0,435,882,299,11,0.833,standard,0
C2873,sub_2873,299,card,technical,4,4,6,301,152,299,8,0.385,standard,1
C2874,sub_2874,499,card,technical,4,12,1,1275,842,499,9,0.812,standard,1
C2875,sub_2875,799,card,bank_decline,4,4,4,1371,879,799,15,0.455,standard,0
C2876,sub_2876,4999,card,network,5,4,6,65,692,4999,3,0.385,standard,0
C2877,sub_2877,999,card,insufficient_funds,2,4,5,331,522,999,18,0.417,standard,0
C2878,sub_2878,2499,upi,insufficient_funds,1,9,1,1022,776,2499,5,0.769,loyal,1
C2879,sub_2879,1499,card,card_expired,5,1,1,256,236,1499,7,0.4,standard,0
C2880,sub_2880,4999,card,insufficient_funds,1,2,5,84,570,4999,4,0.3,standard,0
C2881,sub_2881,799,upi,card_expired,4,10,2,1495,725,799,13,0.733,loyal,0
C2882,sub_2882,1499,card,insufficient_funds,2,2,6,153,724,1499,15,0.273,loyal,0
C2883,sub_2883,499,upi,bank_decline,5,1,4,327,528,499,13,0.25,standard,0
C2884,sub_2884,499,netbanking,insufficient_funds,5,3,0,1483,347,499,10,0.667,standard,0
C2885,sub_2885,4999,netbanking,insufficient_funds,3,5,1,159,854,4999,6,0.667,loyal,1
C2886,sub_2886,299,card,network,3,0,5,1201,606,299,15,0.125,standard,0
C2887,sub_2887,499,card,network,3,11,4,847,693,499,2,0.667,standard,1
C2888,sub_2888,799,card,bank_decline,3,1,5,814,561,799,6,0.222,standard,0
C2889,sub_2889,299,upi,insufficient_funds,5,5,1,1242,789,299,15,0.667,new,0
C2890,sub_2890,2499,upi,network,2,2,1,41,430,2499,15,0.5,standard,0
C2891,sub_2891,799,card,bank_decline,5,4,1,100,492,799,5,0.625,enterprise,0
C2892,sub_2892,999,card,card_expired,4,0,4,301,723,999,7,0.143,enterprise,0
C2893,sub_2893,799,card,network,5,13,0,740,466,799,7,0.875,standard,1
C2894,sub_2894,4999,card,insufficient_funds,4,13,5,1443,221,4999,19,0.667,loyal,0
C2895,sub_2895,799,card,network,5,1,1,112,681,799,12,0.4,loyal,1
C2896,sub_2896,2499,netbanking,card_expired,3,2,3,636,338,2499,2,0.375,enterprise,0
C2897,sub_2897,1499,card,network,3,12,1,648,95,1499,3,0.812,loyal,1
C2898,sub_2898,4999,card,network,2,5,2,302,336,4999,1,0.6,loyal,0
C2899,sub_2899,1499,netbanking,network,2,0,5,522,49,1499,5,0.125,standard,0
C2900,sub_2900,4999,card,card_expired,1,1,1,309,790,4999,4,0.4,new,0
C2901,sub_2901,1499,card,network,2,5,3,214,885,1499,9,0.545,new,0
C2902,sub_2902,299,upi,bank_decline,5,7,0,786,240,299,16,0.8,standard,0
C2903,sub_2903,499,card,network,5,8,1,1397,824,499,19,0.75,enterprise,1
C2904,sub_2904,2499,card,card_expired,4,2,4,612,640,2499,12,0.333,enterprise,0
C2905,sub_2905,299,upi,insufficient_funds,2,5,3,955,860,299,16,0.545,loyal,0
C2906,sub_2906,499,upi,insufficient_funds,3,3,4,1008,147,499,14,0.4,loyal,0
C2907,sub_2907,2499,upi,network,4,7,1,1266,57,2499,6,0.727,standard,1
C2908,sub_2908,799,netbanking,bank_decline,1,4,1,1238,828,799,13,0.625,standard,1
C2909,sub_2909,499,card,technical,5,2,2,1359,243,499,6,0.429,standard,0
C2910,sub_2910,499,upi,network,5,11,0,1223,537,499,6,0.857,new,1
C2911,sub_2911,799,card,network,5,7,6,1395,811,799,21,0.5,loyal,0
C2912,sub_2912,2499,upi,technical,1,6,1,1449,309,2499,20,0.7,standard,1
C2913,sub_2913,999,upi,insufficient_funds,5,1,5,1124,81,999,14,0.222,new,0
C2914,sub_2914,4999,upi,network,4,0,1,744,712,4999,13,0.25,standard,1
C2915,sub_2915,2499,netbanking,network,3,11,4,467,406,2499,15,0.667,standard,1
C2916,sub_2916,499,card,card_expired,1,13,1,861,21,499,16,0.824,loyal,0
C2917,sub_2917,499,upi,bank_decline,3,8,1,1245,307,499,1,0.75,loyal,0
C2918,sub_2918,4999,card,card_expired,2,0,2,1132,477,4999,7,0.2,standard,0
C2919,sub_2919,4999,card,technical,5,6,0,785,791,4999,2,0.778,loyal,1
C2920,sub_2920,299,upi,insufficient_funds,2,3,0,123,204,299,11,0.667,new,0
C2921,sub_2921,799,upi,insufficient_funds,2,0,5,414,466,799,6,0.125,standard,0
C2922,sub_2922,2499,card,insufficient_funds,5,1,2,870,164,2499,7,0.333,standard,0
C2923,sub_2923,4999,card,insufficient_funds,1,6,3,584,262,4999,18,0.583,loyal,0
C2924,sub_2924,4999,card,network,5,5,4,689,238,4999,4,0.5,loyal,0
C2925,sub_2925,499,card,network,5,7,4,458,472,499,20,0.571,new,0
C2926,sub_2926,4999,card,insufficient_funds,2,9,4,123,597,4999,9,0.625,loyal,0
C2927,sub_2927,2499,netbanking,bank_decline,4,3,6,704,102,2499,4,0.333,loyal,0
C2928,sub_2928,999,card,network,4,4,4,672,69,999,3,0.455,enterprise,0
C2929,sub_2929,799,netbanking,insufficient_funds,3,9,2,1174,658,799,15,0.714,standard,0
C2930,sub_2930,2499,card,card_expired,4,2,1,177,265,2499,19,0.5,new,0
C2931,sub_2931,2499,upi,card_expired,1,1,5,732,556,2499,19,0.222,standard,0
C2932,sub_2932,4999,card,bank_decline,3,11,2,1282,69,4999,3,0.75,loyal,0
C2933,sub_2933,999,upi,bank_decline,3,2,3,409,541,999,19,0.375,standard,0
C2934,sub_2934,499,upi,bank_decline,3,1,5,481,818,499,4,0.222,standard,0
C2935,sub_2935,4999,upi,network,5,10,1,140,394,4999,10,0.786,enterprise,0
C2936,sub_2936,799,netbanking,insufficient_funds,5,7,1,866,520,799,0,0.727,standard,0
C2937,sub_2937,2499,card,card_expired,4,2,0,1285,265,2499,5,0.6,standard,0
C2938,sub_2938,999,card,network,3,11,0,727,258,999,7,0.857,enterprise,1
C2939,sub_2939,1499,card,network,3,3,4,631,59,1499,21,0.4,standard,0
C2940,sub_2940,499,upi,network,1,9,3,1126,431,499,6,0.667,standard,1
C2941,sub_2941,499,card,insufficient_funds,3,9,2,668,852,499,6,0.714,standard,1
C2942,sub_2942,1499,card,insufficient_funds,2,11,1,604,105,1499,6,0.8,standard,1
C2943,sub_2943,499,card,network,5,10,4,1147,375,499,5,0.647,new,1
C2944,sub_2944,1499,card,bank_decline,4,9,0,433,753,1499,11,0.833,new,0
C2945,sub_2945,4999,upi,technical,5,0,4,1276,446,4999,4,0.143,standard,0
C2946,sub_2946,299,upi,network,5,13,6,409,684,299,6,0.636,standard,1
C2947,sub_2947,4999,upi,technical,3,1,3,771,338,4999,11,0.286,loyal,0
C2948,sub_2948,499,upi,network,3,3,3,382,542,499,16,0.444,standard,0
C2949,sub_2949,299,netbanking,technical,4,6,3,952,889,299,2,0.583,loyal,0
C2950,sub_2950,2499,card,technical,3,4,0,656,538,2499,7,0.714,enterprise,0
C2951,sub_2951,499,netbanking,network,2,8,4,366,716,499,12,0.6,loyal,1
C2952,sub_2952,1499,card,bank_decline,4,0,2,1118,624,1499,20,0.2,standard,0
C2953,sub_2953,299,upi,technical,3,6,3,1403,87,299,20,0.583,new,0
C2954,sub_2954,299,upi,technical,5,4,0,51,145,299,19,0.714,standard,0
C2955,sub_2955,499,card,technical,2,9,6,856,547,499,11,0.556,standard,0
C2956,sub_2956,999,card,card_expired,3,7,2,1080,313,999,2,0.667,standard,0
C2957,sub_2957,799,card,network,3,10,0,1082,436,799,21,0.846,enterprise,1
C2958,sub_2958,499,card,bank_decline,5,2,5,338,435,499,13,0.3,standard,0
C2959,sub_2959,2499,netbanking,card_expired,3,13,6,180,714,2499,19,0.636,new,0
C2960,sub_2960,499,card,card_expired,1,5,3,775,891,499,20,0.545,loyal,0
C2961,sub_2961,299,card,insufficient_funds,2,4,0,959,897,299,17,0.714,enterprise,1
C2962,sub_2962,299,card,card_expired,5,7,6,441,72,299,9,0.5,loyal,0
C2963,sub_2963,4999,card,network,2,2,1,559,670,4999,13,0.5,new,1
C2964,sub_2964,999,card,bank_decline,2,11,1,802,653,999,15,0.8,standard,1
C2965,sub_2965,4999,card,network,1,3,4,680,778,4999,19,0.4,standard,0
C2966,sub_2966,2499,card,bank_decline,4,12,2,730,384,2499,4,0.765,standard,0
C2967,sub_2967,499,card,bank_decline,1,2,0,1026,452,499,12,0.6,standard,1
C2968,sub_2968,2499,card,insufficient_funds,2,12,4,1476,407,2499,13,0.684,loyal,1
C2969,sub_2969,999,card,insufficient_funds,4,5,1,1196,336,999,4,0.667,standard,0
C2970,sub_2970,999,upi,insufficient_funds,5,8,6,22,222,999,8,0.529,enterprise,0
C2971,sub_2971,999,card,technical,2,12,1,530,579,999,20,0.812,standard,1
C2972,sub_2972,2499,card,bank_decline,2,1,6,24,16,2499,0,0.2,new,0
C2973,sub_2973,499,netbanking,insufficient_funds,1,4,5,1311,674,499,11,0.417,loyal,0
C2974,sub_2974,299,card,network,3,13,1,970,757,299,13,0.824,standard,1
C2975,sub_2975,2499,card,network,5,2,4,336,205,2499,19,0.333,standard,0
C2976,sub_2976,4999,upi,insufficient_funds,2,1,6,1260,193,4999,6,0.2,standard,0
C2977,sub_2977,1499,card,technical,2,7,0,848,453,1499,8,0.8,new,0
C2978,sub_2978,299,upi,bank_decline,2,0,5,86,761,299,1,0.125,new,0
C2979,sub_2979,299,upi,network,5,13,3,235,103,299,7,0.737,loyal,1
C2980,sub_2980,999,netbanking,bank_decline,3,12,6,1215,389,999,21,0.619,standard,0
C2981,sub_2981,4999,netbanking,insufficient_funds,4,2,1,440,195,4999,16,0.5,enterprise,0
C2982,sub_2982,1499,card,bank_decline,4,2,5,791,766,1499,9,0.3,loyal,0
C2983,sub_2983,799,upi,network,4,10,6,1344,793,799,13,0.579,loyal,1
C2984,sub_2984,1499,card,card_expired,3,7,2,440,76,1499,21,0.667,loyal,0
C2985,sub_2985,499,upi,technical,3,11,0,27,131,499,9,0.857,loyal,1
C2986,sub_2986,999,card,network,3,13,2,134,142,999,6,0.778,standard,1
C2987,sub_2987,4999,card,card_expired,1,5,4,1374,730,4999,19,0.5,loyal,0
C2988,sub_2988,1499,card,technical,3,3,4,903,810,1499,18,0.4,standard,0
C2989,sub_2989,299,card,network,5,8,3,499,335,299,11,0.643,new,0
C2990,sub_2990,499,card,network,1,8,6,127,142,499,0,0.529,standard,1
C2991,sub_2991,299,card,card_expired,5,6,4,1046,597,299,0,0.538,new,0
C2992,sub_2992,799,netbanking,insufficient_funds,3,4,4,69,801,799,2,0.455,standard,0
C2993,sub_2993,499,card,network,2,3,6,146,819,499,15,0.333,enterprise,0
C2994,sub_2994,4999,upi,insufficient_funds,1,7,6,895,401,4999,3,0.5,standard,1
C2995,sub_2995,799,upi,bank_decline,4,5,2,965,703,799,1,0.6,standard,0
C2996,sub_2996,299,upi,insufficient_funds,1,6,2,858,860,299,15,0.636,new,0
C2997,sub_2997,999,card,insufficient_funds,3,1,5,1365,743,999,10,0.222,standard,0
C2998,sub_2998,2499,upi,bank_decline,1,12,3,411,427,2499,11,0.722,new,0
C2999,sub_2999,1499,upi,insufficient_funds,5,9,3,837,235,1499,4,0.667,standard,0
C3000,sub_3000,4999,upi,bank_decline,1,12,4,466,335,4999,4,0.684,loyal,1
C3001,sub_3001,799,netbanking,insufficient_funds,5,11,4,549,326,799,5,0.667,standard,1
C3002,sub_3002,999,card,technical,3,8,6,234,888,999,14,0.529,standard,0
C3003,sub_3003,999,card,card_expired,1,4,2,1192,659,999,21,0.556,standard,0
C3004,sub_3004,299,netbanking,network,4,9,5,1058,772,299,20,0.588,new,1
C3005,sub_3005,299,card,technical,5,7,1,1071,699,299,2,0.727,standard,0
C3006,sub_3006,2499,upi,insufficient_funds,2,12,6,221,429,2499,14,0.619,standard,0
C3007,sub_3007,799,card,network,5,3,0,185,711,799,16,0.667,standard,0
C3008,sub_3008,1499,card,network,4,0,5,1175,576,1499,0,0.125,standard,0
C3009,sub_3009,4999,card,card_expired,4,1,0,1001,666,4999,14,0.5,standard,0
C3010,sub_3010,499,card,network,2,2,6,54,271,499,9,0.273,new,1
C3011,sub_3011,2499,netbanking,insufficient_funds,1,9,6,1000,209,2499,4,0.556,standard,0
C3012,sub_3012,499,card,network,3,2,5,1470,163,499,17,0.3,standard,0
C3013,sub_3013,2499,upi,insufficient_funds,5,1,5,1130,260,2499,20,0.222,loyal,0
C3014,sub_3014,499,card,insufficient_funds,3,5,3,423,880,499,13,0.545,new,0
C3015,sub_3015,799,netbanking,insufficient_funds,4,10,1,481,847,799,4,0.786,loyal,0
C3016,sub_3016,999,card,network,4,5,6,1130,132,999,9,0.429,standard,1
C3017,sub_3017,999,card,network,2,3,3,607,498,999,11,0.444,new,1
C3018,sub_3018,299,card,card_expired,1,3,5,1107,846,299,19,0.364,new,0
C3019,sub_3019,2499,card,insufficient_funds,5,11,4,1440,679,2499,17,0.667,enterprise,0
C3020,sub_3020,299,netbanking,card_expired,4,6,4,614,551,299,14,0.538,standard,0
C3021,sub_3021,4999,netbanking,network,3,5,2,864,539,4999,16,0.6,loyal,1
C3022,sub_3022,499,card,network,3,10,2,739,294,499,15,0.733,loyal,1
C3023,sub_3023,1499,card,network,5,5,3,767,832,1499,7,0.545,standard,1
C3024,sub_3024,1499,card,insufficient_funds,4,4,4,122,75,1499,2,0.455,standard,0
C3025,sub_3025,999,card,insufficient_funds,4,10,5,1480,782,999,18,0.611,standard,0
C3026,sub_3026,999,card,bank_decline,4,4,1,815,784,999,12,0.625,loyal,0
C3027,sub_3027,299,card,insufficient_funds,2,7,1,352,235,299,21,0.727,standard,1
C3028,sub_3028,4999,card,insufficient_funds,4,9,0,865,461,4999,14,0.833,enterprise,1
C3029,sub_3029,299,netbanking,card_expired,5,2,3,602,796,299,10,0.375,standard,0
C3030,sub_3030,1499,card,network,2,1,4,1234,427,1499,14,0.25,loyal,0
C3031,sub_3031,299,card,insufficient_funds,3,11,1,1142,270,299,14,0.8,new,0
C3032,sub_3032,2499,card,insufficient_funds,4,4,4,579,63,2499,21,0.455,standard,0
C3033,sub_3033,799,card,insufficient_funds,3,4,0,1072,397,799,8,0.714,new,1
C3034,sub_3034,999,card,network,5,8,6,59,250,999,8,0.529,loyal,1
C3035,sub_3035,299,upi,bank_decline,3,1,4,1450,766,299,7,0.25,standard,0
C3036,sub_3036,499,card,technical,2,0,4,771,775,499,2,0.143,loyal,0
C3037,sub_3037,999,upi,network,1,5,4,984,292,999,10,0.5,new,0
C3038,sub_3038,2499,netbanking,card_expired,5,13,2,971,190,2499,9,0.778,standard,0
C3039,sub_3039,1499,netbanking,bank_decline,4,8,6,476,262,1499,4,0.529,standard,0
C3040,sub_3040,499,upi,insufficient_funds,3,8,5,1037,362,499,17,0.562,loyal,0
C3041,sub_3041,1499,card,bank_decline,3,8,1,602,602,1499,15,0.75,standard,0
C3042,sub_3042,499,card,card_expired,3,12,6,1024,137,499,5,0.619,loyal,1
C3043,sub_3043,999,card,technical,5,11,5,143,899,999,3,0.632,loyal,0
C3044,sub_3044,999,netbanking,technical,4,0,2,227,630,999,13,0.2,enterprise,0
C3045,sub_3045,499,netbanking,network,5,7,6,1386,118,499,0,0.5,standard,1
C3046,sub_3046,499,card,insufficient_funds,5,7,1,1106,283,499,3,0.727,standard,0
C3047,sub_3047,999,card,insufficient_funds,4,3,4,201,631,999,9,0.4,standard,0
C3048,sub_3048,1499,card,network,3,13,4,328,454,1499,21,0.7,new,1
C3049,sub_3049,4999,card,insufficient_funds,2,3,6,823,474,4999,1,0.333,standard,0
C3050,sub_3050,999,netbanking,technical,4,11,3,18,38,999,11,0.706,loyal,1
C3051,sub_3051,999,card,network,4,1,6,608,370,999,12,0.2,new,0
C3052,sub_3052,999,card,insufficient_funds,3,8,1,496,553,999,5,0.75,new,0
C3053,sub_3053,4999,card,bank_decline,1,10,5,209,675,4999,11,0.611,standard,0
C3054,sub_3054,799,card,insufficient_funds,5,7,1,456,402,799,13,0.727,loyal,0
C3055,sub_3055,799,card,insufficient_funds,5,1,6,446,499,799,3,0.2,standard,0
C3056,sub_3056,799,upi,technical,2,1,5,110,200,799,20,0.222,loyal,1
C3057,sub_3057,1499,card,insufficient_funds,3,8,4,954,718,1499,5,0.6,standard,0
C3058,sub_3058,1499,card,network,1,12,0,415,628,1499,8,0.867,standard,1
C3059,sub_3059,999,card,network,5,8,3,56,669,999,0,0.643,enterprise,1
C3060,sub_3060,499,card,technical,2,1,1,42,601,499,13,0.4,standard,1
C3061,sub_3061,1499,card,network,2,10,6,1449,886,1499,13,0.579,standard,1
C3062,sub_3062,499,card,insufficient_funds,3,6,2,186,791,499,2,0.636,enterprise,0
C3063,sub_3063,4999,card,network,2,1,5,1364,729,4999,6,0.222,standard,0
C3064,sub_3064,1499,card,insufficient_funds,4,5,6,258,302,1499,16,0.429,new,0
C3065,sub_3065,999,upi,technical,5,2,0,136,61,999,15,0.6,enterprise,0
C3066,sub_3066,499,upi,insufficient_funds,5,13,5,822,1,499,6,0.667,standard,0
C3067,sub_3067,2499,netbanking,technical,3,12,2,1303,701,2499,13,0.765,enterprise,1
C3068,sub_3068,1499,card,network,1,1,0,116,809,1499,16,0.5,loyal,1
C3069,sub_3069,4999,upi,insufficient_funds,5,8,1,499,585,4999,8,0.75,standard,0
C3070,sub_3070,1499,upi,bank_decline,2,0,3,1131,649,1499,3,0.167,standard,0
C3071,sub_3071,2499,card,insufficient_funds,5,6,5,110,81,2499,0,0.5,standard,0
C3072,sub_3072,299,card,network,2,2,4,262,509,299,21,0.333,new,0
C3073,sub_3073,299,card,bank_decline,3,10,1,466,545,299,7,0.786,standard,0
C3074,sub_3074,1499,upi,insufficient_funds,3,1,2,1211,141,1499,17,0.333,loyal,0
C3075,sub_3075,299,card,insufficient_funds,3,12,2,1215,675,299,7,0.765,enterprise,1
C3076,sub_3076,4999,card,technical,1,3,5,1067,302,4999,15,0.364,enterprise,0
C3077,sub_3077,4999,netbanking,network,3,3,3,1002,178,4999,7,0.444,enterprise,0
C3078,sub_3078,1499,card,insufficient_funds,3,12,0,48,626,1499,13,0.867,new,0
C3079,sub_3079,2499,netbanking,network,5,12,0,365,391,2499,20,0.867,standard,0
C3080,sub_3080,799,upi,insufficient_funds,3,1,0,1383,482,799,16,0.5,standard,0
C3081,sub_3081,4999,upi,network,5,1,6,1081,488,4999,3,0.2,standard,0
C3082,sub_3082,299,upi,card_expired,2,11,3,369,560,299,11,0.706,enterprise,0
C3083,sub_3083,799,card,network,2,13,3,1064,372,799,5,0.737,loyal,1
C3084,sub_3084,1499,upi,card_expired,1,6,5,1089,733,1499,4,0.5,loyal,0
C3085,sub_3085,2499,upi,network,4,2,1,1116,788,2499,18,0.5,standard,0
C3086,sub_3086,499,upi,insufficient_funds,1,2,0,1470,435,499,21,0.6,standard,0
C3087,sub_3087,2499,card,insufficient_funds,2,3,1,815,152,2499,20,0.571,standard,0
C3088,sub_3088,999,card,bank_decline,5,9,1,99,251,999,18,0.769,standard,0
C3089,sub_3089,4999,card,insufficient_funds,4,1,5,1230,694,4999,10,0.222,standard,0
C3090,sub_3090,499,card,insufficient_funds,3,8,5,32,231,499,11,0.562,loyal,0
C3091,sub_3091,1499,card,bank_decline,5,11,4,965,700,1499,11,0.667,standard,0
C3092,sub_3092,499,upi,card_expired,4,2,6,1196,596,499,16,0.273,loyal,0
C3093,sub_3093,299,upi,network,5,13,3,196,403,299,1,0.737,loyal,0
C3094,sub_3094,1499,upi,technical,4,13,1,1198,114,1499,18,0.824,standard,0
C3095,sub_3095,1499,card,insufficient_funds,3,4,2,1217,485,1499,17,0.556,standard,0
C3096,sub_3096,799,card,network,1,1,0,984,623,799,21,0.5,loyal,0
C3097,sub_3097,1499,card,insufficient_funds,2,4,6,492,139,1499,13,0.385,enterprise,0
C3098,sub_3098,4999,card,network,4,3,4,310,742,4999,10,0.4,new,0
C3099,sub_3099,799,card,network,2,3,5,1060,176,799,10,0.364,standard,0
C3100,sub_3100,999,card,bank_decline,4,12,1,243,371,999,13,0.812,standard,0
C3101,sub_3101,499,card,network,1,2,5,1015,478,499,6,0.3,standard,1
C3102,sub_3102,999,card,bank_decline,1,4,2,262,665,999,17,0.556,new,0
C3103,sub_3103,4999,card,technical,2,11,3,510,202,4999,9,0.706,standard,1
C3104,sub_3104,1499,card,card_expired,2,0,4,764,302,1499,6,0.143,standard,0
C3105,sub_3105,299,card,bank_decline,5,0,6,250,726,299,16,0.111,standard,0
C3106,sub_3106,2499,upi,bank_decline,2,4,3,1193,297,2499,7,0.5,standard,0
C3107,sub_3107,799,card,technical,3,13,4,1045,554,799,1,0.7,new,1
C3108,sub_3108,299,card,insufficient_funds,3,11,4,34,358,299,11,0.667,loyal,0
C3109,sub_3109,1499,card,network,2,12,2,1275,51,1499,11,0.765,new,1
C3110,sub_3110,799,netbanking,insufficient_funds,5,12,6,1078,463,799,6,0.619,standard,0
C3111,sub_3111,4999,card,insufficient_funds,4,1,6,1258,322,4999,0,0.2,standard,0
C3112,sub_3112,4999,upi,network,1,5,2,906,239,4999,10,0.6,standard,0
C3113,sub_3113,1499,card,card_expired,2,7,6,943,772,1499,16,0.5,standard,0
C3114,sub_3114,1499,upi,network,1,2,3,581,697,1499,17,0.375,loyal,0
C3115,sub_3115,799,netbanking,technical,2,13,5,348,250,799,4,0.667,standard,0
C3116,sub_3116,299,card,network,4,8,3,360,471,299,9,0.643,new,0
C3117,sub_3117,299,upi,network,5,11,5,481,648,299,19,0.632,new,0
C3118,sub_3118,999,card,network,3,3,6,443,48,999,7,0.333,loyal,0
C3119,sub_3119,799,upi,network,1,10,2,1134,85,799,10,0.733,standard,1
C3120,sub_3120,4999,card,network,1,1,4,791,486,4999,14,0.25,standard,0
C3121,sub_3121,799,card,network,3,0,3,622,837,799,10,0.167,new,0
C3122,sub_3122,499,netbanking,network,2,8,5,1090,834,499,18,0.562,loyal,0
C3123,sub_3123,2499,upi,network,3,0,1,1101,404,2499,7,0.25,loyal,0
C3124,sub_3124,2499,card,insufficient_funds,1,3,5,1403,633,2499,10,0.364,standard,0
C3125,sub_3125,799,netbanking,insufficient_funds,2,11,4,471,442,799,11,0.667,new,0
C3126,sub_3126,299,card,insufficient_funds,3,6,3,372,814,299,16,0.583,loyal,0
C3127,sub_3127,299,card,insufficient_funds,2,5,2,19,513,299,7,0.6,new,0
C3128,sub_3128,999,upi,network,2,4,4,248,802,999,6,0.455,standard,0
C3129,sub_3129,4999,card,network,2,9,2,909,327,4999,7,0.714,loyal,1
C3130,sub_3130,799,card,network,1,13,0,1215,838,799,5,0.875,standard,1
C3131,sub_3131,299,upi,bank_decline,2,10,6,905,653,299,4,0.579,standard,0
C3132,sub_3132,799,card,technical,2,5,3,1487,691,799,18,0.545,standard,1
C3133,sub_3133,299,card,technical,5,5,1,945,14,299,7,0.667,standard,1
C3134,sub_3134,799,card,insufficient_funds,5,1,1,1325,725,799,5,0.4,standard,0
C3135,sub_3135,999,upi,insufficient_funds,3,2,5,409,146,999,17,0.3,standard,0
C3136,sub_3136,2499,card,insufficient_funds,2,3,2,492,842,2499,17,0.5,standard,0
C3137,sub_3137,299,card,bank_decline,3,5,1,1218,170,299,5,0.667,standard,0
C3138,sub_3138,999,upi,bank_decline,4,13,3,994,743,999,6,0.737,standard,1
C3139,sub_3139,499,card,bank_decline,2,12,0,736,572,499,18,0.867,standard,1
C3140,sub_3140,999,card,technical,4,1,3,1434,353,999,6,0.286,standard,0
C3141,sub_3141,4999,upi,insufficient_funds,5,4,0,1145,801,4999,18,0.714,standard,0
C3142,sub_3142,2499,upi,bank_decline,3,0,5,450,350,2499,13,0.125,standard,0
C3143,sub_3143,2499,card,bank_decline,1,0,3,920,58,2499,14,0.167,standard,0
C3144,sub_3144,299,upi,insufficient_funds,1,5,1,600,68,299,11,0.667,standard,1
C3145,sub_3145,2499,upi,technical,5,13,3,629,767,2499,0,0.737,enterprise,0
C3146,sub_3146,4999,card,network,3,2,1,1209,346,4999,18,0.5,standard,0
C3147,sub_3147,1499,upi,technical,2,9,2,1022,737,1499,12,0.714,loyal,1
C3148,sub_3148,2499,upi,bank_decline,4,5,0,28,19,2499,3,0.75,new,1
C3149,sub_3149,299,card,network,5,7,4,866,69,299,18,0.571,loyal,0
C3150,sub_3150,2499,card,card_expired,3,12,6,974,889,2499,6,0.619,standard,1
C3151,sub_3151,2499,upi,network,2,11,3,770,129,2499,8,0.706,loyal,1
C3152,sub_3152,499,netbanking,bank_decline,5,11,0,456,619,499,14,0.857,enterprise,0
C3153,sub_3153,999,card,bank_decline,1,5,0,976,315,999,6,0.75,standard,0
C3154,sub_3154,799,upi,card_expired,5,0,5,1422,450,799,0,0.125,loyal,0
C3155,sub_3155,299,upi,bank_decline,3,13,2,138,104,299,7,0.778,standard,0
C3156,sub_3156,299,upi,network,1,13,2,908,240,299,15,0.778,loyal,1
C3157,sub_3157,799,netbanking,network,2,12,0,1366,682,799,9,0.867,standard,0
C3158,sub_3158,299,card,insufficient_funds,4,6,4,606,482,299,15,0.538,standard,0
C3159,sub_3159,999,card,network,4,3,0,509,454,999,1,0.667,loyal,0
C3160,sub_3160,299,card,insufficient_funds,1,2,6,378,850,299,5,0.273,new,0
C3161,sub_3161,299,card,network,4,5,1,344,370,299,5,0.667,standard,1
C3162,sub_3162,1499,card,insufficient_funds,5,4,0,592,723,1499,1,0.714,new,0
C3163,sub_3163,499,upi,insufficient_funds,4,3,4,1159,652,499,14,0.4,standard,0
C3164,sub_3164,799,netbanking,bank_decline,4,13,2,280,415,799,4,0.778,loyal,0
C3165,sub_3165,799,card,network,1,9,4,354,264,799,10,0.625,loyal,1
C3166,sub_3166,999,upi,technical,4,3,0,1498,319,999,21,0.667,loyal,0
C3167,sub_3167,999,card,insufficient_funds,4,8,6,1493,784,999,5,0.529,loyal,0
C3168,sub_3168,299,card,insufficient_funds,1,9,2,348,275,299,4,0.714,standard,1
C3169,sub_3169,299,card,insufficient_funds,2,7,5,636,588,299,20,0.533,enterprise,0
C3170,sub_3170,999,card,insufficient_funds,5,13,6,611,112,999,7,0.636,standard,0
C3171,sub_3171,999,card,network,5,13,3,451,312,999,6,0.737,standard,1
C3172,sub_3172,2499,upi,insufficient_funds,1,6,2,237,841,2499,15,0.636,loyal,0
C3173,sub_3173,499,upi,network,4,6,2,102,486,499,2,0.636,loyal,0
C3174,sub_3174,299,card,insufficient_funds,3,3,4,924,740,299,8,0.4,loyal,0
C3175,sub_3175,1499,card,card_expired,3,10,0,72,234,1499,4,0.846,standard,0
C3176,sub_3176,4999,card,insufficient_funds,3,13,1,935,685,4999,19,0.824,standard,1
C3177,sub_3177,499,netbanking,bank_decline,5,9,4,151,886,499,6,0.625,standard,0
C3178,sub_3178,299,netbanking,network,3,2,0,240,832,299,12,0.6,loyal,0
C3179,sub_3179,799,card,technical,3,7,2,17,392,799,11,0.667,standard,0
C3180,sub_3180,999,card,bank_decline,4,11,4,602,613,999,10,0.667,new,0
C3181,sub_3181,1499,card,technical,3,0,1,497,807,1499,1,0.25,standard,0
C3182,sub_3182,299,upi,bank_decline,5,8,6,505,732,299,5,0.529,standard,0
C3183,sub_3183,1499,card,network,2,9,6,472,880,1499,18,0.556,standard,0
C3184,sub_3184,799,card,insufficient_funds,5,7,0,1408,29,799,12,0.8,standard,0
C3185,sub_3185,299,card,network,4,8,1,650,482,299,19,0.75,new,0
C3186,sub_3186,4999,card,bank_decline,5,12,6,1215,712,4999,12,0.619,new,0
C3187,sub_3187,999,card,card_expired,2,1,0,357,657,999,7,0.5,loyal,0
C3188,sub_3188,799,card,network,3,7,3,729,139,799,7,0.615,standard,0
C3189,sub_3189,2499,upi,technical,1,11,6,103,515,2499,17,0.6,loyal,0
C3190,sub_3190,2499,card,network,5,11,4,395,149,2499,5,0.667,new,1
C3191,sub_3191,499,card,card_expired,5,6,2,116,83,499,13,0.636,standard,0
C3192,sub_3192,4999,card,bank_decline,2,13,0,40,101,4999,20,0.875,new,0
C3193,sub_3193,999,card,network,1,4,2,281,857,999,18,0.556,new,1
C3194,sub_3194,499,upi,card_expired,4,6,3,246,245,499,8,0.583,new,0
C3195,sub_3195,999,netbanking,bank_decline,4,11,0,481,411,999,6,0.857,standard,0
C3196,sub_3196,499,card,network,3,6,3,1117,231,499,13,0.583,new,1
C3197,sub_3197,2499,netbanking,insufficient_funds,1,4,2,230,804,2499,13,0.556,loyal,0
C3198,sub_3198,499,upi,network,5,7,2,919,800,499,15,0.667,standard,1
C3199,sub_3199,999,upi,card_expired,3,8,6,554,590,999,1,0.529,standard,0
C3200,sub_3200,299,card,network,4,13,6,610,745,299,11,0.636,loyal,1
C3201,sub_3201,4999,card,technical,5,8,4,1384,95,4999,0,0.6,standard,1
C3202,sub_3202,799,card,technical,3,2,4,702,899,799,21,0.333,standard,0
C3203,sub_3203,1499,netbanking,network,1,0,3,399,375,1499,19,0.167,standard,0
C3204,sub_3204,799,card,insufficient_funds,5,13,0,364,361,799,16,0.875,standard,0
C3205,sub_3205,999,card,card_expired,4,5,2,260,177,999,6,0.6,standard,0
C3206,sub_3206,999,card,bank_decline,5,2,0,1204,789,999,16,0.6,enterprise,0
C3207,sub_3207,799,card,insufficient_funds,4,3,2,1000,153,799,9,0.5,standard,0
C3208,sub_3208,999,card,network,5,1,3,408,772,999,14,0.286,standard,0
C3209,sub_3209,1499,upi,network,5,2,4,741,643,1499,5,0.333,loyal,1
C3210,sub_3210,499,card,technical,2,10,2,763,695,499,10,0.733,standard,0
C3211,sub_3211,299,upi,insufficient_funds,1,9,1,80,27,299,19,0.769,enterprise,1
C3212,sub_3212,499,upi,bank_decline,1,8,4,1363,664,499,4,0.6,loyal,0
C3213,sub_3213,799,card,insufficient_funds,4,0,1,1183,869,799,8,0.25,standard,0
C3214,sub_3214,499,upi,technical,2,9,0,807,355,499,6,0.833,standard,1
C3215,sub_3215,499,card,network,3,13,4,1075,405,499,3,0.7,standard,1
C3216,sub_3216,1499,upi,network,4,12,4,172,101,1499,8,0.684,new,1
C3217,sub_3217,1499,upi,technical,3,5,6,1466,441,1499,13,0.429,standard,0
C3218,sub_3218,4999,card,technical,1,8,5,964,606,4999,1,0.562,standard,0
C3219,sub_3219,2499,card,insufficient_funds,2,4,6,1408,270,2499,4,0.385,standard,0
C3220,sub_3220,799,card,insufficient_funds,1,12,4,1297,667,799,17,0.684,standard,0
C3221,sub_3221,4999,card,insufficient_funds,2,12,5,880,77,4999,5,0.65,enterprise,0
C3222,sub_3222,4999,card,insufficient_funds,4,3,1,439,607,4999,7,0.571,new,0
C3223,sub_3223,499,card,network,3,6,3,1032,529,499,14,0.583,standard,0
C3224,sub_3224,499,upi,technical,4,3,6,773,207,499,16,0.333,standard,0
C3225,sub_3225,4999,card,network,1,8,5,620,310,4999,21,0.562,standard,0
C3226,sub_3226,4999,card,bank_decline,4,4,2,1069,216,4999,3,0.556,new,0
C3227,sub_3227,2499,card,network,3,9,6,1333,562,2499,16,0.556,standard,0
C3228,sub_3228,999,card,network,2,13,2,265,573,999,15,0.778,standard,1
C3229,sub_3229,4999,netbanking,card_expired,4,12,0,833,500,4999,2,0.867,standard,0
C3230,sub_3230,2499,card,insufficient_funds,1,2,5,1169,175,2499,19,0.3,standard,0
C3231,sub_3231,2499,card,card_expired,3,1,2,495,196,2499,6,0.333,standard,0
C3232,sub_3232,1499,card,network,3,11,0,519,729,1499,9,0.857,standard,1
C3233,sub_3233,499,card,technical,1,1,1,24,416,499,17,0.4,loyal,0
C3234,sub_3234,2499,card,bank_decline,5,5,0,491,392,2499,11,0.75,new,0
C3235,sub_3235,4999,upi,bank_decline,2,13,6,883,277,4999,6,0.636,standard,0
C3236,sub_3236,4999,card,network,1,6,5,1457,837,4999,7,0.5,enterprise,0
C3237,sub_3237,1499,upi,insufficient_funds,3,0,6,792,216,1499,16,0.111,new,0
C3238,sub_3238,299,card,insufficient_funds,5,13,1,443,692,299,4,0.824,standard,0
C3239,sub_3239,2499,upi,insufficient_funds,4,9,5,1219,692,2499,10,0.588,standard,0
C3240,sub_3240,499,card,insufficient_funds,4,4,3,289,219,499,16,0.5,standard,0
C3241,sub_3241,499,card,network,5,8,2,288,11,499,19,0.692,standard,0
C3242,sub_3242,299,upi,insufficient_funds,1,8,4,786,225,299,18,0.6,standard,0
C3243,sub_3243,499,upi,network,3,7,6,1224,242,499,7,0.5,enterprise,0
C3244,sub_3244,999,card,insufficient_funds,2,13,3,326,670,999,4,0.737,standard,0
C3245,sub_3245,499,netbanking,network,4,11,0,32,478,499,20,0.857,standard,0
C3246,sub_3246,799,netbanking,network,5,3,5,1088,387,799,13,0.364,enterprise,0
C3247,sub_3247,999,card,card_expired,1,13,1,885,429,999,8,0.824,new,1
C3248,sub_3248,999,upi,insufficient_funds,1,13,1,1031,857,999,19,0.824,enterprise,0
C3249,sub_3249,799,card,insufficient_funds,5,0,4,601,846,799,15,0.143,enterprise,0
C3250,sub_3250,999,card,insufficient_funds,3,4,5,186,24,999,10,0.417,enterprise,0
C3251,sub_3251,4999,card,bank_decline,2,8,5,503,759,4999,4,0.562,new,0
C3252,sub_3252,499,upi,insufficient_funds,1,12,6,709,325,499,1,0.619,standard,0
C3253,sub_3253,299,card,card_expired,2,10,6,655,676,299,11,0.579,loyal,0
C3254,sub_3254,2499,card,technical,1,8,0,1334,886,2499,2,0.818,standard,0
C3255,sub_3255,299,card,insufficient_funds,2,4,2,343,463,299,6,0.556,standard,0
C3256,sub_3256,2499,card,technical,1,1,5,474,562,2499,14,0.222,standard,0
C3257,sub_3257,799,netbanking,bank_decline,1,12,2,283,386,799,0,0.765,new,1
C3258,sub_3258,2499,upi,network,5,7,5,860,68,2499,21,0.533,loyal,0
C3259,sub_3259,499,card,insufficient_funds,4,6,3,1209,33,499,9,0.583,enterprise,0
C3260,sub_3260,499,netbanking,card_expired,5,13,3,1325,324,499,19,0.737,new,0
C3261,sub_3261,799,upi,technical,2,2,0,349,739,799,3,0.6,new,0
C3262,sub_3262,799,card,insufficient_funds,2,3,4,650,307,799,10,0.4,standard,0
C3263,sub_3263,2499,card,network,2,11,6,1108,388,2499,21,0.6,new,0
C3264,sub_3264,1499,card,card_expired,3,3,5,78,478,1499,13,0.364,standard,0
C3265,sub_3265,4999,card,network,1,13,2,1069,289,4999,17,0.778,loyal,1
C3266,sub_3266,1499,card,bank_decline,2,12,4,210,441,1499,15,0.684,standard,0
C3267,sub_3267,499,upi,insufficient_funds,5,1,1,59,546,499,16,0.4,loyal,1
C3268,sub_3268,299,netbanking,bank_decline,2,6,4,178,766,299,8,0.538,new,0
C3269,sub_3269,499,card,bank_decline,4,10,2,1322,678,499,9,0.733,standard,0
C3270,sub_3270,4999,upi,card_expired,2,6,6,1024,736,4999,1,0.467,loyal,0
C3271,sub_3271,2499,netbanking,card_expired,5,3,4,1186,471,2499,5,0.4,new,0
C3272,sub_3272,2499,card,bank_decline,4,0,0,1038,629,2499,1,0.333,standard,0
C3273,sub_3273,499,card,bank_decline,5,0,6,1196,135,499,7,0.111,standard,0
C3274,sub_3274,999,upi,bank_decline,3,2,5,749,133,999,15,0.3,standard,0
C3275,sub_3275,1499,upi,network,5,3,1,1215,829,1499,4,0.571,standard,1
C3276,sub_3276,4999,card,card_expired,2,4,1,94,544,4999,10,0.625,loyal,0
C3277,sub_3277,1499,upi,network,3,11,1,878,102,1499,12,0.8,standard,1
C3278,sub_3278,299,card,bank_decline,1,7,2,1135,367,299,3,0.667,standard,0
C3279,sub_3279,2499,upi,card_expired,1,1,6,1490,872,2499,17,0.2,new,0
C3280,sub_3280,4999,upi,insufficient_funds,4,1,6,545,19,4999,16,0.2,loyal,0
C3281,sub_3281,299,card,network,2,1,3,276,398,299,4,0.286,standard,1
C3282,sub_3282,799,card,insufficient_funds,1,4,2,1083,753,799,0,0.556,loyal,1
C3283,sub_3283,4999,card,bank_decline,2,10,2,117,852,4999,0,0.733,new,1
C3284,sub_3284,4999,netbanking,network,2,0,6,1167,332,4999,6,0.111,loyal,0
C3285,sub_3285,4999,netbanking,network,4,5,1,1059,823,4999,2,0.667,loyal,1
C3286,sub_3286,4999,upi,technical,1,6,5,1039,644,4999,0,0.5,loyal,0
C3287,sub_3287,299,card,bank_decline,1,2,6,447,366,299,10,0.273,loyal,0
C3288,sub_3288,499,card,network,4,0,5,189,701,499,11,0.125,standard,0
C3289,sub_3289,999,card,insufficient_funds,1,3,5,916,720,999,0,0.364,standard,0
C3290,sub_3290,1499,card,technical,3,2,6,550,248,1499,13,0.273,standard,0
C3291,sub_3291,799,card,bank_decline,4,11,1,593,81,799,8,0.8,standard,0
C3292,sub_3292,499,upi,card_expired,3,12,6,289,702,499,4,0.619,standard,1
C3293,sub_3293,499,card,insufficient_funds,1,8,0,506,75,499,2,0.818,standard,0
C3294,sub_3294,1499,upi,insufficient_funds,4,10,0,1249,700,1499,16,0.846,standard,0
C3295,sub_3295,4999,netbanking,network,1,10,1,1340,321,4999,2,0.786,enterprise,1
C3296,sub_3296,2499,upi,bank_decline,2,12,4,529,632,2499,4,0.684,loyal,0
C3297,sub_3297,499,card,network,1,1,1,221,549,499,15,0.4,standard,1
C3298,sub_3298,499,netbanking,network,3,13,4,60,35,499,13,0.7,standard,1
C3299,sub_3299,499,upi,bank_decline,4,6,0,291,9,499,21,0.778,standard,0
C3300,sub_3300,2499,card,technical,4,7,4,24,567,2499,0,0.571,standard,1
C3301,sub_3301,299,upi,bank_decline,1,11,1,1005,464,299,4,0.8,standard,1
C3302,sub_3302,1499,netbanking,insufficient_funds,2,6,3,967,40,1499,14,0.583,standard,0
C3303,sub_3303,1499,card,insufficient_funds,1,3,0,1176,878,1499,5,0.667,standard,1
C3304,sub_3304,1499,card,insufficient_funds,2,0,6,505,215,1499,8,0.111,standard,0
C3305,sub_3305,4999,card,insufficient_funds,2,2,2,1249,772,4999,6,0.429,standard,1
C3306,sub_3306,1499,card,insufficient_funds,4,1,4,262,105,1499,17,0.25,standard,0
C3307,sub_3307,1499,upi,insufficient_funds,4,5,3,354,209,1499,17,0.545,standard,0
C3308,sub_3308,999,card,card_expired,5,10,4,1374,476,999,17,0.647,standard,0
C3309,sub_3309,1499,card,technical,2,4,3,1324,475,1499,11,0.5,loyal,0
C3310,sub_3310,799,card,technical,1,8,0,902,543,799,10,0.818,standard,1
C3311,sub_3311,299,card,network,1,2,5,918,155,299,12,0.3,standard,0
C3312,sub_3312,299,card,insufficient_funds,5,8,4,1053,238,299,1,0.6,enterprise,0
C3313,sub_3313,2499,card,network,5,13,1,1236,237,2499,12,0.824,standard,0
C3314,sub_3314,1499,card,insufficient_funds,2,4,0,354,396,1499,6,0.714,new,1
C3315,sub_3315,799,card,insufficient_funds,5,6,6,112,830,799,20,0.467,loyal,0
C3316,sub_3316,2499,upi,network,3,13,2,285,416,2499,4,0.778,loyal,1
C3317,sub_3317,999,netbanking,bank_decline,1,8,6,541,898,999,0,0.529,standard,0
C3318,sub_3318,499,card,insufficient_funds,2,5,5,361,227,499,21,0.462,standard,0
C3319,sub_3319,1499,card,technical,2,1,6,792,219,1499,3,0.2,loyal,0
C3320,sub_3320,799,card,network,4,13,4,215,91,799,11,0.7,new,0
C3321,sub_3321,4999,card,network,1,8,1,869,191,4999,8,0.75,standard,1
C3322,sub_3322,2499,card,insufficient_funds,1,0,0,1068,281,2499,5,0.333,loyal,0
C3323,sub_3323,2499,netbanking,network,4,7,1,157,346,2499,10,0.727,loyal,1
C3324,sub_3324,1499,upi,network,2,13,3,437,642,1499,16,0.737,standard,1
C3325,sub_3325,1499,card,technical,2,13,4,812,401,1499,2,0.7,new,1
C3326,sub_3326,2499,netbanking,network,5,2,6,108,617,2499,14,0.273,standard,0
C3327,sub_3327,999,card,network,5,5,0,1001,81,999,19,0.75,loyal,0
C3328,sub_3328,2499,card,card_expired,3,13,4,1132,852,2499,6,0.7,loyal,0
C3329,sub_3329,299,card,insufficient_funds,5,10,0,548,133,299,14,0.846,loyal,0
C3330,sub_3330,1499,card,card_expired,5,7,3,23,31,1499,20,0.615,new,0
C3331,sub_3331,999,netbanking,insufficient_funds,3,4,0,756,382,999,20,0.714,enterprise,0
C3332,sub_3332,299,card,bank_decline,5,10,2,1304,586,299,14,0.733,standard,0
C3333,sub_3333,1499,upi,network,1,8,4,445,212,1499,20,0.6,standard,1
C3334,sub_3334,299,card,insufficient_funds,1,7,5,1275,147,299,17,0.533,loyal,1
C3335,sub_3335,1499,netbanking,card_expired,5,12,5,1307,760,1499,11,0.65,standard,0
C3336,sub_3336,999,upi,bank_decline,1,5,3,428,742,999,2,0.545,standard,0
C3337,sub_3337,1499,card,insufficient_funds,4,8,1,902,676,1499,18,0.75,standard,0
C3338,sub_3338,1499,card,card_expired,3,0,6,72,199,1499,6,0.111,loyal,0
C3339,sub_3339,799,netbanking,network,4,9,6,831,483,799,16,0.556,new,1
C3340,sub_3340,1499,card,network,4,7,6,1320,620,1499,14,0.5,new,0
C3341,sub_3341,499,card,network,1,12,5,1417,389,499,7,0.65,standard,0
C3342,sub_3342,2499,netbanking,bank_decline,2,4,5,307,161,2499,17,0.417,loyal,0
C3343,sub_3343,299,card,insufficient_funds,4,12,0,1000,748,299,14,0.867,loyal,0
C3344,sub_3344,299,card,bank_decline,5,8,4,108,844,299,16,0.6,standard,0
C3345,sub_3345,1499,card,network,5,2,2,426,150,1499,20,0.429,loyal,0
C3346,sub_3346,299,card,bank_decline,5,2,1,1254,633,299,6,0.5,standard,0
C3347,sub_3347,4999,card,bank_decline,5,2,0,966,798,4999,16,0.6,standard,0
C3348,sub_3348,299,card,network,5,4,1,594,487,299,0,0.625,new,0
C3349,sub_3349,999,card,network,3,7,6,1442,45,999,15,0.5,standard,0
C3350,sub_3350,4999,card,network,2,12,6,1140,621,4999,3,0.619,new,1
C3351,sub_3351,1499,card,bank_decline,3,13,5,45,831,1499,4,0.667,standard,0
C3352,sub_3352,1499,netbanking,network,4,9,0,129,236,1499,4,0.833,standard,1
C3353,sub_3353,1499,card,insufficient_funds,3,6,4,943,125,1499,18,0.538,loyal,0
C3354,sub_3354,1499,card,insufficient_funds,5,8,0,1316,228,1499,8,0.818,standard,0
C3355,sub_3355,499,card,bank_decline,4,4,4,243,731,499,8,0.455,loyal,1
C3356,sub_3356,799,upi,insufficient_funds,2,3,0,812,501,799,7,0.667,loyal,0
C3357,sub_3357,499,card,insufficient_funds,5,7,1,1226,17,499,13,0.727,standard,0
C3358,sub_3358,499,card,technical,5,11,0,1294,529,499,20,0.857,loyal,0
C3359,sub_3359,499,upi,network,3,0,6,964,733,499,14,0.111,standard,0
C3360,sub_3360,1499,card,bank_decline,1,1,3,1499,167,1499,2,0.286,new,0
C3361,sub_3361,4999,upi,network,2,2,6,1406,526,4999,11,0.273,loyal,1
C3362,sub_3362,999,netbanking,insufficient_funds,5,2,0,1252,206,999,2,0.6,standard,0
C3363,sub_3363,299,upi,technical,1,2,5,1007,18,299,3,0.3,standard,0
C3364,sub_3364,1499,card,card_expired,3,1,3,1478,361,1499,4,0.286,loyal,0
C3365,sub_3365,999,card,card_expired,4,0,3,35,697,999,15,0.167,loyal,0
C3366,sub_3366,2499,card,network,2,4,6,143,602,2499,19,0.385,standard,0
C3367,sub_3367,799,upi,insufficient_funds,5,10,0,770,92,799,5,0.846,new,1
C3368,sub_3368,999,netbanking,insufficient_funds,3,2,6,1009,168,999,20,0.273,loyal,0
C3369,sub_3369,1499,netbanking,insufficient_funds,1,4,0,1356,486,1499,5,0.714,enterprise,0
C3370,sub_3370,1499,card,insufficient_funds,2,13,2,1020,289,1499,6,0.778,standard,0
C3371,sub_3371,499,upi,insufficient_funds,2,2,0,356,299,499,2,0.6,loyal,1
C3372,sub_3372,1499,card,insufficient_funds,2,13,3,1363,393,1499,1,0.737,standard,1
C3373,sub_3373,4999,upi,network,5,7,4,133,683,4999,13,0.571,standard,0
C3374,sub_3374,299,card,insufficient_funds,2,10,4,151,518,299,8,0.647,loyal,0
C3375,sub_3375,799,card,network,3,4,5,1082,768,799,2,0.417,standard,0
C3376,sub_3376,999,card,bank_decline,3,4,5,1445,92,999,12,0.417,standard,0
C3377,sub_3377,4999,netbanking,card_expired,2,5,6,758,418,4999,7,0.429,standard,0
C3378,sub_3378,4999,card,network,3,1,3,210,495,4999,8,0.286,standard,0
C3379,sub_3379,1499,card,card_expired,2,4,1,80,682,1499,19,0.625,new,0
C3380,sub_3380,999,card,bank_decline,1,12,1,1469,464,999,8,0.812,standard,0
C3381,sub_3381,799,card,network,3,0,1,427,825,799,9,0.25,new,1
C3382,sub_3382,999,netbanking,network,3,8,4,962,754,999,15,0.6,standard,0
C3383,sub_3383,2499,card,network,1,9,0,496,620,2499,19,0.833,new,1
C3384,sub_3384,999,card,network,4,1,6,329,358,999,16,0.2,standard,0
C3385,sub_3385,999,upi,bank_decline,4,1,6,1005,290,999,10,0.2,loyal,0
C3386,sub_3386,2499,card,technical,2,7,1,1111,480,2499,6,0.727,new,1
C3387,sub_3387,299,card,network,3,3,5,712,417,299,3,0.364,standard,1
C3388,sub_3388,4999,card,bank_decline,2,13,4,766,27,4999,2,0.7,loyal,1
C3389,sub_3389,1499,card,network,4,2,3,735,207,1499,16,0.375,loyal,0
C3390,sub_3390,1499,card,card_expired,1,1,5,891,751,1499,16,0.222,loyal,0
C3391,sub_3391,1499,card,bank_decline,4,4,4,1211,413,1499,7,0.455,enterprise,0
C3392,sub_3392,1499,card,insufficient_funds,1,4,2,1069,854,1499,20,0.556,standard,0
C3393,sub_3393,999,upi,network,1,2,3,424,222,999,21,0.375,loyal,0
C3394,sub_3394,799,upi,card_expired,2,9,0,378,871,799,13,0.833,standard,0
C3395,sub_3395,2499,netbanking,technical,1,4,1,1012,726,2499,5,0.625,standard,0
C3396,sub_3396,499,card,network,3,7,6,971,323,499,11,0.5,standard,0
C3397,sub_3397,1499,card,network,1,3,1,557,549,1499,18,0.571,loyal,1
C3398,sub_3398,999,netbanking,network,2,1,4,1259,889,999,11,0.25,standard,0
C3399,sub_3399,799,upi,card_expired,1,0,2,633,570,799,10,0.2,loyal,0
C3400,sub_3400,2499,card,card_expired,5,0,3,510,838,2499,11,0.167,standard,0
C3401,sub_3401,799,card,bank_decline,4,12,1,838,100,799,18,0.812,loyal,0
C3402,sub_3402,1499,card,bank_decline,2,3,3,297,148,1499,9,0.444,new,0
C3403,sub_3403,499,card,technical,1,4,3,1046,2,499,4,0.5,standard,1
C3404,sub_3404,499,card,bank_decline,5,8,4,1346,293,499,11,0.6,standard,0
C3405,sub_3405,1499,card,network,4,1,2,1418,710,1499,13,0.333,new,0
C3406,sub_3406,4999,netbanking,card_expired,5,8,4,675,867,4999,20,0.6,loyal,0
C3407,sub_3407,799,card,insufficient_funds,1,7,5,410,488,799,2,0.533,standard,1
C3408,sub_3408,299,card,insufficient_funds,2,11,5,723,380,299,20,0.632,new,0
C3409,sub_3409,299,card,technical,1,1,3,164,838,299,17,0.286,standard,0
C3410,sub_3410,999,upi,card_expired,3,0,2,1005,529,999,15,0.2,new,0
C3411,sub_3411,2499,upi,technical,1,10,3,648,483,2499,5,0.688,standard,1
C3412,sub_3412,1499,card,insufficient_funds,1,5,3,191,77,1499,4,0.545,standard,0
C3413,sub_3413,499,card,insufficient_funds,3,0,6,824,193,499,9,0.111,new,0
C3414,sub_3414,2499,upi,insufficient_funds,5,7,2,1080,628,2499,4,0.667,loyal,0
C3415,sub_3415,499,upi,network,4,6,2,349,628,499,14,0.636,standard,0
C3416,sub_3416,999,card,network,4,13,5,613,446,999,16,0.667,standard,0
C3417,sub_3417,2499,netbanking,insufficient_funds,5,13,4,1336,631,2499,10,0.7,standard,0
C3418,sub_3418,2499,card,network,5,7,2,1067,622,2499,15,0.667,standard,0
C3419,sub_3419,1499,card,technical,1,2,0,1200,59,1499,17,0.6,standard,0
C3420,sub_3420,799,card,network,2,10,4,679,751,799,20,0.647,new,0
C3421,sub_3421,2499,card,network,4,2,5,745,624,2499,15,0.3,loyal,0
C3422,sub_3422,799,card,bank_decline,5,11,6,750,198,799,5,0.6,standard,0
C3423,sub_3423,799,card,network,4,8,3,680,192,799,2,0.643,loyal,1
C3424,sub_3424,999,upi,technical,4,4,3,224,862,999,20,0.5,loyal,0
C3425,sub_3425,1499,card,bank_decline,2,13,1,70,229,1499,17,0.824,standard,0
C3426,sub_3426,499,netbanking,network,2,7,3,1250,30,499,18,0.615,new,1
C3427,sub_3427,4999,card,card_expired,1,5,0,809,29,4999,9,0.75,loyal,1
C3428,sub_3428,4999,card,card_expired,2,2,3,803,206,4999,3,0.375,standard,0
C3429,sub_3429,499,netbanking,bank_decline,1,9,4,897,565,499,13,0.625,loyal,0
C3430,sub_3430,499,upi,bank_decline,5,3,5,624,411,499,14,0.364,standard,0
C3431,sub_3431,299,upi,bank_decline,1,2,4,1338,658,299,4,0.333,new,0
C3432,sub_3432,799,upi,card_expired,2,1,5,710,209,799,10,0.222,loyal,0
C3433,sub_3433,499,card,insufficient_funds,5,8,4,756,208,499,9,0.6,loyal,0
C3434,sub_3434,4999,card,card_expired,5,12,5,801,364,4999,5,0.65,new,0
C3435,sub_3435,4999,card,technical,2,3,3,244,713,4999,17,0.444,standard,0
C3436,sub_3436,2499,card,card_expired,3,3,4,268,453,2499,10,0.4,standard,1
C3437,sub_3437,499,card,card_expired,3,8,4,278,686,499,20,0.6,standard,0
C3438,sub_3438,1499,card,insufficient_funds,5,2,4,388,85,1499,0,0.333,loyal,0
C3439,sub_3439,999,netbanking,bank_decline,4,1,3,248,369,999,20,0.286,standard,0
C3440,sub_3440,499,netbanking,technical,3,8,5,343,394,499,14,0.562,new,0
C3441,sub_3441,999,upi,network,2,7,1,1408,62,999,15,0.727,standard,1
C3442,sub_3442,499,upi,network,2,0,2,547,283,499,6,0.2,loyal,1
C3443,sub_3443,4999,card,insufficient_funds,4,3,3,1192,252,4999,1,0.444,standard,0
C3444,sub_3444,499,card,insufficient_funds,5,2,4,595,410,499,5,0.333,standard,0
C3445,sub_3445,799,upi,card_expired,1,9,3,1238,149,799,9,0.667,loyal,1
C3446,sub_3446,499,upi,network,4,9,1,1132,243,499,7,0.769,loyal,1
C3447,sub_3447,999,card,insufficient_funds,3,10,5,1262,862,999,4,0.611,new,0
C3448,sub_3448,1499,card,card_expired,1,1,3,439,129,1499,0,0.286,new,0
C3449,sub_3449,4999,card,card_expired,1,11,3,152,736,4999,15,0.706,enterprise,0
C3450,sub_3450,799,card,card_expired,2,2,6,469,489,799,14,0.273,standard,0
C3451,sub_3451,499,card,bank_decline,2,13,3,1056,71,499,3,0.737,new,1
C3452,sub_3452,299,card,card_expired,1,12,1,984,361,299,17,0.812,new,0
C3453,sub_3453,1499,card,bank_decline,2,6,6,1059,462,1499,21,0.467,loyal,0
C3454,sub_3454,4999,netbanking,card_expired,5,10,2,1490,250,4999,21,0.733,loyal,0
C3455,sub_3455,299,card,insufficient_funds,4,9,6,344,240,299,4,0.556,standard,0
C3456,sub_3456,4999,upi,card_expired,2,10,3,671,641,4999,9,0.688,standard,0
C3457,sub_3457,499,upi,network,4,0,1,741,29,499,1,0.25,loyal,0
C3458,sub_3458,4999,card,network,3,1,2,232,835,4999,0,0.333,new,0
C3459,sub_3459,299,upi,insufficient_funds,4,12,6,997,290,299,18,0.619,loyal,0
C3460,sub_3460,4999,card,bank_decline,2,10,6,82,344,4999,21,0.579,standard,0
C3461,sub_3461,799,card,card_expired,1,8,0,1347,115,799,4,0.818,new,1
C3462,sub_3462,499,card,network,2,4,6,141,792,499,10,0.385,standard,1
C3463,sub_3463,499,netbanking,card_expired,5,5,5,174,201,499,0,0.462,new,0
C3464,sub_3464,299,netbanking,network,3,5,4,268,723,299,17,0.5,standard,0
C3465,sub_3465,2499,card,bank_decline,1,6,1,1339,294,2499,12,0.7,loyal,0
C3466,sub_3466,299,card,bank_decline,5,8,4,1293,29,299,6,0.6,standard,0
C3467,sub_3467,999,card,card_expired,5,10,2,1384,368,999,21,0.733,standard,0
C3468,sub_3468,4999,upi,card_expired,3,5,0,1251,471,4999,2,0.75,standard,0
C3469,sub_3469,799,card,insufficient_funds,4,11,6,1386,422,799,5,0.6,standard,0
C3470,sub_3470,2499,card,insufficient_funds,1,1,4,712,888,2499,16,0.25,standard,1
C3471,sub_3471,1499,upi,bank_decline,3,11,0,17,468,1499,8,0.857,standard,1
C3472,sub_3472,2499,card,bank_decline,5,9,2,662,701,2499,15,0.714,new,0
C3473,sub_3473,4999,card,insufficient_funds,3,7,5,339,333,4999,5,0.533,loyal,0
C3474,sub_3474,299,card,insufficient_funds,1,5,3,374,131,299,14,0.545,new,0
C3475,sub_3475,799,card,network,4,5,3,1039,449,799,12,0.545,new,0
C3476,sub_3476,799,card,network,4,5,0,258,504,799,1,0.75,standard,1
C3477,sub_3477,299,card,network,4,13,0,489,376,299,7,0.875,standard,1
C3478,sub_3478,299,card,insufficient_funds,4,0,6,595,690,299,6,0.111,new,0
C3479,sub_3479,299,netbanking,technical,1,8,6,101,868,299,13,0.529,new,0
C3480,sub_3480,4999,card,insufficient_funds,1,13,0,1054,73,4999,9,0.875,standard,1
C3481,sub_3481,4999,netbanking,network,4,7,3,1146,61,4999,10,0.615,standard,1
C3482,sub_3482,1499,card,network,5,8,4,842,247,1499,3,0.6,new,1
C3483,sub_3483,2499,upi,insufficient_funds,1,8,6,52,527,2499,20,0.529,standard,0
C3484,sub_3484,799,card,bank_decline,3,7,3,1182,39,799,16,0.615,standard,0
C3485,sub_3485,999,upi,insufficient_funds,3,8,6,674,175,999,14,0.529,new,0
C3486,sub_3486,4999,card,bank_decline,2,12,0,406,368,4999,6,0.867,standard,1
C3487,sub_3487,499,card,bank_decline,4,9,0,1421,338,499,15,0.833,standard,0
C3488,sub_3488,499,card,network,5,11,3,1290,761,499,5,0.706,enterprise,0
C3489,sub_3489,999,card,card_expired,5,7,1,665,492,999,10,0.727,loyal,1
C3490,sub_3490,499,netbanking,technical,1,10,5,670,785,499,5,0.611,standard,1
C3491,sub_3491,1499,netbanking,insufficient_funds,3,12,2,1368,684,1499,6,0.765,enterprise,0
C3492,sub_3492,1499,upi,network,5,2,2,294,373,1499,14,0.429,standard,0
C3493,sub_3493,799,card,technical,2,12,3,619,879,799,6,0.722,standard,1
C3494,sub_3494,299,netbanking,technical,5,9,6,859,759,299,16,0.556,enterprise,0
C3495,sub_3495,299,upi,insufficient_funds,3,6,0,526,444,299,11,0.778,loyal,0
C3496,sub_3496,999,card,card_expired,3,10,3,480,765,999,21,0.688,standard,0
C3497,sub_3497,799,card,network,2,2,2,170,232,799,4,0.429,standard,1
C3498,sub_3498,299,upi,bank_decline,5,9,0,407,188,299,20,0.833,enterprise,0
C3499,sub_3499,1499,card,insufficient_funds,3,8,5,543,712,1499,2,0.562,new,0
C3500,sub_3500,4999,card,network,3,12,6,1257,710,4999,12,0.619,standard,0
C3501,sub_3501,4999,upi,card_expired,3,8,1,512,200,4999,8,0.75,standard,0
C3502,sub_3502,299,card,technical,1,7,5,250,678,299,16,0.533,enterprise,0
C3503,sub_3503,499,card,bank_decline,4,7,4,1271,457,499,2,0.571,new,0
C3504,sub_3504,999,card,network,2,7,4,534,503,999,5,0.571,new,1
C3505,sub_3505,4999,upi,network,2,12,3,1380,762,4999,5,0.722,standard,0
C3506,sub_3506,1499,netbanking,technical,4,10,2,172,144,1499,20,0.733,new,1
C3507,sub_3507,999,upi,technical,1,1,0,42,364,999,11,0.5,standard,1
C3508,sub_3508,4999,upi,insufficient_funds,4,7,0,1383,261,4999,3,0.8,standard,0
C3509,sub_3509,1499,card,card_expired,3,4,1,156,501,1499,17,0.625,loyal,0
C3510,sub_3510,4999,card,insufficient_funds,4,2,3,22,142,4999,6,0.375,loyal,0
C3511,sub_3511,4999,card,insufficient_funds,1,12,0,968,108,4999,4,0.867,standard,1
C3512,sub_3512,4999,card,network,4,12,4,482,626,4999,10,0.684,loyal,0
C3513,sub_3513,999,upi,network,2,13,4,732,51,999,17,0.7,new,0
C3514,sub_3514,799,upi,network,5,5,2,618,376,799,18,0.6,standard,0
C3515,sub_3515,299,card,bank_decline,2,5,0,452,887,299,0,0.75,standard,1
C3516,sub_3516,2499,netbanking,network,1,10,3,726,899,2499,19,0.688,standard,1
C3517,sub_3517,499,upi,network,3,2,5,397,161,499,21,0.3,new,0
C3518,sub_3518,299,card,insufficient_funds,1,0,2,344,834,299,7,0.2,standard,0
C3519,sub_3519,2499,card,network,2,5,5,344,302,2499,11,0.462,standard,1
C3520,sub_3520,799,card,network,4,8,2,186,179,799,8,0.692,standard,1
C3521,sub_3521,999,card,card_expired,3,6,0,792,454,999,10,0.778,standard,0
C3522,sub_3522,2499,card,insufficient_funds,4,2,4,827,440,2499,14,0.333,new,0
C3523,sub_3523,799,card,card_expired,5,7,6,36,337,799,14,0.5,enterprise,0
C3524,sub_3524,2499,card,technical,3,13,6,694,385,2499,10,0.636,new,0
C3525,sub_3525,1499,card,network,3,3,6,1110,88,1499,10,0.333,enterprise,0
C3526,sub_3526,999,upi,technical,1,5,0,11,238,999,10,0.75,loyal,0
C3527,sub_3527,499,upi,technical,2,4,0,457,178,499,8,0.714,standard,0
C3528,sub_3528,2499,card,bank_decline,4,4,3,1441,839,2499,2,0.5,standard,0
C3529,sub_3529,499,card,card_expired,1,9,6,645,444,499,8,0.556,loyal,0
C3530,sub_3530,1499,card,card_expired,2,5,6,34,492,1499,15,0.429,loyal,0
C3531,sub_3531,2499,card,card_expired,1,8,1,795,395,2499,21,0.75,loyal,0
C3532,sub_3532,299,card,card_expired,5,0,2,622,796,299,17,0.2,loyal,0
C3533,sub_3533,799,card,network,3,9,4,324,718,799,18,0.625,standard,1
C3534,sub_3534,1499,card,technical,4,1,6,119,620,1499,17,0.2,new,0
C3535,sub_3535,499,netbanking,card_expired,4,5,1,1326,281,499,11,0.667,enterprise,0
C3536,sub_3536,299,card,bank_decline,2,12,6,1221,278,299,15,0.619,new,0
C3537,sub_3537,799,upi,insufficient_funds,1,4,5,1026,846,799,18,0.417,standard,0
C3538,sub_3538,999,card,network,2,9,0,36,837,999,4,0.833,standard,1
C3539,sub_3539,4999,card,insufficient_funds,1,4,5,1306,255,4999,3,0.417,loyal,0
C3540,sub_3540,2499,netbanking,insufficient_funds,2,12,4,715,303,2499,5,0.684,loyal,0
C3541,sub_3541,499,card,insufficient_funds,2,13,6,718,298,499,11,0.636,standard,0
C3542,sub_3542,499,upi,insufficient_funds,4,12,1,1317,705,499,17,0.812,new,1
C3543,sub_3543,499,netbanking,network,2,5,6,654,854,499,9,0.429,standard,0
C3544,sub_3544,4999,card,insufficient_funds,1,4,0,361,798,4999,21,0.714,new,0
C3545,sub_3545,799,card,insufficient_funds,5,8,0,363,756,799,7,0.818,enterprise,1
C3546,sub_3546,4999,card,technical,1,11,3,1391,314,4999,10,0.706,new,1
C3547,sub_3547,299,card,network,2,7,4,821,285,299,20,0.571,enterprise,1
C3548,sub_3548,999,card,insufficient_funds,2,10,1,872,800,999,3,0.786,new,0
C3549,sub_3549,299,card,insufficient_funds,1,12,1,893,356,299,18,0.812,loyal,1
C3550,sub_3550,999,netbanking,insufficient_funds,5,10,2,338,194,999,3,0.733,standard,0
C3551,sub_3551,299,upi,insufficient_funds,2,5,0,635,758,299,19,0.75,loyal,0
C3552,sub_3552,499,card,card_expired,4,3,1,1427,432,499,7,0.571,standard,0
C3553,sub_3553,499,card,technical,1,6,1,226,78,499,13,0.7,loyal,1
C3554,sub_3554,1499,upi,insufficient_funds,3,8,6,1427,806,1499,15,0.529,loyal,0
C3555,sub_3555,1499,netbanking,card_expired,1,11,6,416,265,1499,8,0.6,standard,0
C3556,sub_3556,999,card,network,2,4,4,450,278,999,12,0.455,enterprise,1
C3557,sub_3557,499,card,network,3,2,4,31,478,499,16,0.333,standard,0
C3558,sub_3558,499,upi,insufficient_funds,5,4,0,998,243,499,19,0.714,standard,0
C3559,sub_3559,799,netbanking,network,2,8,0,485,746,799,2,0.818,standard,1
C3560,sub_3560,4999,netbanking,card_expired,4,3,2,694,622,4999,10,0.5,standard,0
C3561,sub_3561,1499,card,card_expired,1,5,6,875,508,1499,18,0.429,loyal,0
C3562,sub_3562,299,card,bank_decline,2,3,3,954,180,299,12,0.444,loyal,0
C3563,sub_3563,299,card,insufficient_funds,4,13,5,1434,441,299,0,0.667,standard,1
C3564,sub_3564,799,card,card_expired,3,7,2,838,245,799,2,0.667,standard,0
C3565,sub_3565,499,netbanking,insufficient_funds,3,10,2,275,865,499,18,0.733,new,0
C3566,sub_3566,799,card,network,4,7,5,1058,713,799,9,0.533,standard,0
C3567,sub_3567,4999,upi,network,1,0,3,92,105,4999,15,0.167,loyal,0
C3568,sub_3568,499,netbanking,card_expired,4,3,5,1266,475,499,19,0.364,new,0
C3569,sub_3569,1499,netbanking,technical,5,11,5,451,702,1499,1,0.632,standard,0
C3570,sub_3570,999,upi,network,4,7,5,1086,471,999,10,0.533,new,1
C3571,sub_3571,1499,netbanking,card_expired,2,9,4,243,115,1499,3,0.625,new,1
C3572,sub_3572,999,card,bank_decline,2,10,5,615,126,999,18,0.611,new,0
C3573,sub_3573,999,card,bank_decline,5,7,3,1046,659,999,9,0.615,new,0
C3574,sub_3574,499,card,insufficient_funds,4,8,2,935,472,499,19,0.692,standard,0
C3575,sub_3575,4999,netbanking,card_expired,5,3,3,18,489,4999,6,0.444,loyal,0
C3576,sub_3576,499,netbanking,card_expired,5,3,2,61,243,499,3,0.5,new,0
C3577,sub_3577,499,card,bank_decline,3,2,0,1471,238,499,19,0.6,loyal,0
C3578,sub_3578,299,card,network,1,4,2,797,367,299,13,0.556,standard,1
C3579,sub_3579,299,card,technical,2,8,3,1284,489,299,4,0.643,new,1
C3580,sub_3580,799,card,network,2,12,3,118,422,799,15,0.722,standard,0
C3581,sub_3581,2499,upi,bank_decline,5,6,2,741,791,2499,9,0.636,new,0
C3582,sub_3582,499,card,network,2,8,5,868,170,499,1,0.562,loyal,1
C3583,sub_3583,299,upi,network,2,12,1,1382,425,299,5,0.812,loyal,1
C3584,sub_3584,999,card,network,5,9,4,1068,212,999,16,0.625,standard,0
C3585,sub_3585,999,card,insufficient_funds,1,3,1,945,6,999,2,0.571,new,1
C3586,sub_3586,999,card,insufficient_funds,4,3,6,447,373,999,7,0.333,new,0
C3587,sub_3587,299,netbanking,network,3,8,4,1490,51,299,5,0.6,standard,0
C3588,sub_3588,499,card,insufficient_funds,5,4,3,498,335,499,16,0.5,new,0
C3589,sub_3589,799,card,insufficient_funds,3,3,3,424,569,799,18,0.444,standard,0
C3590,sub_3590,2499,card,bank_decline,3,8,5,1088,338,2499,17,0.562,standard,0
C3591,sub_3591,1499,netbanking,technical,5,8,2,1495,610,1499,15,0.692,standard,0
C3592,sub_3592,2499,upi,card_expired,5,3,5,1286,266,2499,1,0.364,new,0
C3593,sub_3593,999,upi,network,4,0,1,278,362,999,20,0.25,standard,0
C3594,sub_3594,799,card,insufficient_funds,4,10,5,1224,787,799,3,0.611,standard,0
C3595,sub_3595,999,netbanking,technical,5,5,6,536,219,999,8,0.429,loyal,0
C3596,sub_3596,799,card,network,5,8,1,340,451,799,18,0.75,standard,0
C3597,sub_3597,499,upi,insufficient_funds,4,2,1,1403,644,499,5,0.5,standard,0
C3598,sub_3598,1499,card,technical,2,4,6,1425,326,1499,4,0.385,new,0
C3599,sub_3599,799,card,technical,4,8,2,562,274,799,0,0.692,standard,1
C3600,sub_3600,499,netbanking,insufficient_funds,2,1,4,49,628,499,7,0.25,standard,0
C3601,sub_3601,1499,netbanking,card_expired,3,4,1,322,67,1499,10,0.625,loyal,0
C3602,sub_3602,299,card,insufficient_funds,3,10,2,816,239,299,10,0.733,standard,0
C3603,sub_3603,299,card,bank_decline,5,10,4,98,369,299,0,0.647,loyal,1
C3604,sub_3604,799,netbanking,network,3,4,6,348,196,799,4,0.385,loyal,0
C3605,sub_3605,1499,netbanking,network,5,1,3,231,485,1499,0,0.286,standard,0
C3606,sub_3606,2499,upi,card_expired,5,0,0,1428,557,2499,4,0.333,new,0
C3607,sub_3607,999,card,network,5,7,2,539,869,999,13,0.667,loyal,0
C3608,sub_3608,499,card,card_expired,1,9,4,576,541,499,0,0.625,loyal,1
C3609,sub_3609,799,netbanking,insufficient_funds,4,8,6,637,533,799,3,0.529,enterprise,0
C3610,sub_3610,799,upi,technical,2,5,5,29,653,799,11,0.462,standard,0
C3611,sub_3611,799,upi,bank_decline,3,0,5,818,188,799,12,0.125,enterprise,0
C3612,sub_3612,1499,upi,insufficient_funds,3,3,1,1369,423,1499,19,0.571,new,0
C3613,sub_3613,2499,card,bank_decline,2,0,3,1222,749,2499,12,0.167,standard,0
C3614,sub_3614,1499,card,network,5,6,4,383,158,1499,20,0.538,standard,0
C3615,sub_3615,799,upi,insufficient_funds,5,4,3,29,263,799,15,0.5,new,1
C3616,sub_3616,799,card,network,3,0,6,1162,198,799,12,0.111,new,0
C3617,sub_3617,299,upi,bank_decline,1,8,6,1263,863,299,8,0.529,new,0
C3618,sub_3618,2499,upi,bank_decline,1,5,1,1383,319,2499,2,0.667,new,1
C3619,sub_3619,4999,upi,technical,2,13,6,870,293,4999,15,0.636,enterprise,0
C3620,sub_3620,299,card,bank_decline,5,5,5,715,733,299,20,0.462,enterprise,0
C3621,sub_3621,299,upi,technical,3,1,4,1137,818,299,8,0.25,loyal,1
C3622,sub_3622,499,card,network,1,9,2,1038,5,499,7,0.714,enterprise,1
C3623,sub_3623,2499,card,technical,3,9,5,1137,791,2499,2,0.588,loyal,0
C3624,sub_3624,499,card,card_expired,5,13,4,433,636,499,13,0.7,enterprise,0
C3625,sub_3625,299,card,insufficient_funds,3,9,6,1355,777,299,6,0.556,new,0
C3626,sub_3626,799,netbanking,card_expired,3,5,4,65,78,799,0,0.5,standard,0
C3627,sub_3627,799,netbanking,insufficient_funds,1,9,6,149,36,799,0,0.556,loyal,0
C3628,sub_3628,799,card,insufficient_funds,5,11,2,985,302,799,7,0.75,standard,0
C3629,sub_3629,999,upi,network,1,7,0,861,765,999,10,0.8,loyal,1
C3630,sub_3630,499,card,network,5,11,3,835,449,499,10,0.706,standard,0
C3631,sub_3631,299,upi,insufficient_funds,2,13,6,1364,649,299,16,0.636,standard,0
C3632,sub_3632,299,netbanking,technical,1,10,4,1307,221,299,11,0.647,standard,1
C3633,sub_3633,2499,card,card_expired,2,7,4,1081,301,2499,17,0.571,loyal,0
C3634,sub_3634,1499,card,insufficient_funds,1,6,4,255,790,1499,6,0.538,standard,0
C3635,sub_3635,499,card,insufficient_funds,1,11,4,153,441,499,5,0.667,standard,0
C3636,sub_3636,4999,card,insufficient_funds,1,12,0,218,701,4999,11,0.867,standard,0
C3637,sub_3637,999,netbanking,network,4,3,2,924,576,999,2,0.5,standard,0
C3638,sub_3638,2499,card,bank_decline,5,0,0,1072,158,2499,16,0.333,standard,0
C3639,sub_3639,2499,card,network,2,11,2,1201,849,2499,4,0.75,standard,1
C3640,sub_3640,799,card,bank_decline,4,3,5,163,851,799,20,0.364,standard,0
C3641,sub_3641,1499,netbanking,bank_decline,2,13,5,419,702,1499,21,0.667,enterprise,0
C3642,sub_3642,1499,card,card_expired,3,0,1,513,423,1499,11,0.25,standard,0
C3643,sub_3643,999,upi,bank_decline,2,12,4,952,386,999,6,0.684,enterprise,0
C3644,sub_3644,1499,upi,insufficient_funds,5,9,1,79,268,1499,7,0.769,loyal,0
C3645,sub_3645,799,card,technical,3,4,1,1262,581,799,9,0.625,loyal,1
C3646,sub_3646,299,card,bank_decline,3,0,6,130,279,299,10,0.111,loyal,0
C3647,sub_3647,299,card,bank_decline,5,11,4,790,168,299,1,0.667,standard,0
C3648,sub_3648,999,card,card_expired,4,1,1,1400,55,999,4,0.4,standard,0
C3649,sub_3649,4999,upi,bank_decline,1,1,0,299,382,4999,17,0.5,standard,0
C3650,sub_3650,499,upi,technical,1,11,0,1034,734,499,1,0.857,standard,1
C3651,sub_3651,1499,card,insufficient_funds,2,9,3,829,712,1499,9,0.667,standard,0
C3652,sub_3652,499,card,bank_decline,1,1,0,1231,764,499,19,0.5,new,0
C3653,sub_3653,1499,card,bank_decline,4,4,4,886,546,1499,1,0.455,loyal,0
C3654,sub_3654,499,card,insufficient_funds,3,9,3,1273,781,499,20,0.667,new,0
C3655,sub_3655,999,upi,technical,1,9,4,610,705,999,10,0.625,standard,0
C3656,sub_3656,2499,upi,insufficient_funds,3,5,1,254,726,2499,9,0.667,new,0
C3657,sub_3657,799,upi,card_expired,5,5,1,1022,459,799,15,0.667,new,0
C3658,sub_3658,4999,card,network,5,1,0,1451,77,4999,17,0.5,standard,0
C3659,sub_3659,299,card,network,5,0,0,655,342,299,10,0.333,loyal,1
C3660,sub_3660,299,card,bank_decline,5,13,0,1231,762,299,1,0.875,standard,0
C3661,sub_3661,499,netbanking,insufficient_funds,4,3,1,1317,668,499,21,0.571,loyal,0
C3662,sub_3662,499,upi,insufficient_funds,5,12,5,971,12,499,0,0.65,new,0
C3663,sub_3663,799,netbanking,network,5,0,4,1189,85,799,19,0.143,standard,0
C3664,sub_3664,4999,card,insufficient_funds,4,13,1,848,593,4999,9,0.824,new,0
C3665,sub_3665,499,card,bank_decline,3,5,6,1209,880,499,11,0.429,standard,0
C3666,sub_3666,799,upi,technical,5,11,5,510,658,799,16,0.632,new,0
C3667,sub_3667,299,card,network,3,11,5,793,853,299,20,0.632,new,0
C3668,sub_3668,2499,upi,card_expired,1,4,6,125,60,2499,3,0.385,loyal,0
C3669,sub_3669,999,card,insufficient_funds,1,10,5,302,792,999,17,0.611,standard,0
C3670,sub_3670,299,netbanking,card_expired,3,4,6,872,116,299,14,0.385,standard,0
C3671,sub_3671,999,card,insufficient_funds,1,11,2,1089,795,999,8,0.75,loyal,1
C3672,sub_3672,499,netbanking,insufficient_funds,1,13,5,54,876,499,9,0.667,standard,1
C3673,sub_3673,799,card,insufficient_funds,2,11,0,112,460,799,16,0.857,standard,1
C3674,sub_3674,499,card,card_expired,3,10,2,19,479,499,3,0.733,standard,0
C3675,sub_3675,2499,card,insufficient_funds,3,5,6,781,448,2499,11,0.429,standard,0
C3676,sub_3676,299,card,insufficient_funds,3,1,0,509,498,299,15,0.5,loyal,0
C3677,sub_3677,1499,netbanking,bank_decline,3,7,3,88,738,1499,11,0.615,standard,0
C3678,sub_3678,2499,netbanking,bank_decline,5,1,2,1192,254,2499,9,0.333,new,0
C3679,sub_3679,299,netbanking,insufficient_funds,2,7,0,797,255,299,11,0.8,standard,0
C3680,sub_3680,4999,netbanking,bank_decline,3,12,1,24,871,4999,11,0.812,standard,0
C3681,sub_3681,2499,upi,bank_decline,4,1,3,1032,765,2499,17,0.286,standard,0
C3682,sub_3682,499,card,network,2,12,4,1368,486,499,18,0.684,standard,0
C3683,sub_3683,999,upi,card_expired,1,8,4,634,181,999,20,0.6,enterprise,0
C3684,sub_3684,1499,card,insufficient_funds,1,0,0,1424,860,1499,1,0.333,standard,1
C3685,sub_3685,999,upi,bank_decline,2,10,2,631,791,999,7,0.733,standard,1
C3686,sub_3686,2499,card,network,2,0,0,125,296,2499,19,0.333,new,0
C3687,sub_3687,4999,upi,card_expired,1,8,0,192,487,4999,14,0.818,standard,0
C3688,sub_3688,799,card,network,2,7,2,109,378,799,8,0.667,standard,1
C3689,sub_3689,299,card,insufficient_funds,4,10,4,459,759,299,13,0.647,enterprise,0
C3690,sub_3690,999,card,technical,5,5,2,583,618,999,10,0.6,loyal,0
C3691,sub_3691,1499,card,insufficient_funds,3,1,0,671,444,1499,19,0.5,new,0
C3692,sub_3692,2499,card,bank_decline,1,5,1,726,871,2499,12,0.667,loyal,0
C3693,sub_3693,499,card,technical,4,10,3,1296,547,499,9,0.688,loyal,0
C3694,sub_3694,4999,card,bank_decline,1,13,2,27,436,4999,13,0.778,new,0
C3695,sub_3695,299,card,network,1,2,5,1347,834,299,4,0.3,enterprise,0
C3696,sub_3696,1499,card,bank_decline,3,4,4,365,405,1499,16,0.455,loyal,0
C3697,sub_3697,999,upi,network,3,12,6,1430,376,999,4,0.619,loyal,0
C3698,sub_3698,1499,card,insufficient_funds,2,4,1,211,350,1499,0,0.625,standard,1
C3699,sub_3699,499,card,bank_decline,5,3,2,159,199,499,1,0.5,standard,0
C3700,sub_3700,4999,card,card_expired,1,11,0,191,252,4999,1,0.857,loyal,1
C3701,sub_3701,299,card,insufficient_funds,1,6,0,451,82,299,2,0.778,standard,0
C3702,sub_3702,2499,card,insufficient_funds,3,8,6,1412,655,2499,1,0.529,enterprise,0
C3703,sub_3703,999,upi,bank_decline,3,6,3,699,531,999,6,0.583,new,0
C3704,sub_3704,999,card,bank_decline,5,8,4,256,839,999,21,0.6,standard,0
C3705,sub_3705,799,card,insufficient_funds,1,3,1,966,550,799,2,0.571,loyal,0
C3706,sub_3706,799,card,technical,3,10,0,766,73,799,14,0.846,standard,1
C3707,sub_3707,999,card,network,1,5,6,1057,559,999,19,0.429,standard,0
C3708,sub_3708,799,card,network,1,7,4,1114,158,799,17,0.571,loyal,0
C3709,sub_3709,299,upi,card_expired,3,2,4,1181,34,299,7,0.333,loyal,0
C3710,sub_3710,799,card,technical,4,0,3,235,596,799,1,0.167,standard,0
C3711,sub_3711,799,upi,network,1,7,2,748,25,799,8,0.667,standard,1
C3712,sub_3712,2499,card,network,5,1,2,949,368,2499,13,0.333,standard,0
C3713,sub_3713,999,card,network,3,12,5,839,805,999,16,0.65,standard,0
C3714,sub_3714,999,card,bank_decline,3,13,1,1459,231,999,3,0.824,loyal,1
C3715,sub_3715,999,card,network,5,4,2,1441,626,999,6,0.556,standard,0
C3716,sub_3716,799,card,insufficient_funds,2,4,2,1219,339,799,13,0.556,standard,1
C3717,sub_3717,2499,upi,technical,2,7,3,367,102,2499,15,0.615,new,0
C3718,sub_3718,1499,upi,network,4,2,6,798,178,1499,6,0.273,new,0
C3719,sub_3719,4999,card,card_expired,1,12,6,1207,68,4999,18,0.619,standard,0
C3720,sub_3720,999,card,insufficient_funds,5,1,3,409,136,999,17,0.286,standard,0
C3721,sub_3721,299,upi,bank_decline,5,6,1,1070,146,299,7,0.7,loyal,0
C3722,sub_3722,1499,card,insufficient_funds,5,2,6,381,795,1499,11,0.273,enterprise,1
C3723,sub_3723,799,card,insufficient_funds,3,11,2,218,726,799,10,0.75,standard,0
C3724,sub_3724,299,upi,network,4,2,2,367,318,299,14,0.429,loyal,0
C3725,sub_3725,2499,card,bank_decline,5,6,6,1390,651,2499,7,0.467,standard,0
C3726,sub_3726,1499,card,bank_decline,1,11,1,1493,184,1499,7,0.8,standard,1
C3727,sub_3727,1499,card,network,2,6,3,1284,575,1499,9,0.583,standard,1
C3728,sub_3728,1499,card,insufficient_funds,3,2,6,414,182,1499,4,0.273,standard,0
C3729,sub_3729,4999,card,technical,4,2,2,1171,577,4999,12,0.429,standard,0
C3730,sub_3730,1499,upi,network,4,8,4,335,322,1499,21,0.6,loyal,0
C3731,sub_3731,1499,card,insufficient_funds,5,1,0,198,773,1499,7,0.5,standard,0
C3732,sub_3732,2499,card,card_expired,3,4,6,395,751,2499,18,0.385,new,0
C3733,sub_3733,2499,card,insufficient_funds,1,8,2,218,300,2499,10,0.692,standard,0
C3734,sub_3734,1499,upi,network,1,5,4,964,37,1499,3,0.5,enterprise,1
C3735,sub_3735,299,card,insufficient_funds,5,11,3,1027,290,299,10,0.706,new,0
C3736,sub_3736,799,upi,network,3,9,3,63,254,799,10,0.667,enterprise,1
C3737,sub_3737,499,card,insufficient_funds,4,1,2,169,383,499,0,0.333,enterprise,0
C3738,sub_3738,4999,card,bank_decline,3,11,0,723,517,4999,10,0.857,standard,1
C3739,sub_3739,1499,card,card_expired,5,12,1,178,890,1499,3,0.812,standard,0
C3740,sub_3740,999,card,network,2,2,2,1244,57,999,17,0.429,new,1
C3741,sub_3741,999,card,bank_decline,1,5,2,606,499,999,11,0.6,new,0
C3742,sub_3742,1499,upi,network,4,5,1,625,155,1499,6,0.667,standard,0
C3743,sub_3743,2499,netbanking,bank_decline,3,5,4,18,492,2499,0,0.5,loyal,0
C3744,sub_3744,499,upi,insufficient_funds,5,6,5,1055,573,499,12,0.5,enterprise,0
C3745,sub_3745,4999,card,bank_decline,1,12,6,1085,728,4999,15,0.619,new,0
C3746,sub_3746,2499,card,network,2,9,6,1136,504,2499,9,0.556,standard,0
C3747,sub_3747,499,upi,network,5,12,4,814,161,499,19,0.684,standard,1
C3748,sub_3748,1499,card,insufficient_funds,5,4,2,411,822,1499,4,0.556,standard,0
C3749,sub_3749,799,upi,network,1,7,4,126,365,799,16,0.571,standard,0
C3750,sub_3750,799,upi,network,5,1,0,480,432,799,10,0.5,loyal,0
C3751,sub_3751,4999,card,bank_decline,1,3,5,819,577,4999,6,0.364,standard,0
C3752,sub_3752,499,netbanking,bank_decline,1,8,3,183,239,499,6,0.643,new,1
C3753,sub_3753,2499,upi,network,5,2,1,90,889,2499,9,0.5,standard,0
C3754,sub_3754,1499,card,technical,1,13,2,333,41,1499,1,0.778,new,1
C3755,sub_3755,2499,netbanking,bank_decline,2,3,2,115,139,2499,14,0.5,enterprise,0
C3756,sub_3756,2499,card,bank_decline,1,2,2,31,891,2499,8,0.429,enterprise,0
C3757,sub_3757,1499,card,card_expired,3,10,0,733,407,1499,14,0.846,new,0
C3758,sub_3758,499,card,card_expired,1,1,0,1120,804,499,11,0.5,standard,0
C3759,sub_3759,4999,card,insufficient_funds,2,4,2,754,815,4999,21,0.556,loyal,0
C3760,sub_3760,1499,card,card_expired,2,2,2,145,891,1499,1,0.429,standard,0
C3761,sub_3761,799,netbanking,technical,4,9,6,515,653,799,10,0.556,standard,1
C3762,sub_3762,499,card,network,3,11,1,62,615,499,11,0.8,enterprise,1
C3763,sub_3763,299,card,insufficient_funds,1,2,2,936,552,299,5,0.429,standard,0
C3764,sub_3764,799,upi,network,3,5,6,357,615,799,14,0.429,standard,0
C3765,sub_3765,299,card,technical,3,6,6,587,232,299,7,0.467,new,1
C3766,sub_3766,4999,upi,insufficient_funds,2,9,0,1353,733,4999,16,0.833,standard,0
C3767,sub_3767,999,card,card_expired,3,4,0,884,169,999,20,0.714,loyal,0
C3768,sub_3768,1499,netbanking,bank_decline,2,7,0,1149,432,1499,18,0.8,loyal,0
C3769,sub_3769,2499,upi,technical,2,7,3,531,337,2499,13,0.615,standard,0
C3770,sub_3770,4999,card,network,4,0,4,1396,685,4999,15,0.143,new,0
C3771,sub_3771,999,card,bank_decline,2,7,2,1075,230,999,19,0.667,loyal,0
C3772,sub_3772,299,card,technical,2,7,0,778,186,299,21,0.8,standard,0
C3773,sub_3773,1499,netbanking,network,1,13,1,873,727,1499,15,0.824,standard,1
C3774,sub_3774,4999,upi,bank_decline,4,7,4,938,438,4999,20,0.571,standard,0
C3775,sub_3775,799,card,insufficient_funds,4,12,2,248,648,799,21,0.765,standard,0
C3776,sub_3776,299,card,card_expired,4,4,0,384,791,299,3,0.714,standard,0
C3777,sub_3777,2499,netbanking,insufficient_funds,1,9,4,1032,751,2499,11,0.625,standard,0
C3778,sub_3778,1499,card,network,3,12,4,666,360,1499,7,0.684,standard,1
C3779,sub_3779,499,upi,network,2,2,3,1178,154,499,20,0.375,standard,0
C3780,sub_3780,299,upi,network,4,7,6,793,864,299,16,0.5,standard,0
C3781,sub_3781,999,card,network,2,12,5,108,279,999,19,0.65,standard,1
C3782,sub_3782,499,card,card_expired,3,7,0,1000,692,499,7,0.8,loyal,0
C3783,sub_3783,499,card,insufficient_funds,3,12,6,918,691,499,18,0.619,new,0
C3784,sub_3784,799,card,network,4,5,0,553,398,799,1,0.75,new,1
C3785,sub_3785,999,netbanking,card_expired,4,12,3,1187,148,999,20,0.722,new,0
C3786,sub_3786,2499,upi,card_expired,5,8,6,532,425,2499,5,0.529,new,0
C3787,sub_3787,999,upi,insufficient_funds,3,6,6,180,131,999,11,0.467,standard,0
C3788,sub_3788,2499,card,technical,5,3,0,190,317,2499,15,0.667,standard,0
C3789,sub_3789,1499,card,insufficient_funds,5,2,0,1353,345,1499,16,0.6,new,0
C3790,sub_3790,799,upi,bank_decline,3,4,1,570,466,799,4,0.625,standard,0
C3791,sub_3791,999,card,network,4,10,1,628,168,999,12,0.786,standard,0
C3792,sub_3792,299,card,bank_decline,5,6,1,465,761,299,11,0.7,loyal,0
C3793,sub_3793,4999,card,technical,5,5,2,1109,71,4999,17,0.6,standard,0
C3794,sub_3794,799,upi,bank_decline,2,6,2,912,887,799,7,0.636,enterprise,1
C3795,sub_3795,4999,upi,card_expired,4,4,4,1349,282,4999,16,0.455,new,0
C3796,sub_3796,1499,card,card_expired,3,11,5,1342,441,1499,13,0.632,standard,0
C3797,sub_3797,799,netbanking,insufficient_funds,1,5,3,1484,788,799,16,0.545,standard,0
C3798,sub_3798,999,card,card_expired,2,6,2,500,589,999,19,0.636,loyal,1
C3799,sub_3799,299,card,bank_decline,5,7,3,880,51,299,9,0.615,new,0
C3800,sub_3800,1499,card,technical,5,9,4,526,544,1499,9,0.625,enterprise,0
C3801,sub_3801,299,upi,insufficient_funds,4,4,6,1059,509,299,17,0.385,loyal,0
C3802,sub_3802,1499,card,network,5,1,6,1124,839,1499,17,0.2,standard,0
C3803,sub_3803,499,card,card_expired,3,9,1,385,507,499,19,0.769,standard,0
C3804,sub_3804,299,card,network,4,7,6,1290,892,299,12,0.5,standard,0
C3805,sub_3805,499,upi,network,1,9,5,442,478,499,13,0.588,new,0
C3806,sub_3806,299,upi,insufficient_funds,2,7,0,1475,173,299,1,0.8,loyal,1
C3807,sub_3807,4999,card,bank_decline,1,7,3,1277,455,4999,10,0.615,loyal,0
C3808,sub_3808,4999,netbanking,network,5,13,1,37,825,4999,5,0.824,new,1
C3809,sub_3809,4999,card,network,4,0,3,603,16,4999,18,0.167,new,0
C3810,sub_3810,2499,card,network,5,1,0,588,359,2499,2,0.5,standard,0
C3811,sub_3811,499,card,bank_decline,3,13,2,1235,43,499,17,0.778,loyal,0
C3812,sub_3812,2499,upi,card_expired,3,12,4,1089,757,2499,18,0.684,standard,0
C3813,sub_3813,2499,card,network,4,5,2,85,460,2499,10,0.6,standard,0
C3814,sub_3814,499,card,network,3,7,0,1262,644,499,14,0.8,new,1
C3815,sub_3815,2499,card,card_expired,2,6,2,335,871,2499,12,0.636,loyal,0
C3816,sub_3816,4999,card,insufficient_funds,2,13,3,560,749,4999,15,0.737,new,0
C3817,sub_3817,799,upi,card_expired,3,6,5,263,367,799,15,0.5,standard,0
C3818,sub_3818,1499,netbanking,insufficient_funds,1,10,0,244,841,1499,5,0.846,enterprise,0
C3819,sub_3819,4999,card,technical,1,5,3,795,425,4999,15,0.545,loyal,0
C3820,sub_3820,499,upi,insufficient_funds,1,5,1,136,880,499,19,0.667,standard,0
C3821,sub_3821,4999,card,card_expired,1,9,1,129,883,4999,6,0.769,loyal,1
C3822,sub_3822,799,card,network,1,5,0,1180,200,799,6,0.75,new,0
C3823,sub_3823,4999,card,technical,1,0,5,522,701,4999,6,0.125,new,0
C3824,sub_3824,499,netbanking,technical,1,2,6,975,628,499,20,0.273,new,0
C3825,sub_3825,2499,card,bank_decline,5,12,4,1479,693,2499,19,0.684,standard,0
C3826,sub_3826,999,upi,insufficient_funds,1,5,2,85,151,999,7,0.6,loyal,0
C3827,sub_3827,799,card,network,3,1,6,1193,454,799,20,0.2,standard,0
C3828,sub_3828,999,upi,bank_decline,1,13,3,173,137,999,16,0.737,standard,0
C3829,sub_3829,499,card,bank_decline,5,13,3,1143,808,499,8,0.737,loyal,0
C3830,sub_3830,1499,netbanking,network,2,6,4,465,786,1499,18,0.538,standard,0
C3831,sub_3831,4999,upi,insufficient_funds,4,8,4,211,523,4999,20,0.6,new,0
C3832,sub_3832,1499,card,insufficient_funds,4,10,3,350,117,1499,19,0.688,standard,0
C3833,sub_3833,499,upi,bank_decline,4,0,3,553,591,499,10,0.167,loyal,1
C3834,sub_3834,1499,card,card_expired,4,4,2,1097,395,1499,4,0.556,standard,0
C3835,sub_3835,999,card,card_expired,3,7,4,1024,709,999,3,0.571,enterprise,1
C3836,sub_3836,4999,card,card_expired,4,7,4,1095,90,4999,18,0.571,loyal,0
C3837,sub_3837,499,upi,network,5,4,3,42,366,499,16,0.5,loyal,0
C3838,sub_3838,999,upi,insufficient_funds,2,0,4,1463,326,999,15,0.143,loyal,0
C3839,sub_3839,999,card,network,5,13,0,656,857,999,1,0.875,standard,1
C3840,sub_3840,4999,netbanking,bank_decline,5,8,2,175,269,4999,21,0.692,loyal,0
C3841,sub_3841,299,card,insufficient_funds,4,10,6,1393,889,299,2,0.579,standard,0
C3842,sub_3842,1499,card,insufficient_funds,5,6,5,1191,829,1499,12,0.5,standard,0
C3843,sub_3843,2499,card,network,1,7,5,132,528,2499,20,0.533,new,1
C3844,sub_3844,799,card,network,3,6,6,660,158,799,5,0.467,loyal,0
C3845,sub_3845,999,card,card_expired,4,6,4,1360,200,999,11,0.538,standard,0
C3846,sub_3846,799,card,network,5,9,4,1027,16,799,18,0.625,loyal,1
C3847,sub_3847,799,card,network,1,13,3,299,697,799,5,0.737,enterprise,1
C3848,sub_3848,4999,card,bank_decline,5,10,5,1053,653,4999,2,0.611,standard,0
C3849,sub_3849,799,upi,insufficient_funds,1,9,4,291,290,799,10,0.625,standard,0
C3850,sub_3850,499,card,insufficient_funds,2,0,3,534,658,499,17,0.167,new,0
C3851,sub_3851,1499,upi,insufficient_funds,4,7,0,301,519,1499,12,0.8,standard,0
C3852,sub_3852,999,card,bank_decline,2,13,5,1043,735,999,9,0.667,standard,0
C3853,sub_3853,2499,card,insufficient_funds,5,5,2,1397,78,2499,14,0.6,standard,0
C3854,sub_3854,299,card,bank_decline,5,7,2,76,179,299,1,0.667,standard,0
C3855,sub_3855,4999,upi,technical,1,4,0,909,726,4999,7,0.714,standard,1
C3856,sub_3856,1499,card,card_expired,2,2,1,380,333,1499,19,0.5,standard,0
C3857,sub_3857,2499,card,insufficient_funds,1,9,0,1128,863,2499,8,0.833,new,0
C3858,sub_3858,799,upi,bank_decline,4,4,0,217,792,799,21,0.714,standard,0
C3859,sub_3859,999,upi,insufficient_funds,5,8,0,555,85,999,12,0.818,loyal,0
C3860,sub_3860,799,card,insufficient_funds,4,8,2,316,363,799,20,0.692,standard,0
C3861,sub_3861,2499,card,insufficient_funds,1,11,5,1311,658,2499,13,0.632,new,0
C3862,sub_3862,299,card,insufficient_funds,1,13,6,133,123,299,9,0.636,standard,0
C3863,sub_3863,999,card,network,1,7,1,877,774,999,20,0.727,standard,1
C3864,sub_3864,499,upi,insufficient_funds,3,0,2,189,89,499,5,0.2,loyal,0
C3865,sub_3865,1499,card,network,4,8,5,903,99,1499,8,0.562,standard,0
C3866,sub_3866,4999,card,insufficient_funds,1,12,4,1154,489,4999,15,0.684,standard,0
C3867,sub_3867,1499,card,card_expired,5,6,6,1130,222,1499,19,0.467,loyal,0
C3868,sub_3868,299,card,technical,2,7,2,59,575,299,4,0.667,loyal,1
C3869,sub_3869,799,upi,network,3,10,1,1162,353,799,21,0.786,standard,0
C3870,sub_3870,299,card,card_expired,4,6,1,452,244,299,9,0.7,standard,0
C3871,sub_3871,999,card,insufficient_funds,3,5,4,1025,753,999,7,0.5,new,0
C3872,sub_3872,499,card,network,3,6,0,1446,144,499,2,0.778,standard,1
C3873,sub_3873,1499,card,network,2,11,3,187,444,1499,0,0.706,loyal,1
C3874,sub_3874,999,card,network,3,6,2,550,152,999,12,0.636,new,0
C3875,sub_3875,799,card,network,2,4,6,1301,124,799,13,0.385,standard,0
C3876,sub_3876,4999,upi,network,2,8,6,220,185,4999,2,0.529,standard,1
C3877,sub_3877,2499,upi,insufficient_funds,4,9,3,398,231,2499,19,0.667,loyal,0
C3878,sub_3878,1499,netbanking,insufficient_funds,5,12,4,828,371,1499,11,0.684,new,0
C3879,sub_3879,799,netbanking,network,5,12,2,1494,421,799,1,0.765,loyal,1
C3880,sub_3880,499,card,network,2,10,5,449,125,499,18,0.611,standard,0
C3881,sub_3881,1499,card,network,2,10,2,584,36,1499,4,0.733,loyal,1
C3882,sub_3882,2499,card,insufficient_funds,1,6,5,1195,86,2499,14,0.5,loyal,0
C3883,sub_3883,2499,upi,insufficient_funds,2,4,6,188,568,2499,14,0.385,loyal,1
C3884,sub_3884,2499,card,insufficient_funds,3,7,1,498,876,2499,17,0.727,loyal,1
C3885,sub_3885,299,card,network,2,9,1,480,23,299,17,0.769,enterprise,1
C3886,sub_3886,4999,card,network,4,7,2,607,32,4999,21,0.667,loyal,0
C3887,sub_3887,499,card,technical,1,2,5,864,703,499,1,0.3,standard,0
C3888,sub_3888,299,upi,network,3,0,4,340,652,299,8,0.143,standard,0
C3889,sub_3889,999,upi,network,2,0,1,593,660,999,8,0.25,new,0
C3890,sub_3890,999,card,network,3,5,2,1376,156,999,8,0.6,standard,0
C3891,sub_3891,299,netbanking,technical,1,11,4,1244,779,299,5,0.667,standard,1
C3892,sub_3892,499,card,card_expired,3,11,6,1434,561,499,5,0.6,new,0
C3893,sub_3893,499,card,card_expired,4,11,3,1026,142,499,21,0.706,enterprise,0
C3894,sub_3894,999,card,technical,5,9,0,877,104,999,19,0.833,standard,1
C3895,sub_3895,2499,upi,network,2,0,0,328,542,2499,15,0.333,new,0
C3896,sub_3896,1499,card,technical,3,12,0,246,701,1499,12,0.867,standard,0
C3897,sub_3897,299,card,network,4,13,0,812,703,299,10,0.875,new,1
C3898,sub_3898,499,netbanking,card_expired,3,11,2,613,529,499,15,0.75,new,0
C3899,sub_3899,1499,card,insufficient_funds,3,6,1,1183,464,1499,18,0.7,standard,0
C3900,sub_3900,2499,card,insufficient_funds,2,3,2,24,626,2499,9,0.5,standard,0
C3901,sub_3901,299,upi,technical,5,12,5,1337,118,299,11,0.65,loyal,0
C3902,sub_3902,799,netbanking,network,4,2,3,264,329,799,20,0.375,standard,0
C3903,sub_3903,299,upi,technical,5,11,5,598,89,299,20,0.632,loyal,0
C3904,sub_3904,999,netbanking,insufficient_funds,4,13,3,540,755,999,5,0.737,loyal,1
C3905,sub_3905,799,card,card_expired,2,12,1,1387,545,799,5,0.812,new,0
C3906,sub_3906,499,card,technical,2,7,6,1083,699,499,4,0.5,new,1
C3907,sub_3907,4999,upi,network,1,11,3,63,448,4999,0,0.706,loyal,0
C3908,sub_3908,2499,card,technical,4,11,5,1281,836,2499,15,0.632,loyal,0
C3909,sub_3909,999,card,card_expired,4,13,0,1018,836,999,9,0.875,new,1
C3910,sub_3910,2499,netbanking,bank_decline,2,5,5,111,555,2499,0,0.462,standard,0
C3911,sub_3911,799,card,network,1,8,5,1175,750,799,4,0.562,standard,1
C3912,sub_3912,4999,card,insufficient_funds,5,11,1,60,593,4999,11,0.8,new,0
C3913,sub_3913,799,netbanking,card_expired,2,3,5,643,651,799,18,0.364,standard,0
C3914,sub_3914,799,netbanking,insufficient_funds,3,3,5,251,223,799,14,0.364,loyal,0
C3915,sub_3915,999,netbanking,network,1,5,6,26,884,999,11,0.429,standard,0
C3916,sub_3916,1499,netbanking,network,1,5,1,843,166,1499,4,0.667,standard,1
C3917,sub_3917,1499,card,bank_decline,5,10,6,1033,625,1499,6,0.579,new,0
C3918,sub_3918,2499,netbanking,network,4,13,5,724,546,2499,17,0.667,new,1
C3919,sub_3919,499,card,bank_decline,1,2,2,520,84,499,17,0.429,standard,1
C3920,sub_3920,1499,upi,technical,1,4,2,775,697,1499,19,0.556,standard,1
C3921,sub_3921,499,card,network,3,13,1,236,70,499,11,0.824,loyal,1
C3922,sub_3922,499,upi,network,4,8,3,84,459,499,6,0.643,loyal,1
C3923,sub_3923,999,card,card_expired,3,2,6,244,734,999,11,0.273,new,0
C3924,sub_3924,999,upi,network,5,8,5,90,113,999,19,0.562,new,0
C3925,sub_3925,1499,card,card_expired,4,12,1,1156,325,1499,3,0.812,standard,0
C3926,sub_3926,299,card,card_expired,4,5,0,916,457,299,18,0.75,loyal,0
C3927,sub_3927,2499,card,card_expired,2,6,0,289,831,2499,21,0.778,standard,0
C3928,sub_3928,999,card,insufficient_funds,4,8,4,859,344,999,18,0.6,loyal,0
C3929,sub_3929,1499,upi,card_expired,5,11,2,731,107,1499,14,0.75,standard,0
C3930,sub_3930,2499,card,card_expired,1,7,5,175,119,2499,9,0.533,standard,0
C3931,sub_3931,1499,card,network,4,13,5,1455,179,1499,18,0.667,standard,0
C3932,sub_3932,999,card,card_expired,5,10,1,1407,780,999,3,0.786,standard,0
C3933,sub_3933,999,card,technical,3,5,4,1140,696,999,16,0.5,standard,0
C3934,sub_3934,499,upi,card_expired,4,6,5,1214,376,499,8,0.5,standard,0
C3935,sub_3935,999,card,insufficient_funds,2,9,6,825,762,999,11,0.556,standard,0
C3936,sub_3936,499,card,insufficient_funds,1,0,5,1207,826,499,10,0.125,enterprise,0
C3937,sub_3937,1499,card,network,5,3,2,797,780,1499,0,0.5,standard,0
C3938,sub_3938,799,card,network,2,3,6,257,5,799,21,0.333,loyal,1
C3939,sub_3939,499,upi,network,4,11,1,259,90,499,14,0.8,enterprise,0
C3940,sub_3940,999,card,technical,2,11,5,1282,653,999,13,0.632,standard,1
C3941,sub_3941,4999,card,network,2,11,2,675,344,4999,2,0.75,standard,1
C3942,sub_3942,999,upi,bank_decline,4,1,6,1096,143,999,17,0.2,new,0
C3943,sub_3943,799,card,network,2,4,5,225,582,799,21,0.417,loyal,0
C3944,sub_3944,999,card,insufficient_funds,5,4,4,677,320,999,17,0.455,loyal,0
C3945,sub_3945,1499,card,insufficient_funds,1,0,1,134,826,1499,5,0.25,enterprise,0
C3946,sub_3946,499,netbanking,insufficient_funds,1,3,1,338,519,499,3,0.571,standard,0
C3947,sub_3947,999,card,bank_decline,1,6,6,172,215,999,8,0.467,loyal,1
C3948,sub_3948,299,card,technical,2,12,5,320,841,299,0,0.65,standard,1
C3949,sub_3949,2499,netbanking,bank_decline,1,2,3,913,540,2499,12,0.375,standard,0
C3950,sub_3950,1499,upi,network,2,12,6,18,267,1499,10,0.619,standard,0
C3951,sub_3951,299,card,bank_decline,1,11,5,298,130,299,11,0.632,standard,1
C3952,sub_3952,999,netbanking,network,4,2,2,1039,499,999,21,0.429,standard,0
C3953,sub_3953,4999,card,technical,1,3,5,232,672,4999,14,0.364,standard,1
C3954,sub_3954,4999,upi,insufficient_funds,5,6,5,837,752,4999,9,0.5,enterprise,0
C3955,sub_3955,299,upi,insufficient_funds,5,13,3,1302,115,299,17,0.737,standard,0
C3956,sub_3956,499,card,network,4,10,0,1172,389,499,8,0.846,loyal,1
C3957,sub_3957,499,card,network,4,13,5,191,899,499,16,0.667,standard,0
C3958,sub_3958,799,card,network,4,4,2,229,595,799,20,0.556,new,0
C3959,sub_3959,4999,netbanking,technical,5,12,2,1061,83,4999,19,0.765,standard,0
C3960,sub_3960,1499,card,bank_decline,3,13,4,526,825,1499,11,0.7,loyal,0
C3961,sub_3961,499,card,technical,4,8,5,631,617,499,10,0.562,loyal,0
C3962,sub_3962,799,upi,network,3,2,0,720,414,799,8,0.6,new,0
C3963,sub_3963,1499,upi,card_expired,4,3,5,872,699,1499,11,0.364,standard,0
C3964,sub_3964,1499,card,network,2,1,2,679,583,1499,20,0.333,standard,0
C3965,sub_3965,999,upi,insufficient_funds,1,11,3,44,232,999,19,0.706,standard,0
C3966,sub_3966,799,card,insufficient_funds,5,4,6,150,717,799,13,0.385,standard,0
C3967,sub_3967,4999,upi,insufficient_funds,4,9,1,10,230,4999,6,0.769,loyal,0
C3968,sub_3968,999,card,card_expired,4,3,1,404,206,999,8,0.571,standard,0
C3969,sub_3969,2499,card,network,2,13,6,1227,536,2499,5,0.636,new,1
C3970,sub_3970,4999,upi,insufficient_funds,4,10,2,1457,17,4999,4,0.733,new,0
C3971,sub_3971,799,card,card_expired,3,5,6,718,567,799,0,0.429,enterprise,0
C3972,sub_3972,2499,card,network,1,6,2,50,495,2499,17,0.636,standard,1
C3973,sub_3973,2499,card,technical,5,0,4,116,648,2499,16,0.143,standard,0
C3974,sub_3974,499,upi,insufficient_funds,5,1,3,1224,144,499,3,0.286,loyal,0
C3975,sub_3975,499,netbanking,bank_decline,5,13,6,521,522,499,15,0.636,standard,0
C3976,sub_3976,499,upi,card_expired,3,11,3,1323,398,499,3,0.706,standard,0
C3977,sub_3977,1499,netbanking,bank_decline,2,11,3,764,157,1499,6,0.706,new,0
C3978,sub_3978,2499,netbanking,bank_decline,1,9,3,1320,407,2499,5,0.667,loyal,1
C3979,sub_3979,2499,card,bank_decline,4,3,2,211,831,2499,2,0.5,loyal,0
C3980,sub_3980,799,card,card_expired,5,1,3,1288,742,799,16,0.286,standard,0
C3981,sub_3981,1499,netbanking,network,1,10,3,824,150,1499,0,0.688,standard,0
C3982,sub_3982,299,netbanking,network,4,4,5,661,762,299,8,0.417,standard,0
C3983,sub_3983,1499,netbanking,card_expired,1,0,0,797,509,1499,10,0.333,standard,0
C3984,sub_3984,999,upi,network,4,0,3,497,43,999,12,0.167,standard,0
C3985,sub_3985,2499,card,network,1,7,3,908,828,2499,4,0.615,standard,1
C3986,sub_3986,4999,netbanking,network,5,11,5,1157,473,4999,10,0.632,standard,0
C3987,sub_3987,999,netbanking,insufficient_funds,1,5,4,1217,821,999,17,0.5,enterprise,1
C3988,sub_3988,1499,upi,network,3,13,3,1467,89,1499,8,0.737,standard,1
C3989,sub_3989,4999,upi,card_expired,4,5,0,625,151,4999,20,0.75,standard,0
C3990,sub_3990,799,card,bank_decline,5,10,2,1155,811,799,9,0.733,standard,0
C3991,sub_3991,499,netbanking,bank_decline,2,3,1,1333,215,499,17,0.571,loyal,0
C3992,sub_3992,999,card,insufficient_funds,5,8,1,36,494,999,2,0.75,loyal,0
C3993,sub_3993,799,upi,insufficient_funds,1,3,5,717,542,799,18,0.364,enterprise,0
C3994,sub_3994,1499,card,card_expired,3,10,3,1054,853,1499,10,0.688,standard,0
C3995,sub_3995,2499,card,insufficient_funds,5,6,5,691,304,2499,21,0.5,standard,0
C3996,sub_3996,999,card,card_expired,2,0,0,159,678,999,15,0.333,standard,0
C3997,sub_3997,799,card,network,3,3,6,986,658,799,16,0.333,loyal,0
C3998,sub_3998,999,card,technical,3,4,3,615,631,999,3,0.5,standard,0
C3999,sub_3999,999,netbanking,network,2,6,1,930,470,999,12,0.7,standard,1
C4000,sub_4000,499,card,bank_decline,4,3,2,12,64,499,16,0.5,standard,0
C4001,sub_4001,2499,netbanking,card_expired,3,8,5,27,240,2499,17,0.562,standard,1
C4002,sub_4002,799,card,network,4,13,4,908,505,799,8,0.7,standard,1
C4003,sub_4003,999,card,bank_decline,3,9,1,1473,370,999,12,0.769,standard,1
C4004,sub_4004,4999,upi,network,5,4,6,962,166,4999,3,0.385,standard,0
C4005,sub_4005,499,upi,bank_decline,3,9,0,1414,622,499,9,0.833,new,0
C4006,sub_4006,799,card,card_expired,4,13,1,1272,415,799,10,0.824,standard,0
C4007,sub_4007,499,upi,network,4,3,5,429,706,499,0,0.364,new,0
C4008,sub_4008,999,upi,network,5,3,3,162,493,999,20,0.444,loyal,0
C4009,sub_4009,799,card,bank_decline,5,0,3,842,333,799,14,0.167,standard,0
C4010,sub_4010,4999,netbanking,insufficient_funds,2,11,6,934,98,4999,4,0.6,standard,0
C4011,sub_4011,799,upi,technical,2,11,5,1158,95,799,19,0.632,standard,0
C4012,sub_4012,1499,upi,bank_decline,2,5,6,786,456,1499,15,0.429,loyal,0
C4013,sub_4013,299,card,card_expired,3,12,1,1381,318,299,15,0.812,loyal,1
C4014,sub_4014,999,card,network,3,9,5,1267,646,999,20,0.588,standard,1
C4015,sub_4015,2499,card,bank_decline,1,13,1,883,567,2499,8,0.824,standard,1
C4016,sub_4016,1499,upi,technical,5,12,5,831,256,1499,7,0.65,loyal,0
C4017,sub_4017,499,upi,network,5,13,3,38,684,499,13,0.737,loyal,0
C4018,sub_4018,4999,card,insufficient_funds,4,5,4,1173,509,4999,19,0.5,standard,0
C4019,sub_4019,2499,upi,network,2,8,0,1024,791,2499,17,0.818,standard,1
C4020,sub_4020,799,card,insufficient_funds,5,2,6,1345,857,799,17,0.273,new,0
C4021,sub_4021,4999,card,bank_decline,2,12,1,148,865,4999,16,0.812,loyal,1
C4022,sub_4022,499,netbanking,insufficient_funds,2,4,4,227,115,499,0,0.455,standard,1
C4023,sub_4023,799,card,card_expired,5,6,1,1010,476,799,10,0.7,enterprise,0
C4024,sub_4024,4999,card,insufficient_funds,5,8,6,739,26,4999,7,0.529,new,0
C4025,sub_4025,4999,card,network,3,11,2,885,792,4999,7,0.75,standard,1
C4026,sub_4026,2499,card,network,1,10,5,657,632,2499,18,0.611,loyal,0
C4027,sub_4027,499,upi,bank_decline,1,13,5,964,236,499,8,0.667,loyal,0
C4028,sub_4028,499,netbanking,card_expired,5,9,3,991,546,499,18,0.667,loyal,0
C4029,sub_4029,1499,card,insufficient_funds,2,11,0,291,504,1499,19,0.857,standard,1
C4030,sub_4030,299,card,bank_decline,4,8,1,1142,489,299,10,0.75,enterprise,1
C4031,sub_4031,4999,card,network,2,5,4,745,485,4999,3,0.5,enterprise,1
C4032,sub_4032,4999,card,network,3,12,3,867,885,4999,15,0.722,enterprise,0
C4033,sub_4033,2499,card,network,5,5,4,930,692,2499,18,0.5,standard,0
C4034,sub_4034,4999,card,technical,3,8,1,1119,362,4999,8,0.75,loyal,1
C4035,sub_4035,499,upi,bank_decline,3,4,3,457,696,499,4,0.5,new,0
C4036,sub_4036,4999,card,card_expired,3,6,0,20,127,4999,11,0.778,standard,0
C4037,sub_4037,499,card,network,2,5,3,280,257,499,21,0.545,new,0
C4038,sub_4038,299,card,network,3,3,0,1448,106,299,11,0.667,standard,1
C4039,sub_4039,499,upi,card_expired,3,11,4,341,797,499,9,0.667,enterprise,0
C4040,sub_4040,2499,card,insufficient_funds,1,10,3,381,22,2499,9,0.688,standard,1
C4041,sub_4041,4999,card,technical,3,9,5,1288,802,4999,16,0.588,standard,0
C4042,sub_4042,1499,upi,bank_decline,4,1,3,361,749,1499,7,0.286,loyal,0
C4043,sub_4043,499,card,insufficient_funds,1,3,1,702,853,499,16,0.571,standard,0
C4044,sub_4044,1499,netbanking,bank_decline,5,3,1,562,689,1499,21,0.571,standard,0
C4045,sub_4045,999,card,technical,5,9,5,994,412,999,16,0.588,standard,0
C4046,sub_4046,999,upi,insufficient_funds,4,12,6,895,730,999,20,0.619,standard,0
C4047,sub_4047,799,netbanking,card_expired,1,5,0,777,888,799,17,0.75,standard,0
C4048,sub_4048,299,card,technical,3,4,4,757,803,299,18,0.455,loyal,0
C4049,sub_4049,799,upi,network,5,7,3,1252,706,799,0,0.615,standard,0
C4050,sub_4050,4999,card,technical,1,13,1,876,690,4999,7,0.824,standard,1
C4051,sub_4051,799,upi,network,4,5,3,767,588,799,6,0.545,standard,1
C4052,sub_4052,299,netbanking,card_expired,5,3,6,1332,802,299,18,0.333,loyal,0
C4053,sub_4053,799,upi,bank_decline,1,7,1,149,389,799,5,0.727,standard,0
C4054,sub_4054,999,netbanking,card_expired,2,12,5,1251,451,999,21,0.65,loyal,1
C4055,sub_4055,1499,card,insufficient_funds,4,10,0,304,758,1499,15,0.846,standard,0
C4056,sub_4056,1499,card,card_expired,5,7,5,504,236,1499,2,0.533,new,0
C4057,sub_4057,799,card,network,4,10,0,29,687,799,15,0.846,standard,0
C4058,sub_4058,499,upi,network,3,0,0,861,100,499,7,0.333,standard,0
C4059,sub_4059,999,netbanking,network,4,10,0,1248,527,999,6,0.846,new,0
C4060,sub_4060,299,upi,card_expired,3,1,5,578,32,299,21,0.222,standard,0
C4061,sub_4061,999,card,insufficient_funds,3,5,4,998,897,999,17,0.5,loyal,0
C4062,sub_4062,999,card,network,4,4,4,595,757,999,16,0.455,standard,0
C4063,sub_4063,799,upi,technical,1,9,1,1141,225,799,6,0.769,standard,1
C4064,sub_4064,1499,netbanking,insufficient_funds,2,3,6,1497,136,1499,14,0.333,standard,0
C4065,sub_4065,2499,card,insufficient_funds,1,3,5,1075,577,2499,7,0.364,standard,0
C4066,sub_4066,499,card,insufficient_funds,4,12,3,517,811,499,13,0.722,loyal,0
C4067,sub_4067,999,card,network,4,6,6,1238,289,999,8,0.467,enterprise,0
C4068,sub_4068,999,card,bank_decline,1,10,1,66,865,999,13,0.786,loyal,0
C4069,sub_4069,999,netbanking,insufficient_funds,1,8,2,1480,412,999,16,0.692,standard,1
C4070,sub_4070,799,card,network,2,8,0,1260,398,799,6,0.818,loyal,0
C4071,sub_4071,499,card,technical,2,9,1,983,305,499,0,0.769,loyal,1
C4072,sub_4072,499,card,bank_decline,3,9,5,934,244,499,2,0.588,new,1
C4073,sub_4073,299,card,bank_decline,3,12,2,385,301,299,19,0.765,standard,0
C4074,sub_4074,299,netbanking,bank_decline,2,10,4,652,156,299,21,0.647,standard,0
C4075,sub_4075,2499,card,technical,1,4,6,161,339,2499,15,0.385,loyal,0
C4076,sub_4076,299,card,insufficient_funds,4,2,5,514,261,299,2,0.3,standard,0
C4077,sub_4077,2499,card,card_expired,4,11,2,888,51,2499,12,0.75,standard,0
C4078,sub_4078,4999,netbanking,card_expired,4,5,2,549,326,4999,9,0.6,standard,0
C4079,sub_4079,499,netbanking,network,5,4,0,1158,36,499,5,0.714,standard,1
C4080,sub_4080,999,card,network,5,1,5,1281,163,999,8,0.222,standard,0
C4081,sub_4081,799,card,network,5,7,6,846,652,799,17,0.5,standard,0
C4082,sub_4082,799,card,card_expired,4,7,3,517,23,799,21,0.615,standard,0
C4083,sub_4083,799,card,bank_decline,1,11,3,462,280,799,19,0.706,standard,0
C4084,sub_4084,799,card,bank_decline,2,10,5,824,616,799,4,0.611,enterprise,0
C4085,sub_4085,1499,upi,insufficient_funds,3,10,2,1082,20,1499,11,0.733,new,1
C4086,sub_4086,799,netbanking,network,4,7,2,198,663,799,11,0.667,standard,0
C4087,sub_4087,499,card,insufficient_funds,5,12,6,677,74,499,6,0.619,standard,0
C4088,sub_4088,799,card,insufficient_funds,4,13,2,666,50,799,9,0.778,standard,1
C4089,sub_4089,4999,card,technical,2,11,6,437,177,4999,8,0.6,loyal,1
C4090,sub_4090,4999,card,bank_decline,4,4,1,364,774,4999,1,0.625,enterprise,0
C4091,sub_4091,299,card,technical,4,3,3,1263,44,299,9,0.444,standard,0
C4092,sub_4092,1499,card,bank_decline,4,0,3,654,89,1499,8,0.167,standard,0
C4093,sub_4093,4999,netbanking,technical,3,13,2,869,851,4999,6,0.778,new,1
C4094,sub_4094,499,card,insufficient_funds,4,10,6,67,549,499,13,0.579,standard,0
C4095,sub_4095,299,upi,network,2,13,3,432,511,299,15,0.737,new,1
C4096,sub_4096,499,card,network,2,11,6,343,37,499,1,0.6,standard,0
C4097,sub_4097,799,card,insufficient_funds,2,6,1,499,355,799,7,0.7,new,1
C4098,sub_4098,4999,card,network,2,2,2,1264,519,4999,0,0.429,standard,0
C4099,sub_4099,499,netbanking,network,4,0,3,861,479,499,18,0.167,loyal,0
C4100,sub_4100,799,card,technical,2,11,3,1354,469,799,20,0.706,new,0
C4101,sub_4101,499,card,network,1,4,1,640,102,499,10,0.625,loyal,1
C4102,sub_4102,799,upi,technical,1,5,2,1157,890,799,20,0.6,loyal,1
C4103,sub_4103,4999,upi,bank_decline,5,11,4,249,631,4999,13,0.667,new,0
C4104,sub_4104,299,upi,card_expired,3,6,1,1224,218,299,19,0.7,loyal,0
C4105,sub_4105,999,card,card_expired,3,13,5,919,872,999,20,0.667,standard,0
C4106,sub_4106,1499,card,insufficient_funds,5,7,3,67,272,1499,12,0.615,standard,0
C4107,sub_4107,299,upi,card_expired,1,11,6,1036,118,299,9,0.6,standard,0
C4108,sub_4108,299,card,network,5,1,1,724,803,299,16,0.4,standard,0
C4109,sub_4109,4999,card,technical,4,5,5,10,138,4999,3,0.462,new,0
C4110,sub_4110,499,card,insufficient_funds,4,2,3,1271,55,499,6,0.375,standard,0
C4111,sub_4111,499,card,network,3,0,0,809,566,499,12,0.333,loyal,0
C4112,sub_4112,799,netbanking,bank_decline,4,13,4,913,238,799,4,0.7,loyal,0
C4113,sub_4113,299,upi,card_expired,2,7,1,869,137,299,10,0.727,standard,0
C4114,sub_4114,499,card,insufficient_funds,2,4,0,144,93,499,18,0.714,standard,1
C4115,sub_4115,299,netbanking,card_expired,5,5,3,504,114,299,17,0.545,new,0
C4116,sub_4116,999,card,network,2,3,5,1055,864,999,19,0.364,enterprise,0
C4117,sub_4117,999,card,card_expired,4,1,1,514,603,999,18,0.4,standard,0
C4118,sub_4118,499,card,network,5,12,4,1333,758,499,7,0.684,loyal,0
C4119,sub_4119,4999,upi,network,3,1,0,483,557,4999,15,0.5,new,0
C4120,sub_4120,799,card,network,2,5,1,694,489,799,8,0.667,new,1
C4121,sub_4121,299,card,insufficient_funds,5,2,5,673,196,299,21,0.3,standard,0
C4122,sub_4122,299,upi,insufficient_funds,5,13,0,38,870,299,3,0.875,standard,1
C4123,sub_4123,2499,card,insufficient_funds,3,2,2,1219,741,2499,5,0.429,standard,0
C4124,sub_4124,999,netbanking,network,1,5,3,212,475,999,20,0.545,loyal,1
C4125,sub_4125,499,card,network,3,10,0,708,95,499,5,0.846,standard,1
C4126,sub_4126,499,card,insufficient_funds,3,7,6,1362,684,499,13,0.5,new,0
C4127,sub_4127,499,upi,network,1,5,3,1490,299,499,6,0.545,standard,1
C4128,sub_4128,799,card,card_expired,3,7,2,353,189,799,6,0.667,standard,0
C4129,sub_4129,1499,card,technical,1,6,6,570,665,1499,14,0.467,standard,1
C4130,sub_4130,1499,upi,insufficient_funds,4,4,3,852,753,1499,17,0.5,loyal,0
C4131,sub_4131,2499,netbanking,technical,3,8,4,1051,552,2499,5,0.6,enterprise,1
C4132,sub_4132,299,upi,network,4,5,0,382,67,299,21,0.75,standard,0
C4133,sub_4133,999,upi,network,3,13,1,827,540,999,1,0.824,standard,0
C4134,sub_4134,2499,card,bank_decline,4,6,0,1253,827,2499,2,0.778,standard,1
C4135,sub_4135,499,card,bank_decline,4,10,3,1145,617,499,21,0.688,standard,0
C4136,sub_4136,1499,card,bank_decline,1,3,5,1234,239,1499,1,0.364,standard,0
C4137,sub_4137,299,card,network,3,9,6,1333,582,299,6,0.556,new,0
C4138,sub_4138,4999,upi,bank_decline,4,7,4,1293,224,4999,2,0.571,standard,0
C4139,sub_4139,2499,card,insufficient_funds,3,10,0,772,786,2499,4,0.846,enterprise,0
C4140,sub_4140,1499,card,insufficient_funds,2,6,4,1461,761,1499,1,0.538,loyal,1
C4141,sub_4141,1499,card,network,5,10,4,746,512,1499,7,0.647,new,1
C4142,sub_4142,1499,card,technical,1,0,4,1067,122,1499,6,0.143,enterprise,1
C4143,sub_4143,799,card,network,5,9,5,1414,361,799,3,0.588,loyal,0
C4144,sub_4144,4999,card,bank_decline,4,10,3,74,109,4999,15,0.688,new,0
C4145,sub_4145,499,card,card_expired,2,6,4,1401,689,499,0,0.538,loyal,0
C4146,sub_4146,2499,card,bank_decline,1,0,3,1234,612,2499,10,0.167,enterprise,0
C4147,sub_4147,2499,card,bank_decline,5,7,1,1495,234,2499,6,0.727,standard,0
C4148,sub_4148,2499,upi,bank_decline,3,10,0,1161,770,2499,14,0.846,loyal,1
C4149,sub_4149,299,card,network,5,6,6,243,683,299,7,0.467,standard,0
C4150,sub_4150,999,card,network,5,1,3,459,842,999,10,0.286,standard,0
C4151,sub_4151,1499,card,card_expired,1,5,2,15,252,1499,17,0.6,loyal,0
C4152,sub_4152,1499,card,insufficient_funds,4,13,2,915,158,1499,3,0.778,standard,0
C4153,sub_4153,1499,netbanking,network,2,3,0,661,432,1499,9,0.667,standard,1
C4154,sub_4154,1499,upi,network,5,7,6,717,239,1499,12,0.5,standard,0
C4155,sub_4155,499,netbanking,insufficient_funds,2,4,0,1102,665,499,16,0.714,loyal,1
C4156,sub_4156,2499,netbanking,network,1,9,1,1232,383,2499,11,0.769,loyal,1
C4157,sub_4157,999,card,network,4,5,3,118,565,999,16,0.545,new,0
C4158,sub_4158,4999,card,technical,3,5,2,1376,155,4999,17,0.6,standard,1
C4159,sub_4159,999,card,insufficient_funds,3,8,0,566,78,999,17,0.818,new,0
C4160,sub_4160,999,card,technical,2,8,2,1130,843,999,13,0.692,standard,0
C4161,sub_4161,1499,card,technical,3,6,5,876,402,1499,20,0.5,standard,0
C4162,sub_4162,4999,card,network,5,3,1,671,126,4999,0,0.571,enterprise,1
C4163,sub_4163,4999,card,bank_decline,4,1,6,326,730,4999,10,0.2,standard,0
C4164,sub_4164,1499,card,card_expired,5,9,2,292,120,1499,17,0.714,standard,0
C4165,sub_4165,999,upi,card_expired,2,4,0,1099,897,999,2,0.714,loyal,0
C4166,sub_4166,299,upi,network,5,8,0,488,348,299,18,0.818,standard,0
C4167,sub_4167,299,netbanking,network,2,5,5,352,420,299,0,0.462,new,0
C4168,sub_4168,2499,card,network,5,11,2,18,234,2499,17,0.75,new,0
C4169,sub_4169,799,card,card_expired,5,9,6,1262,78,799,4,0.556,standard,0
C4170,sub_4170,999,netbanking,technical,1,5,5,599,368,999,14,0.462,loyal,0
C4171,sub_4171,1499,upi,card_expired,5,4,0,528,330,1499,18,0.714,standard,0
C4172,sub_4172,499,card,bank_decline,4,10,2,563,403,499,17,0.733,loyal,0
C4173,sub_4173,799,card,technical,4,0,5,901,441,799,12,0.125,new,0
C4174,sub_4174,299,card,card_expired,3,0,0,727,567,299,19,0.333,standard,0
C4175,sub_4175,2499,netbanking,network,2,1,6,820,67,2499,3,0.2,standard,0
C4176,sub_4176,999,upi,bank_decline,5,4,1,424,326,999,5,0.625,loyal,0
C4177,sub_4177,499,card,insufficient_funds,1,6,5,451,777,499,2,0.5,enterprise,0
C4178,sub_4178,1499,card,network,5,4,5,1295,856,1499,15,0.417,standard,0
C4179,sub_4179,499,card,insufficient_funds,2,2,3,664,485,499,19,0.375,standard,0
C4180,sub_4180,2499,card,technical,4,4,5,1459,330,2499,20,0.417,new,0
C4181,sub_4181,499,upi,network,3,6,6,1270,375,499,11,0.467,standard,0
C4182,sub_4182,499,card,insufficient_funds,2,4,5,1070,704,499,2,0.417,loyal,0
C4183,sub_4183,4999,card,network,2,8,4,827,358,4999,3,0.6,standard,1
C4184,sub_4184,2499,card,network,2,5,2,1257,850,2499,13,0.6,standard,1
C4185,sub_4185,1499,netbanking,network,5,13,2,92,26,1499,19,0.778,standard,0
C4186,sub_4186,1499,card,bank_decline,4,13,6,753,545,1499,21,0.636,new,0
C4187,sub_4187,999,card,bank_decline,4,9,1,1072,467,999,15,0.769,loyal,0
C4188,sub_4188,499,upi,network,4,7,2,171,406,499,19,0.667,standard,0
C4189,sub_4189,799,upi,insufficient_funds,3,0,3,281,428,799,10,0.167,enterprise,0
C4190,sub_4190,4999,upi,network,5,8,2,107,143,4999,4,0.692,standard,0
C4191,sub_4191,4999,upi,network,2,5,2,734,311,4999,10,0.6,loyal,0
C4192,sub_4192,2499,card,card_expired,5,4,4,816,318,2499,2,0.455,new,0
C4193,sub_4193,4999,netbanking,card_expired,2,11,2,708,593,4999,14,0.75,new,0
C4194,sub_4194,2499,netbanking,card_expired,2,0,6,91,538,2499,7,0.111,standard,0
C4195,sub_4195,799,card,insufficient_funds,3,3,1,734,370,799,7,0.571,new,1
C4196,sub_4196,2499,upi,card_expired,4,10,2,1333,466,2499,0,0.733,enterprise,0
C4197,sub_4197,2499,card,network,4,12,5,56,515,2499,21,0.65,loyal,0
C4198,sub_4198,299,card,network,4,7,3,1166,43,299,9,0.615,standard,1
C4199,sub_4199,4999,card,technical,1,7,4,415,796,4999,17,0.571,standard,0
C4200,sub_4200,999,card,bank_decline,1,13,4,121,803,999,11,0.7,standard,0
C4201,sub_4201,799,netbanking,technical,5,1,2,85,328,799,14,0.333,standard,0
C4202,sub_4202,999,card,technical,5,6,5,28,685,999,10,0.5,new,0
C4203,sub_4203,799,card,card_expired,1,3,1,628,358,799,15,0.571,standard,0
C4204,sub_4204,799,card,technical,5,6,5,751,61,799,4,0.5,new,1
C4205,sub_4205,999,card,insufficient_funds,2,12,0,935,779,999,21,0.867,loyal,0
C4206,sub_4206,4999,card,network,5,8,4,130,241,4999,9,0.6,standard,0
C4207,sub_4207,799,card,network,5,13,0,984,322,799,0,0.875,loyal,1
C4208,sub_4208,499,upi,network,4,7,6,1112,518,499,20,0.5,loyal,0
C4209,sub_4209,2499,netbanking,network,1,12,4,106,395,2499,0,0.684,standard,1
C4210,sub_4210,799,card,insufficient_funds,4,2,0,1015,239,799,10,0.6,new,0
C4211,sub_4211,999,netbanking,bank_decline,1,4,0,187,720,999,17,0.714,standard,0
C4212,sub_4212,499,upi,bank_decline,2,3,1,664,321,499,8,0.571,standard,0
C4213,sub_4213,499,card,card_expired,4,10,6,995,533,499,4,0.579,standard,0
C4214,sub_4214,499,card,network,1,7,4,1307,599,499,5,0.571,new,1
C4215,sub_4215,799,card,bank_decline,2,3,1,801,840,799,15,0.571,new,0
C4216,sub_4216,4999,upi,insufficient_funds,4,2,1,658,431,4999,12,0.5,standard,0
C4217,sub_4217,1499,card,network,1,5,0,1251,424,1499,11,0.75,loyal,1
C4218,sub_4218,1499,card,insufficient_funds,2,2,1,332,821,1499,11,0.5,new,0
C4219,sub_4219,299,upi,insufficient_funds,1,9,5,315,431,299,7,0.588,loyal,0
C4220,sub_4220,299,card,network,4,11,4,704,268,299,20,0.667,standard,0
C4221,sub_4221,799,upi,bank_decline,1,13,2,189,39,799,5,0.778,new,1
C4222,sub_4222,4999,card,bank_decline,2,3,0,43,293,4999,18,0.667,standard,0
C4223,sub_4223,299,netbanking,card_expired,3,6,2,549,178,299,17,0.636,loyal,0
C4224,sub_4224,2499,card,network,2,7,2,237,275,2499,0,0.667,standard,1
C4225,sub_4225,2499,card,bank_decline,2,6,0,959,486,2499,3,0.778,standard,0
C4226,sub_4226,499,upi,card_expired,5,6,4,827,472,499,12,0.538,standard,0
C4227,sub_4227,299,card,network,4,3,4,734,169,299,3,0.4,standard,0
C4228,sub_4228,499,netbanking,card_expired,1,1,6,749,418,499,18,0.2,standard,0
C4229,sub_4229,299,upi,insufficient_funds,5,5,2,156,408,299,9,0.6,standard,0
C4230,sub_4230,2499,card,insufficient_funds,3,1,1,609,39,2499,18,0.4,standard,0
C4231,sub_4231,2499,card,network,1,0,5,116,255,2499,2,0.125,standard,1
C4232,sub_4232,1499,netbanking,insufficient_funds,5,7,2,538,650,1499,0,0.667,new,0
C4233,sub_4233,299,card,network,2,12,4,1019,19,299,14,0.684,standard,1
C4234,sub_4234,4999,netbanking,network,2,7,5,1479,271,4999,17,0.533,new,0
C4235,sub_4235,1499,card,network,1,0,6,452,428,1499,21,0.111,standard,0
C4236,sub_4236,2499,netbanking,technical,5,11,2,403,150,2499,17,0.75,standard,0
C4237,sub_4237,799,card,insufficient_funds,2,9,4,1007,581,799,16,0.625,standard,0
C4238,sub_4238,499,upi,insufficient_funds,3,4,0,1377,644,499,1,0.714,new,1
C4239,sub_4239,2499,card,insufficient_funds,2,3,5,449,305,2499,13,0.364,standard,0
C4240,sub_4240,299,card,technical,5,12,0,1258,207,299,15,0.867,new,0
C4241,sub_4241,499,netbanking,card_expired,4,6,4,479,699,499,8,0.538,new,0
C4242,sub_4242,499,netbanking,technical,3,1,1,962,194,499,21,0.4,loyal,0
C4243,sub_4243,299,card,insufficient_funds,2,3,3,322,132,299,21,0.444,new,0
C4244,sub_4244,999,netbanking,network,4,3,0,400,30,999,18,0.667,new,0
C4245,sub_4245,499,card,card_expired,3,5,4,1475,83,499,19,0.5,standard,0
C4246,sub_4246,4999,card,insufficient_funds,5,4,3,589,784,4999,12,0.5,standard,0
C4247,sub_4247,4999,card,bank_decline,4,7,4,33,841,4999,18,0.571,loyal,0
C4248,sub_4248,499,card,bank_decline,1,4,2,1160,491,499,1,0.556,enterprise,1
C4249,sub_4249,2499,card,insufficient_funds,5,8,0,199,829,2499,5,0.818,standard,0
C4250,sub_4250,299,card,technical,1,6,4,174,636,299,14,0.538,standard,1
C4251,sub_4251,799,card,card_expired,2,13,4,1256,366,799,2,0.7,standard,0
C4252,sub_4252,1499,upi,network,3,11,4,529,642,1499,17,0.667,standard,1
C4253,sub_4253,499,upi,insufficient_funds,2,4,1,215,378,499,3,0.625,standard,1
C4254,sub_4254,299,upi,network,5,0,5,1463,865,299,7,0.125,new,0
C4255,sub_4255,499,card,bank_decline,5,8,3,428,766,499,5,0.643,new,0
C4256,sub_4256,1499,upi,network,1,4,1,953,760,1499,11,0.625,new,0
C4257,sub_4257,499,card,insufficient_funds,2,12,0,401,477,499,1,0.867,standard,1
C4258,sub_4258,499,upi,card_expired,2,5,2,875,466,499,17,0.6,standard,0
C4259,sub_4259,499,card,network,4,4,0,1048,106,499,19,0.714,loyal,0
C4260,sub_4260,4999,card,network,3,4,5,1138,587,4999,16,0.417,standard,0
C4261,sub_4261,4999,card,card_expired,4,12,0,622,104,4999,4,0.867,loyal,1
C4262,sub_4262,2499,upi,network,1,1,0,927,486,2499,6,0.5,standard,1
C4263,sub_4263,299,netbanking,insufficient_funds,3,13,1,1262,118,299,4,0.824,new,1
C4264,sub_4264,499,upi,insufficient_funds,2,3,2,1262,428,499,13,0.5,standard,0
C4265,sub_4265,4999,netbanking,network,2,11,0,1123,702,4999,19,0.857,standard,1
C4266,sub_4266,999,netbanking,network,4,7,4,605,278,999,19,0.571,loyal,0
C4267,sub_4267,299,card,bank_decline,1,7,0,801,542,299,21,0.8,enterprise,0
C4268,sub_4268,499,upi,technical,1,2,5,1451,234,499,15,0.3,new,0
C4269,sub_4269,2499,card,network,3,10,3,381,270,2499,4,0.688,new,1
C4270,sub_4270,4999,card,technical,4,9,0,1041,165,4999,8,0.833,standard,1
C4271,sub_4271,799,card,card_expired,3,6,2,1190,146,799,6,0.636,loyal,0
C4272,sub_4272,499,netbanking,card_expired,1,6,0,726,335,499,1,0.778,new,0
C4273,sub_4273,299,upi,bank_decline,4,8,6,1300,111,299,17,0.529,loyal,1
C4274,sub_4274,499,card,bank_decline,2,6,4,648,802,499,12,0.538,standard,0
C4275,sub_4275,2499,card,bank_decline,4,13,5,1256,667,2499,21,0.667,standard,0
C4276,sub_4276,2499,card,insufficient_funds,2,0,2,970,200,2499,18,0.2,new,0
C4277,sub_4277,499,upi,insufficient_funds,5,3,1,87,797,499,14,0.571,loyal,0
C4278,sub_4278,4999,netbanking,insufficient_funds,2,11,1,1236,329,4999,0,0.8,standard,1
C4279,sub_4279,4999,card,network,5,11,2,1049,478,4999,9,0.75,new,0
C4280,sub_4280,4999,card,card_expired,2,4,5,341,629,4999,10,0.417,standard,0
C4281,sub_4281,2499,card,network,4,7,3,1058,695,2499,14,0.615,standard,0
C4282,sub_4282,1499,card,network,3,0,6,772,7,1499,12,0.111,standard,0
C4283,sub_4283,4999,card,network,1,2,2,1415,255,4999,17,0.429,loyal,0
C4284,sub_4284,1499,card,network,1,13,1,463,303,1499,0,0.824,standard,1
C4285,sub_4285,2499,card,card_expired,3,9,3,402,527,2499,2,0.667,loyal,1
C4286,sub_4286,799,card,card_expired,1,0,0,97,785,799,20,0.333,new,0
C4287,sub_4287,499,netbanking,insufficient_funds,4,11,4,1181,394,499,9,0.667,loyal,1
C4288,sub_4288,1499,card,network,1,5,0,1477,417,1499,18,0.75,loyal,1
C4289,sub_4289,799,card,insufficient_funds,3,7,4,1036,79,799,18,0.571,standard,0
C4290,sub_4290,799,upi,insufficient_funds,2,11,2,560,473,799,2,0.75,enterprise,0
C4291,sub_4291,1499,netbanking,bank_decline,1,11,2,1319,439,1499,15,0.75,standard,1
C4292,sub_4292,1499,card,card_expired,2,1,4,387,573,1499,3,0.25,standard,0
C4293,sub_4293,799,card,insufficient_funds,3,5,4,1043,762,799,3,0.5,new,0
C4294,sub_4294,499,upi,insufficient_funds,2,3,6,899,510,499,5,0.333,standard,0
C4295,sub_4295,999,card,technical,2,12,2,1280,47,999,16,0.765,standard,1
C4296,sub_4296,799,upi,bank_decline,2,10,5,1457,735,799,2,0.611,loyal,1
C4297,sub_4297,499,card,insufficient_funds,2,9,5,545,429,499,14,0.588,enterprise,1
C4298,sub_4298,499,card,insufficient_funds,3,0,6,152,438,499,8,0.111,standard,0
C4299,sub_4299,1499,card,network,5,11,6,244,786,1499,5,0.6,loyal,1
C4300,sub_4300,799,upi,technical,3,7,5,1111,531,799,5,0.533,loyal,0
C4301,sub_4301,799,card,insufficient_funds,3,3,2,551,711,799,7,0.5,loyal,0
C4302,sub_4302,299,card,network,4,6,4,218,792,299,7,0.538,new,1
C4303,sub_4303,299,card,technical,3,6,5,1224,444,299,6,0.5,standard,0
C4304,sub_4304,1499,upi,bank_decline,5,4,2,976,884,1499,11,0.556,standard,0
C4305,sub_4305,4999,card,network,3,12,5,206,155,4999,21,0.65,loyal,1
C4306,sub_4306,799,upi,network,2,12,4,1072,784,799,9,0.684,standard,1
C4307,sub_4307,2499,upi,network,3,0,3,960,763,2499,4,0.167,loyal,0
C4308,sub_4308,1499,card,card_expired,4,13,6,1477,90,1499,13,0.636,enterprise,0
C4309,sub_4309,799,netbanking,network,2,5,0,1481,138,799,18,0.75,standard,1
C4310,sub_4310,999,netbanking,technical,2,11,4,1463,34,999,13,0.667,loyal,1
C4311,sub_4311,299,card,technical,3,10,5,1343,249,299,11,0.611,standard,1
C4312,sub_4312,799,card,insufficient_funds,5,8,0,1191,892,799,14,0.818,standard,0
C4313,sub_4313,2499,card,card_expired,2,10,2,1010,112,2499,19,0.733,standard,0
C4314,sub_4314,2499,card,insufficient_funds,3,9,3,821,31,2499,1,0.667,enterprise,0
C4315,sub_4315,499,card,network,4,11,1,1191,413,499,21,0.8,loyal,1
C4316,sub_4316,4999,netbanking,bank_decline,4,5,6,1449,318,4999,19,0.429,loyal,0
C4317,sub_4317,1499,netbanking,network,1,10,4,183,566,1499,21,0.647,standard,0
C4318,sub_4318,499,card,network,2,13,1,213,546,499,10,0.824,standard,1
C4319,sub_4319,2499,card,insufficient_funds,5,13,3,753,744,2499,18,0.737,loyal,0
C4320,sub_4320,4999,card,network,5,2,0,447,374,4999,1,0.6,enterprise,0
C4321,sub_4321,499,card,insufficient_funds,4,6,0,802,415,499,9,0.778,enterprise,1
C4322,sub_4322,299,card,bank_decline,1,7,5,473,21,299,19,0.533,loyal,0
C4323,sub_4323,499,netbanking,bank_decline,3,8,6,1176,873,499,5,0.529,loyal,0
C4324,sub_4324,2499,upi,card_expired,1,9,1,1348,192,2499,16,0.769,new,0
C4325,sub_4325,299,card,bank_decline,2,11,1,431,536,299,7,0.8,loyal,1
C4326,sub_4326,799,upi,insufficient_funds,5,7,4,1160,792,799,12,0.571,standard,0
C4327,sub_4327,799,card,bank_decline,2,9,3,168,544,799,14,0.667,loyal,0
C4328,sub_4328,299,upi,insufficient_funds,1,12,0,1197,563,299,19,0.867,new,1
C4329,sub_4329,1499,card,network,4,1,4,1050,158,1499,7,0.25,enterprise,0
C4330,sub_4330,2499,card,technical,4,8,1,1068,638,2499,17,0.75,standard,1
C4331,sub_4331,499,upi,network,4,5,0,743,171,499,9,0.75,new,0
C4332,sub_4332,4999,card,network,5,12,3,169,622,4999,8,0.722,standard,1
C4333,sub_4333,4999,card,network,4,7,5,1265,519,4999,1,0.533,standard,1
C4334,sub_4334,4999,card,insufficient_funds,4,8,3,173,441,4999,1,0.643,loyal,1
C4335,sub_4335,2499,upi,insufficient_funds,5,10,4,727,649,2499,16,0.647,loyal,0
C4336,sub_4336,999,upi,insufficient_funds,2,3,1,269,648,999,2,0.571,standard,1
C4337,sub_4337,499,card,technical,3,7,3,1270,185,499,2,0.615,new,0
C4338,sub_4338,4999,card,insufficient_funds,3,10,4,865,338,4999,4,0.647,loyal,1
C4339,sub_4339,999,upi,insufficient_funds,4,10,3,766,436,999,7,0.688,enterprise,0
C4340,sub_4340,999,card,insufficient_funds,3,3,1,482,137,999,3,0.571,loyal,0
C4341,sub_4341,799,card,bank_decline,3,11,6,1176,321,799,12,0.6,new,0
C4342,sub_4342,499,upi,network,1,2,0,322,38,499,18,0.6,loyal,0
C4343,sub_4343,799,card,network,4,3,6,1083,395,799,11,0.333,standard,0
C4344,sub_4344,2499,upi,insufficient_funds,1,11,5,1454,185,2499,14,0.632,enterprise,0
C4345,sub_4345,999,card,card_expired,3,8,0,406,200,999,19,0.818,new,0
C4346,sub_4346,799,upi,bank_decline,3,7,1,1032,736,799,19,0.727,new,0
C4347,sub_4347,299,card,card_expired,4,7,2,471,127,299,14,0.667,new,0
C4348,sub_4348,799,card,bank_decline,3,13,6,1395,109,799,1,0.636,loyal,0
C4349,sub_4349,499,card,insufficient_funds,1,3,3,1349,289,499,17,0.444,standard,1
C4350,sub_4350,799,netbanking,network,3,4,1,477,22,799,16,0.625,loyal,1
C4351,sub_4351,499,netbanking,network,2,6,6,354,782,499,6,0.467,standard,1
C4352,sub_4352,4999,upi,network,2,11,0,133,888,4999,3,0.857,loyal,1
C4353,sub_4353,499,card,insufficient_funds,2,7,5,1049,724,499,2,0.533,standard,1
C4354,sub_4354,299,card,insufficient_funds,1,10,5,1380,719,299,6,0.611,new,0
C4355,sub_4355,1499,upi,insufficient_funds,5,11,2,226,92,1499,16,0.75,loyal,0
C4356,sub_4356,799,upi,card_expired,2,12,0,1226,499,799,20,0.867,standard,0
C4357,sub_4357,4999,card,insufficient_funds,3,6,6,1135,79,4999,3,0.467,standard,0
C4358,sub_4358,799,netbanking,card_expired,5,6,6,713,271,799,9,0.467,standard,0
C4359,sub_4359,1499,card,card_expired,2,1,2,342,444,1499,18,0.333,loyal,0
C4360,sub_4360,2499,card,insufficient_funds,5,1,1,982,613,2499,1,0.4,new,0
C4361,sub_4361,4999,netbanking,insufficient_funds,3,6,1,895,250,4999,20,0.7,standard,0
C4362,sub_4362,2499,card,card_expired,5,10,0,1219,231,2499,0,0.846,standard,0
C4363,sub_4363,1499,card,card_expired,3,11,4,850,741,1499,6,0.667,loyal,1
C4364,sub_4364,2499,card,insufficient_funds,1,5,3,82,202,2499,0,0.545,standard,0
C4365,sub_4365,499,netbanking,insufficient_funds,5,7,2,313,438,499,16,0.667,standard,0
C4366,sub_4366,4999,card,card_expired,5,11,4,577,258,4999,9,0.667,standard,0
C4367,sub_4367,4999,upi,card_expired,5,4,4,742,767,4999,9,0.455,standard,0
C4368,sub_4368,799,card,network,1,2,0,531,481,799,12,0.6,standard,1
C4369,sub_4369,299,card,insufficient_funds,5,12,2,1320,98,299,6,0.765,standard,0
C4370,sub_4370,1499,card,technical,2,7,6,428,134,1499,16,0.5,standard,1
C4371,sub_4371,299,card,network,5,2,5,1023,873,299,9,0.3,standard,0
C4372,sub_4372,299,card,bank_decline,5,3,5,548,846,299,17,0.364,standard,0
C4373,sub_4373,4999,card,network,1,4,6,1489,690,4999,14,0.385,standard,0
C4374,sub_4374,999,upi,insufficient_funds,2,2,0,1375,70,999,14,0.6,loyal,0
C4375,sub_4375,1499,card,insufficient_funds,2,6,1,1178,658,1499,21,0.7,standard,0
C4376,sub_4376,4999,upi,network,2,11,3,1149,595,4999,11,0.706,loyal,1
C4377,sub_4377,4999,upi,technical,3,10,3,968,846,4999,6,0.688,standard,0
C4378,sub_4378,4999,card,insufficient_funds,3,12,5,884,438,4999,16,0.65,standard,1
C4379,sub_4379,299,card,technical,4,11,5,849,423,299,15,0.632,standard,0
C4380,sub_4380,799,card,insufficient_funds,4,4,4,50,569,799,10,0.455,standard,0
C4381,sub_4381,2499,card,bank_decline,2,0,1,1406,134,2499,7,0.25,loyal,0
C4382,sub_4382,299,card,technical,1,2,4,1472,671,299,20,0.333,new,0
C4383,sub_4383,499,card,card_expired,4,11,5,795,447,499,5,0.632,standard,1
C4384,sub_4384,999,card,network,1,4,5,1307,169,999,1,0.417,standard,0
C4385,sub_4385,799,card,card_expired,1,10,4,609,733,799,13,0.647,standard,0
C4386,sub_4386,499,netbanking,insufficient_funds,4,6,0,177,238,499,1,0.778,loyal,1
C4387,sub_4387,4999,card,technical,2,12,1,1253,773,4999,16,0.812,new,1
C4388,sub_4388,999,card,insufficient_funds,1,7,5,769,246,999,18,0.533,loyal,0
C4389,sub_4389,799,card,network,2,12,6,1410,440,799,15,0.619,loyal,1
C4390,sub_4390,1499,upi,network,3,3,5,327,393,1499,5,0.364,loyal,1
C4391,sub_4391,1499,card,card_expired,5,10,2,723,659,1499,20,0.733,standard,0
C4392,sub_4392,999,card,technical,5,7,4,1004,168,999,1,0.571,standard,0
C4393,sub_4393,4999,upi,network,4,2,1,214,223,4999,2,0.5,new,0
C4394,sub_4394,799,card,bank_decline,5,3,4,1494,174,799,6,0.4,loyal,0
C4395,sub_4395,4999,card,technical,3,4,1,916,208,4999,11,0.625,new,0
C4396,sub_4396,4999,card,network,3,2,5,266,408,4999,15,0.3,standard,0
C4397,sub_4397,299,upi,network,5,13,5,1113,528,299,6,0.667,standard,1
C4398,sub_4398,2499,netbanking,card_expired,2,2,0,1318,777,2499,20,0.6,loyal,0
C4399,sub_4399,499,upi,card_expired,5,8,6,566,380,499,17,0.529,standard,0
C4400,sub_4400,999,card,network,5,7,5,918,369,999,5,0.533,standard,0
C4401,sub_4401,4999,card,bank_decline,2,7,2,1124,145,4999,1,0.667,loyal,1
C4402,sub_4402,499,card,insufficient_funds,4,8,3,226,89,499,15,0.643,loyal,0
C4403,sub_4403,999,upi,technical,4,12,0,801,685,999,3,0.867,loyal,1
C4404,sub_4404,2499,netbanking,bank_decline,4,13,6,843,569,2499,6,0.636,standard,0
C4405,sub_4405,999,upi,bank_decline,2,12,0,459,479,999,16,0.867,new,1
C4406,sub_4406,299,card,insufficient_funds,5,6,6,456,400,299,4,0.467,new,0
C4407,sub_4407,299,upi,network,3,10,4,947,468,299,7,0.647,standard,0
C4408,sub_4408,999,netbanking,insufficient_funds,1,2,6,1130,761,999,20,0.273,standard,0
C4409,sub_4409,299,upi,network,1,12,2,589,171,299,14,0.765,standard,1
C4410,sub_4410,299,upi,card_expired,4,2,6,228,449,299,13,0.273,standard,0
C4411,sub_4411,4999,card,network,3,1,2,1182,217,4999,21,0.333,standard,1
C4412,sub_4412,999,upi,insufficient_funds,1,11,2,268,95,999,16,0.75,loyal,0
C4413,sub_4413,999,card,network,3,10,2,14,623,999,10,0.733,new,1
C4414,sub_4414,299,card,insufficient_funds,3,1,6,490,634,299,14,0.2,enterprise,0
C4415,sub_4415,2499,upi,network,1,13,3,1229,766,2499,11,0.737,loyal,1
C4416,sub_4416,999,netbanking,card_expired,2,1,3,1137,20,999,7,0.286,standard,0
C4417,sub_4417,499,upi,bank_decline,3,0,4,466,160,499,21,0.143,standard,0
C4418,sub_4418,2499,card,network,4,13,3,783,517,2499,13,0.737,enterprise,1
C4419,sub_4419,499,card,bank_decline,4,3,3,1439,731,499,16,0.444,enterprise,0
C4420,sub_4420,999,card,bank_decline,1,3,2,1081,846,999,9,0.5,standard,1
C4421,sub_4421,999,upi,insufficient_funds,4,11,1,1141,709,999,4,0.8,new,0
C4422,sub_4422,499,upi,card_expired,5,8,6,140,814,499,2,0.529,enterprise,0
C4423,sub_4423,4999,netbanking,insufficient_funds,1,7,3,369,733,4999,17,0.615,standard,1
C4424,sub_4424,1499,card,network,5,13,6,164,284,1499,11,0.636,standard,0
C4425,sub_4425,799,card,insufficient_funds,1,1,3,1468,523,799,11,0.286,standard,0
C4426,sub_4426,499,upi,network,4,12,4,519,572,499,2,0.684,loyal,1
C4427,sub_4427,799,card,bank_decline,2,3,3,754,317,799,17,0.444,standard,0
C4428,sub_4428,999,netbanking,technical,4,8,6,831,797,999,5,0.529,standard,0
C4429,sub_4429,999,card,bank_decline,5,4,0,789,694,999,13,0.714,loyal,0
C4430,sub_4430,799,card,card_expired,5,4,3,87,465,799,7,0.5,standard,0
C4431,sub_4431,299,card,card_expired,5,4,1,1365,432,299,5,0.625,standard,0
C4432,sub_4432,1499,netbanking,technical,5,7,6,576,713,1499,3,0.5,standard,1
C4433,sub_4433,799,upi,network,2,12,3,1378,200,799,17,0.722,standard,1
C4434,sub_4434,799,upi,network,3,1,6,1149,197,799,2,0.2,enterprise,0
C4435,sub_4435,999,upi,card_expired,4,9,1,1048,362,999,0,0.769,standard,0
C4436,sub_4436,2499,card,insufficient_funds,1,12,1,1057,115,2499,6,0.812,standard,0
C4437,sub_4437,299,upi,insufficient_funds,3,10,4,1467,412,299,19,0.647,standard,0
C4438,sub_4438,4999,netbanking,network,3,13,1,461,389,4999,15,0.824,standard,1
C4439,sub_4439,1499,card,card_expired,5,0,2,500,455,1499,18,0.2,new,0
C4440,sub_4440,999,upi,network,1,5,2,1009,415,999,4,0.6,standard,1
C4441,sub_4441,299,card,network,1,5,1,356,807,299,21,0.667,standard,0
C4442,sub_4442,1499,card,network,1,7,0,1207,247,1499,2,0.8,standard,1
C4443,sub_4443,2499,card,insufficient_funds,3,4,4,53,370,2499,0,0.455,new,0
C4444,sub_4444,999,upi,bank_decline,3,3,5,1346,664,999,10,0.364,standard,0
C4445,sub_4445,2499,card,insufficient_funds,3,11,2,526,257,2499,9,0.75,new,0
C4446,sub_4446,2499,card,card_expired,2,3,1,16,591,2499,6,0.571,standard,0
C4447,sub_4447,2499,upi,bank_decline,2,13,1,907,866,2499,3,0.824,standard,1
C4448,sub_4448,799,card,insufficient_funds,3,0,4,420,338,799,7,0.143,loyal,0
C4449,sub_4449,1499,upi,bank_decline,1,5,5,465,218,1499,8,0.462,standard,0
C4450,sub_4450,299,netbanking,card_expired,4,8,3,727,171,299,13,0.643,loyal,0
C4451,sub_4451,999,card,card_expired,1,13,3,873,10,999,7,0.737,loyal,1
C4452,sub_4452,499,card,network,4,10,4,212,256,499,5,0.647,loyal,0
C4453,sub_4453,799,netbanking,network,3,0,6,82,764,799,13,0.111,loyal,0
C4454,sub_4454,1499,card,technical,5,10,6,697,230,1499,12,0.579,standard,0
C4455,sub_4455,799,card,bank_decline,4,4,1,537,859,799,9,0.625,standard,1
C4456,sub_4456,4999,netbanking,technical,3,12,3,877,857,4999,2,0.722,loyal,0
C4457,sub_4457,299,netbanking,technical,4,10,6,1124,614,299,21,0.579,standard,0
C4458,sub_4458,4999,upi,network,1,2,4,925,882,4999,11,0.333,standard,0
C4459,sub_4459,1499,card,bank_decline,1,5,5,165,367,1499,6,0.462,standard,0
C4460,sub_4460,999,netbanking,insufficient_funds,3,11,6,1494,860,999,15,0.6,new,0
C4461,sub_4461,299,upi,bank_decline,5,12,0,1075,489,299,9,0.867,new,0
C4462,sub_4462,299,upi,network,5,8,4,83,73,299,3,0.6,standard,0
C4463,sub_4463,799,upi,insufficient_funds,2,3,3,1147,748,799,15,0.444,standard,0
C4464,sub_4464,1499,upi,bank_decline,2,5,1,1322,855,1499,2,0.667,loyal,0
C4465,sub_4465,999,card,bank_decline,5,11,4,857,796,999,6,0.667,standard,0
C4466,sub_4466,799,card,card_expired,3,8,0,1250,375,799,14,0.818,standard,0
C4467,sub_4467,1499,card,insufficient_funds,1,2,3,1330,93,1499,15,0.375,new,0
C4468,sub_4468,1499,card,insufficient_funds,2,3,2,1446,527,1499,21,0.5,standard,0
C4469,sub_4469,799,card,technical,5,2,2,1432,781,799,15,0.429,standard,0
C4470,sub_4470,799,card,insufficient_funds,5,6,4,298,756,799,5,0.538,loyal,0
C4471,sub_4471,999,upi,insufficient_funds,5,6,6,61,555,999,15,0.467,standard,0
C4472,sub_4472,2499,card,card_expired,1,7,6,981,707,2499,16,0.5,loyal,0
C4473,sub_4473,1499,card,insufficient_funds,5,13,4,1021,30,1499,14,0.7,standard,0
C4474,sub_4474,299,card,card_expired,1,9,2,857,561,299,16,0.714,standard,0
C4475,sub_4475,4999,card,insufficient_funds,5,8,6,363,98,4999,17,0.529,standard,0
C4476,sub_4476,499,upi,bank_decline,5,5,6,1423,674,499,12,0.429,standard,0
C4477,sub_4477,1499,card,technical,2,8,5,618,41,1499,21,0.562,new,0
C4478,sub_4478,299,card,technical,1,13,6,1114,535,299,14,0.636,standard,1
C4479,sub_4479,499,upi,card_expired,4,0,5,938,853,499,1,0.125,standard,0
C4480,sub_4480,999,card,insufficient_funds,1,4,5,1344,101,999,3,0.417,new,0
C4481,sub_4481,2499,card,bank_decline,3,0,5,1071,384,2499,10,0.125,loyal,0
C4482,sub_4482,999,upi,bank_decline,2,2,4,955,37,999,9,0.333,standard,0
C4483,sub_4483,299,card,card_expired,3,0,4,1261,644,299,17,0.143,new,0
C4484,sub_4484,4999,upi,card_expired,5,8,2,90,832,4999,14,0.692,loyal,0
C4485,sub_4485,499,upi,bank_decline,5,11,6,1061,2,499,0,0.6,new,0
C4486,sub_4486,799,netbanking,card_expired,3,13,4,883,491,799,10,0.7,standard,0
C4487,sub_4487,299,card,bank_decline,2,3,4,1168,714,299,11,0.4,standard,0
C4488,sub_4488,1499,upi,network,5,9,5,344,23,1499,21,0.588,standard,0
C4489,sub_4489,999,upi,insufficient_funds,3,4,0,902,434,999,14,0.714,loyal,0
C4490,sub_4490,499,card,card_expired,1,4,6,433,116,499,3,0.385,standard,0
C4491,sub_4491,1499,netbanking,network,5,8,4,184,831,1499,4,0.6,standard,0
C4492,sub_4492,499,card,bank_decline,5,9,6,867,459,499,6,0.556,standard,0
C4493,sub_4493,999,netbanking,card_expired,2,8,0,41,469,999,8,0.818,standard,0
C4494,sub_4494,1499,card,network,1,1,1,148,897,1499,2,0.4,new,1
C4495,sub_4495,2499,card,bank_decline,1,5,6,799,710,2499,17,0.429,standard,0
C4496,sub_4496,1499,card,bank_decline,3,3,4,1348,283,1499,1,0.4,standard,0
C4497,sub_4497,999,netbanking,bank_decline,2,0,4,1076,566,999,1,0.143,standard,0
C4498,sub_4498,299,card,insufficient_funds,4,0,2,32,267,299,2,0.2,standard,1
C4499,sub_4499,499,card,bank_decline,4,6,3,172,468,499,2,0.583,loyal,0
C4500,sub_4500,1499,card,insufficient_funds,1,1,3,652,731,1499,12,0.286,loyal,0
C4501,sub_4501,999,upi,card_expired,5,10,1,649,853,999,17,0.786,standard,0
C4502,sub_4502,999,card,network,1,0,3,69,856,999,20,0.167,loyal,0
C4503,sub_4503,2499,card,card_expired,1,3,3,391,446,2499,17,0.444,standard,0
C4504,sub_4504,4999,upi,bank_decline,4,13,2,199,805,4999,15,0.778,loyal,0
C4505,sub_4505,999,card,card_expired,4,9,2,854,803,999,12,0.714,loyal,0
C4506,sub_4506,299,card,insufficient_funds,5,7,5,990,492,299,6,0.533,loyal,0
C4507,sub_4507,999,card,bank_decline,3,0,4,591,33,999,9,0.143,loyal,0
C4508,sub_4508,499,netbanking,card_expired,3,0,3,861,108,499,19,0.167,loyal,0
C4509,sub_4509,999,upi,network,4,12,4,310,592,999,2,0.684,standard,0
C4510,sub_4510,1499,card,technical,4,11,1,1278,747,1499,18,0.8,enterprise,1
C4511,sub_4511,999,card,bank_decline,4,13,3,16,820,999,17,0.737,standard,0
C4512,sub_4512,1499,card,technical,2,11,3,761,219,1499,1,0.706,new,1
C4513,sub_4513,799,netbanking,technical,5,0,1,489,809,799,5,0.25,new,0
C4514,sub_4514,499,card,technical,2,11,1,681,744,499,6,0.8,standard,1
C4515,sub_4515,2499,card,bank_decline,2,6,3,779,437,2499,20,0.583,new,0
C4516,sub_4516,799,netbanking,card_expired,2,9,6,972,337,799,9,0.556,new,0
C4517,sub_4517,499,card,network,2,5,3,1394,425,499,17,0.545,standard,0
C4518,sub_4518,4999,card,insufficient_funds,2,10,6,846,608,4999,13,0.579,standard,0
C4519,sub_4519,299,card,bank_decline,3,11,5,348,729,299,1,0.632,new,0
C4520,sub_4520,799,card,insufficient_funds,4,13,5,790,155,799,14,0.667,standard,0
C4521,sub_4521,2499,card,bank_decline,3,7,6,773,302,2499,13,0.5,standard,0
C4522,sub_4522,799,netbanking,network,5,3,2,1298,108,799,19,0.5,loyal,0
C4523,sub_4523,2499,card,insufficient_funds,3,8,5,854,843,2499,20,0.562,standard,0
C4524,sub_4524,799,card,insufficient_funds,3,6,1,1303,366,799,12,0.7,standard,0
C4525,sub_4525,1499,upi,insufficient_funds,1,2,2,977,226,1499,19,0.429,enterprise,0
C4526,sub_4526,799,upi,network,5,10,3,862,183,799,3,0.688,loyal,0
C4527,sub_4527,999,upi,network,1,1,0,499,67,999,13,0.5,standard,1
C4528,sub_4528,999,upi,bank_decline,1,5,5,391,424,999,12,0.462,new,0
C4529,sub_4529,4999,card,insufficient_funds,5,9,6,158,694,4999,3,0.556,standard,0
C4530,sub_4530,2499,upi,network,3,12,0,826,291,2499,11,0.867,loyal,1
C4531,sub_4531,799,card,network,1,8,6,1382,364,799,14,0.529,loyal,1
C4532,sub_4532,799,card,insufficient_funds,3,13,0,28,573,799,9,0.875,loyal,1
C4533,sub_4533,799,netbanking,network,3,11,0,1429,320,799,14,0.857,enterprise,0
C4534,sub_4534,2499,upi,bank_decline,1,3,5,1290,665,2499,16,0.364,loyal,0
C4535,sub_4535,1499,card,bank_decline,4,11,4,662,289,1499,12,0.667,new,0
C4536,sub_4536,999,card,network,4,4,6,477,402,999,8,0.385,new,0
C4537,sub_4537,999,netbanking,card_expired,1,8,2,875,882,999,5,0.692,new,1
C4538,sub_4538,799,card,network,4,2,4,1284,752,799,14,0.333,standard,0
C4539,sub_4539,999,card,insufficient_funds,2,7,1,53,514,999,19,0.727,new,0
C4540,sub_4540,2499,card,technical,4,9,4,679,353,2499,10,0.625,standard,0
C4541,sub_4541,4999,card,insufficient_funds,2,12,6,80,892,4999,11,0.619,loyal,0
C4542,sub_4542,299,card,technical,2,13,4,969,416,299,20,0.7,new,0
C4543,sub_4543,499,netbanking,network,3,11,6,124,309,499,6,0.6,loyal,1
C4544,sub_4544,1499,card,insufficient_funds,3,7,2,481,536,1499,17,0.667,loyal,0
C4545,sub_4545,499,card,insufficient_funds,2,12,6,1110,373,499,5,0.619,new,1
C4546,sub_4546,1499,upi,insufficient_funds,5,1,3,1130,800,1499,5,0.286,new,0
C4547,sub_4547,799,card,technical,4,13,1,348,191,799,6,0.824,standard,0
C4548,sub_4548,499,upi,network,3,2,2,774,46,499,1,0.429,loyal,1
C4549,sub_4549,999,upi,bank_decline,2,5,3,284,387,999,10,0.545,loyal,0
C4550,sub_4550,999,card,bank_decline,3,12,0,891,853,999,7,0.867,new,0
C4551,sub_4551,1499,upi,card_expired,1,10,6,22,56,1499,5,0.579,standard,0
C4552,sub_4552,2499,upi,insufficient_funds,5,11,1,1222,727,2499,16,0.8,loyal,0
C4553,sub_4553,4999,upi,insufficient_funds,1,9,4,44,1,4999,11,0.625,standard,0
C4554,sub_4554,999,upi,insufficient_funds,4,8,6,916,502,999,4,0.529,standard,0
C4555,sub_4555,1499,card,bank_decline,2,2,3,614,408,1499,4,0.375,standard,0
C4556,sub_4556,2499,upi,insufficient_funds,4,13,4,343,144,2499,17,0.7,standard,0
C4557,sub_4557,4999,upi,technical,2,8,3,817,671,4999,5,0.643,loyal,1
C4558,sub_4558,1499,card,card_expired,1,9,5,221,158,1499,8,0.588,standard,0
C4559,sub_4559,499,netbanking,insufficient_funds,5,5,0,872,393,499,2,0.75,loyal,0
C4560,sub_4560,799,card,bank_decline,4,13,2,970,502,799,17,0.778,loyal,0
C4561,sub_4561,499,card,insufficient_funds,1,6,4,692,466,499,7,0.538,standard,1
C4562,sub_4562,499,upi,technical,1,2,0,548,29,499,15,0.6,loyal,0
C4563,sub_4563,799,card,network,3,2,6,694,401,799,8,0.273,new,0
C4564,sub_4564,999,card,technical,5,9,4,1435,589,999,17,0.625,standard,0
C4565,sub_4565,2499,card,bank_decline,3,10,0,1132,474,2499,8,0.846,standard,0
C4566,sub_4566,799,netbanking,bank_decline,1,2,0,18,657,799,19,0.6,loyal,0
C4567,sub_4567,499,card,insufficient_funds,4,9,1,441,698,499,15,0.769,loyal,0
C4568,sub_4568,299,upi,bank_decline,3,13,4,47,162,299,10,0.7,standard,1
C4569,sub_4569,499,upi,insufficient_funds,4,7,3,364,723,499,10,0.615,standard,0
C4570,sub_4570,999,upi,bank_decline,2,13,3,1169,805,999,13,0.737,enterprise,0
C4571,sub_4571,799,netbanking,network,1,2,3,1282,754,799,15,0.375,standard,0
C4572,sub_4572,799,upi,insufficient_funds,1,5,3,690,766,799,15,0.545,new,1
C4573,sub_4573,799,card,insufficient_funds,4,7,2,1037,191,799,0,0.667,standard,0
C4574,sub_4574,999,netbanking,insufficient_funds,4,5,0,562,587,999,5,0.75,standard,0
C4575,sub_4575,1499,card,insufficient_funds,2,1,0,720,412,1499,9,0.5,standard,0
C4576,sub_4576,299,card,bank_decline,1,6,4,1245,885,299,11,0.538,standard,1
C4577,sub_4577,4999,card,network,4,4,5,420,748,4999,1,0.417,loyal,0
C4578,sub_4578,799,upi,bank_decline,1,2,1,484,146,799,4,0.5,standard,0
C4579,sub_4579,299,card,network,1,5,1,213,847,299,10,0.667,standard,1
C4580,sub_4580,499,card,bank_decline,3,5,2,335,627,499,9,0.6,loyal,0
C4581,sub_4581,999,card,bank_decline,4,12,4,65,489,999,13,0.684,standard,0
C4582,sub_4582,999,card,insufficient_funds,5,6,4,1225,402,999,1,0.538,loyal,0
C4583,sub_4583,299,card,bank_decline,4,5,3,1280,444,299,17,0.545,new,0
C4584,sub_4584,999,upi,technical,5,5,0,638,694,999,6,0.75,standard,0
C4585,sub_4585,499,card,bank_decline,4,8,3,894,688,499,12,0.643,standard,0
C4586,sub_4586,4999,card,insufficient_funds,5,3,5,380,497,4999,20,0.364,standard,0
C4587,sub_4587,799,card,insufficient_funds,1,12,4,78,892,799,8,0.684,standard,1
C4588,sub_4588,4999,card,bank_decline,1,5,5,778,209,4999,6,0.462,standard,0
C4589,sub_4589,1499,upi,insufficient_funds,4,5,4,246,383,1499,5,0.5,standard,0
C4590,sub_4590,4999,card,bank_decline,5,0,6,1273,539,4999,14,0.111,standard,0
C4591,sub_4591,999,card,insufficient_funds,4,12,4,426,149,999,21,0.684,loyal,0
C4592,sub_4592,299,netbanking,bank_decline,2,6,3,1109,449,299,12,0.583,standard,0
C4593,sub_4593,1499,card,network,3,1,3,401,751,1499,4,0.286,loyal,1
C4594,sub_4594,999,card,network,1,2,1,198,608,999,20,0.5,loyal,1
C4595,sub_4595,2499,upi,technical,2,5,3,827,639,2499,0,0.545,loyal,1
C4596,sub_4596,799,upi,bank_decline,4,10,1,283,146,799,9,0.786,new,0
C4597,sub_4597,499,upi,technical,1,1,3,605,131,499,2,0.286,loyal,1
C4598,sub_4598,299,card,technical,3,1,1,447,398,299,0,0.4,standard,0
C4599,sub_4599,2499,card,insufficient_funds,2,7,3,1324,291,2499,21,0.615,standard,0
C4600,sub_4600,499,card,insufficient_funds,3,6,6,759,10,499,1,0.467,enterprise,0
C4601,sub_4601,1499,card,network,4,13,3,1081,498,1499,19,0.737,standard,0
C4602,sub_4602,299,card,insufficient_funds,5,10,5,887,679,299,11,0.611,standard,0
C4603,sub_4603,299,netbanking,network,3,9,3,1366,658,299,7,0.667,new,1
C4604,sub_4604,1499,upi,technical,5,4,6,664,93,1499,18,0.385,enterprise,0
C4605,sub_4605,799,card,network,4,8,1,1295,702,799,0,0.75,standard,1
C4606,sub_4606,999,card,network,5,8,5,1348,343,999,15,0.562,loyal,0
C4607,sub_4607,299,upi,network,4,3,5,1382,141,299,16,0.364,new,0
C4608,sub_4608,499,card,network,3,5,6,1046,425,499,8,0.429,new,0
C4609,sub_4609,299,card,network,4,13,0,1470,195,299,6,0.875,new,0
C4610,sub_4610,499,card,card_expired,2,7,6,1120,605,499,0,0.5,loyal,0
C4611,sub_4611,499,upi,insufficient_funds,4,6,6,474,669,499,0,0.467,new,0
C4612,sub_4612,799,upi,card_expired,4,11,2,243,653,799,0,0.75,loyal,0
C4613,sub_4613,499,card,technical,4,3,4,322,105,499,10,0.4,standard,0
C4614,sub_4614,999,card,card_expired,1,3,4,864,314,999,11,0.4,loyal,0
C4615,sub_4615,4999,upi,card_expired,3,13,0,256,448,4999,9,0.875,standard,1
C4616,sub_4616,299,card,insufficient_funds,4,11,3,364,886,299,15,0.706,standard,0
C4617,sub_4617,4999,upi,network,1,5,4,945,491,4999,7,0.5,new,1
C4618,sub_4618,799,card,insufficient_funds,4,13,1,505,588,799,17,0.824,standard,0
C4619,sub_4619,1499,upi,technical,5,5,2,1024,306,1499,14,0.6,standard,1
C4620,sub_4620,1499,netbanking,card_expired,3,9,4,1496,266,1499,20,0.625,new,0
C4621,sub_4621,2499,card,network,5,0,6,140,716,2499,15,0.111,enterprise,0
C4622,sub_4622,4999,card,insufficient_funds,5,9,0,965,751,4999,2,0.833,new,1
C4623,sub_4623,4999,upi,bank_decline,3,2,6,1233,50,4999,12,0.273,standard,0
C4624,sub_4624,299,card,card_expired,5,3,5,218,485,299,14,0.364,standard,0
C4625,sub_4625,799,card,card_expired,5,11,5,1176,699,799,0,0.632,standard,0
C4626,sub_4626,999,card,technical,1,2,0,765,142,999,0,0.6,standard,1
C4627,sub_4627,999,netbanking,card_expired,5,6,3,946,581,999,0,0.583,enterprise,0
C4628,sub_4628,4999,card,card_expired,1,12,2,86,426,4999,3,0.765,new,1
C4629,sub_4629,1499,upi,network,3,13,6,659,456,1499,19,0.636,standard,0
C4630,sub_4630,799,card,network,5,6,5,556,534,799,5,0.5,new,0
C4631,sub_4631,4999,card,technical,4,1,4,238,785,4999,4,0.25,new,0
C4632,sub_4632,2499,card,card_expired,2,4,0,1146,79,2499,9,0.714,standard,0
C4633,sub_4633,2499,upi,insufficient_funds,4,8,6,763,182,2499,8,0.529,loyal,0
C4634,sub_4634,1499,card,card_expired,2,4,3,1318,311,1499,21,0.5,standard,0
C4635,sub_4635,299,card,network,2,10,1,247,720,299,2,0.786,standard,1
C4636,sub_4636,4999,card,bank_decline,5,13,6,1098,533,4999,18,0.636,new,0
C4637,sub_4637,1499,card,network,1,8,6,911,169,1499,5,0.529,enterprise,1
C4638,sub_4638,499,card,bank_decline,5,8,3,980,22,499,6,0.643,standard,0
C4639,sub_4639,499,card,insufficient_funds,3,7,4,471,891,499,10,0.571,standard,0
C4640,sub_4640,799,card,network,1,2,4,1039,124,799,21,0.333,new,0
C4641,sub_4641,499,netbanking,network,4,8,2,378,30,499,5,0.692,new,0
C4642,sub_4642,1499,card,bank_decline,1,13,5,1145,366,1499,7,0.667,new,0
C4643,sub_4643,999,card,network,2,9,6,667,498,999,14,0.556,new,1
C4644,sub_4644,499,card,network,2,10,6,724,233,499,14,0.579,standard,0
C4645,sub_4645,1499,card,bank_decline,4,12,4,875,152,1499,8,0.684,standard,0
C4646,sub_4646,799,upi,insufficient_funds,2,5,2,135,78,799,2,0.6,loyal,1
C4647,sub_4647,499,card,insufficient_funds,4,4,6,557,367,499,17,0.385,new,0
C4648,sub_4648,4999,card,network,1,13,6,312,856,4999,19,0.636,standard,0
C4649,sub_4649,799,upi,bank_decline,4,6,0,1445,134,799,13,0.778,standard,0
C4650,sub_4650,499,card,insufficient_funds,4,10,2,638,515,499,19,0.733,standard,0
C4651,sub_4651,2499,netbanking,network,2,8,3,18,175,2499,5,0.643,new,0
C4652,sub_4652,2499,netbanking,insufficient_funds,5,1,4,48,606,2499,19,0.25,new,0
C4653,sub_4653,499,card,network,3,4,4,1370,55,499,17,0.455,new,0
C4654,sub_4654,299,card,insufficient_funds,4,4,3,243,183,299,19,0.5,standard,0
C4655,sub_4655,2499,card,network,1,2,0,11,8,2499,20,0.6,new,0
C4656,sub_4656,999,card,network,5,10,1,326,583,999,7,0.786,standard,0
C4657,sub_4657,999,card,insufficient_funds,2,13,5,332,647,999,2,0.667,standard,1
C4658,sub_4658,799,card,bank_decline,4,13,4,129,155,799,16,0.7,standard,0
C4659,sub_4659,1499,card,network,1,2,4,1494,408,1499,14,0.333,new,0
C4660,sub_4660,1499,card,network,1,6,3,98,264,1499,14,0.583,standard,0
C4661,sub_4661,299,card,technical,1,3,1,1094,41,299,13,0.571,standard,0
C4662,sub_4662,499,netbanking,technical,5,0,2,1257,34,499,0,0.2,enterprise,1
C4663,sub_4663,4999,netbanking,card_expired,2,8,4,970,845,4999,14,0.6,new,0
C4664,sub_4664,499,card,network,5,12,3,207,582,499,10,0.722,new,1
C4665,sub_4665,4999,upi,insufficient_funds,3,1,0,1091,599,4999,0,0.5,loyal,0
C4666,sub_4666,799,card,network,1,8,2,501,266,799,18,0.692,standard,0
C4667,sub_4667,499,upi,network,3,0,5,618,238,499,0,0.125,new,0
C4668,sub_4668,1499,card,insufficient_funds,3,11,4,384,715,1499,5,0.667,loyal,0
C4669,sub_4669,1499,netbanking,card_expired,2,0,6,1178,395,1499,6,0.111,standard,0
C4670,sub_4670,799,card,insufficient_funds,4,6,3,873,92,799,17,0.583,standard,0
C4671,sub_4671,2499,card,card_expired,5,1,3,240,440,2499,1,0.286,new,0
C4672,sub_4672,299,netbanking,insufficient_funds,5,5,6,617,469,299,8,0.429,standard,0
C4673,sub_4673,299,card,insufficient_funds,3,6,3,1192,513,299,8,0.583,standard,0
C4674,sub_4674,1499,card,bank_decline,5,7,0,1407,483,1499,9,0.8,loyal,0
C4675,sub_4675,1499,upi,bank_decline,5,11,2,1409,771,1499,19,0.75,standard,0
C4676,sub_4676,1499,upi,insufficient_funds,1,13,4,211,220,1499,7,0.7,standard,1
C4677,sub_4677,2499,upi,card_expired,4,4,2,1287,531,2499,7,0.556,enterprise,0
C4678,sub_4678,4999,upi,network,4,12,2,853,799,4999,8,0.765,enterprise,1
C4679,sub_4679,999,upi,network,1,5,6,1112,880,999,8,0.429,new,0
C4680,sub_4680,999,card,bank_decline,4,1,3,584,868,999,20,0.286,standard,0
C4681,sub_4681,4999,card,network,5,8,2,980,654,4999,5,0.692,standard,1
C4682,sub_4682,4999,upi,insufficient_funds,2,10,0,394,96,4999,2,0.846,loyal,1
C4683,sub_4683,299,upi,insufficient_funds,5,4,2,786,889,299,9,0.556,loyal,0
C4684,sub_4684,999,card,network,5,8,5,346,29,999,1,0.562,loyal,0
C4685,sub_4685,4999,card,network,4,6,2,598,496,4999,17,0.636,standard,0
C4686,sub_4686,299,upi,insufficient_funds,4,2,3,617,402,299,19,0.375,new,0
C4687,sub_4687,4999,card,technical,3,5,4,1299,610,4999,18,0.5,standard,0
C4688,sub_4688,2499,card,card_expired,3,5,6,946,704,2499,17,0.429,standard,0
C4689,sub_4689,499,upi,insufficient_funds,3,4,5,974,664,499,9,0.417,standard,0
C4690,sub_4690,1499,card,network,3,12,2,432,204,1499,15,0.765,standard,1
C4691,sub_4691,999,card,card_expired,3,5,1,658,679,999,8,0.667,standard,0
C4692,sub_4692,799,card,network,5,8,4,714,682,799,18,0.6,standard,0
C4693,sub_4693,1499,card,insufficient_funds,4,0,1,1179,22,1499,4,0.25,enterprise,0
C4694,sub_4694,2499,upi,bank_decline,2,4,2,286,573,2499,3,0.556,standard,0
C4695,sub_4695,4999,card,insufficient_funds,3,12,0,90,115,4999,21,0.867,loyal,0
C4696,sub_4696,799,card,insufficient_funds,2,12,5,762,506,799,7,0.65,standard,1
C4697,sub_4697,499,card,network,1,13,1,1221,205,499,6,0.824,standard,1
C4698,sub_4698,4999,card,network,2,0,2,1103,323,4999,14,0.2,standard,0
C4699,sub_4699,799,card,insufficient_funds,1,12,2,1217,245,799,7,0.765,standard,0
C4700,sub_4700,2499,card,technical,5,3,0,596,776,2499,16,0.667,loyal,1
C4701,sub_4701,2499,card,network,1,0,5,350,814,2499,9,0.125,new,0
C4702,sub_4702,299,card,card_expired,2,1,4,993,718,299,17,0.25,loyal,0
C4703,sub_4703,799,card,card_expired,2,10,3,66,650,799,1,0.688,loyal,0
C4704,sub_4704,299,card,network,2,8,1,1344,327,299,16,0.75,standard,0
C4705,sub_4705,1499,card,network,2,8,0,1073,129,1499,7,0.818,new,1
C4706,sub_4706,2499,card,insufficient_funds,4,12,0,760,511,2499,9,0.867,new,1
C4707,sub_4707,999,card,card_expired,5,1,4,307,384,999,20,0.25,new,0
C4708,sub_4708,799,card,insufficient_funds,1,1,5,382,254,799,10,0.222,new,0
C4709,sub_4709,4999,card,bank_decline,2,13,5,1494,219,4999,1,0.667,new,1
C4710,sub_4710,299,upi,bank_decline,3,8,5,31,145,299,10,0.562,enterprise,0
C4711,sub_4711,299,card,bank_decline,2,10,2,23,747,299,5,0.733,standard,1
C4712,sub_4712,799,upi,technical,4,7,0,527,289,799,10,0.8,loyal,0
C4713,sub_4713,4999,upi,bank_decline,2,2,1,352,826,4999,4,0.5,standard,0
C4714,sub_4714,4999,card,bank_decline,3,7,5,1018,603,4999,14,0.533,standard,0
C4715,sub_4715,999,card,bank_decline,3,13,5,72,148,999,5,0.667,loyal,0
C4716,sub_4716,4999,card,bank_decline,2,1,3,1180,57,4999,10,0.286,standard,0
C4717,sub_4717,4999,card,bank_decline,4,1,0,1176,375,4999,21,0.5,standard,0
C4718,sub_4718,1499,card,technical,4,4,5,351,74,1499,14,0.417,loyal,0
C4719,sub_4719,299,card,insufficient_funds,3,6,5,872,857,299,15,0.5,enterprise,0
C4720,sub_4720,4999,upi,card_expired,3,8,1,1010,816,4999,16,0.75,standard,0
C4721,sub_4721,1499,card,insufficient_funds,5,2,5,1274,591,1499,20,0.3,loyal,0
C4722,sub_4722,299,upi,bank_decline,5,13,4,1101,264,299,19,0.7,standard,0
C4723,sub_4723,2499,upi,insufficient_funds,5,2,6,1444,781,2499,18,0.273,standard,0
C4724,sub_4724,799,card,bank_decline,1,2,4,182,582,799,7,0.333,standard,0
C4725,sub_4725,2499,netbanking,bank_decline,5,13,0,919,322,2499,13,0.875,standard,0
C4726,sub_4726,499,netbanking,technical,5,5,4,1161,792,499,17,0.5,standard,0
C4727,sub_4727,299,card,network,5,8,0,355,189,299,12,0.818,new,1
C4728,sub_4728,999,card,bank_decline,4,6,1,335,511,999,2,0.7,new,0
C4729,sub_4729,999,card,bank_decline,2,3,6,148,622,999,11,0.333,loyal,0
C4730,sub_4730,4999,card,technical,4,7,6,1478,817,4999,4,0.5,loyal,1
C4731,sub_4731,299,card,technical,3,10,3,1300,124,299,15,0.688,loyal,1
C4732,sub_4732,4999,card,card_expired,5,0,2,190,259,4999,18,0.2,standard,0
C4733,sub_4733,499,card,card_expired,2,12,2,375,756,499,15,0.765,enterprise,0
C4734,sub_4734,4999,upi,network,4,2,1,692,450,4999,12,0.5,standard,0
C4735,sub_4735,1499,card,technical,4,12,4,1341,679,1499,13,0.684,standard,0
C4736,sub_4736,799,card,network,5,13,2,1240,696,799,11,0.778,standard,0
C4737,sub_4737,4999,card,bank_decline,1,13,0,1318,275,4999,9,0.875,standard,1
C4738,sub_4738,799,upi,bank_decline,5,9,4,1244,298,799,4,0.625,standard,0
C4739,sub_4739,1499,upi,insufficient_funds,2,12,4,945,449,1499,14,0.684,standard,0
C4740,sub_4740,299,card,network,5,12,4,443,26,299,7,0.684,enterprise,1
C4741,sub_4741,299,upi,network,1,8,6,909,719,299,3,0.529,new,0
C4742,sub_4742,799,card,bank_decline,2,12,4,746,104,799,17,0.684,new,0
C4743,sub_4743,499,upi,insufficient_funds,4,4,4,1426,841,499,12,0.455,standard,0
C4744,sub_4744,499,card,network,3,11,1,678,701,499,11,0.8,standard,1
C4745,sub_4745,799,card,bank_decline,4,12,3,1136,317,799,11,0.722,enterprise,0
C4746,sub_4746,1499,upi,network,3,8,3,268,65,1499,1,0.643,standard,0
C4747,sub_4747,299,upi,bank_decline,1,1,6,1028,711,299,11,0.2,standard,0
C4748,sub_4748,2499,upi,insufficient_funds,4,2,3,686,404,2499,11,0.375,standard,0
C4749,sub_4749,2499,card,network,3,2,4,659,175,2499,11,0.333,standard,0
C4750,sub_4750,2499,upi,network,3,7,3,1134,387,2499,0,0.615,standard,0
C4751,sub_4751,499,card,insufficient_funds,2,6,0,731,813,499,16,0.778,standard,0
C4752,sub_4752,4999,upi,insufficient_funds,5,11,6,97,619,4999,13,0.6,standard,0
C4753,sub_4753,299,upi,bank_decline,4,3,4,589,617,299,16,0.4,standard,0
C4754,sub_4754,299,card,insufficient_funds,1,2,1,1445,463,299,11,0.5,loyal,1
C4755,sub_4755,2499,card,insufficient_funds,1,8,0,1420,138,2499,7,0.818,standard,1
C4756,sub_4756,2499,card,network,1,1,6,925,854,2499,18,0.2,standard,0
C4757,sub_4757,299,card,network,1,12,2,960,666,299,7,0.765,loyal,0
C4758,sub_4758,799,card,technical,4,1,0,401,464,799,9,0.5,standard,0
C4759,sub_4759,799,card,network,4,6,4,1172,651,799,0,0.538,standard,0
C4760,sub_4760,2499,card,technical,3,13,0,903,327,2499,3,0.875,standard,1
C4761,sub_4761,999,card,insufficient_funds,3,7,1,65,668,999,2,0.727,standard,0
C4762,sub_4762,1499,card,network,5,11,6,1424,871,1499,9,0.6,standard,0
C4763,sub_4763,299,upi,network,5,5,0,1280,311,299,5,0.75,standard,0
C4764,sub_4764,4999,card,network,3,10,5,131,8,4999,7,0.611,standard,0
C4765,sub_4765,999,card,bank_decline,3,9,4,632,666,999,16,0.625,loyal,0
C4766,sub_4766,1499,upi,insufficient_funds,3,7,2,1116,766,1499,15,0.667,standard,0
C4767,sub_4767,999,netbanking,insufficient_funds,5,1,2,1108,744,999,17,0.333,enterprise,0
C4768,sub_4768,499,card,card_expired,4,13,3,259,877,499,17,0.737,standard,0
C4769,sub_4769,1499,card,card_expired,2,0,3,69,313,1499,5,0.167,standard,1
C4770,sub_4770,799,card,technical,5,4,6,1477,826,799,13,0.385,standard,0
C4771,sub_4771,499,netbanking,technical,2,8,1,1341,187,499,19,0.75,standard,1
C4772,sub_4772,999,upi,card_expired,4,10,4,1110,528,999,6,0.647,enterprise,1
C4773,sub_4773,799,upi,bank_decline,5,7,4,993,799,799,8,0.571,standard,0
C4774,sub_4774,4999,upi,bank_decline,5,5,0,1032,823,4999,11,0.75,standard,0
C4775,sub_4775,1499,card,insufficient_funds,1,5,6,691,559,1499,17,0.429,standard,1
C4776,sub_4776,799,card,bank_decline,2,13,6,1029,491,799,3,0.636,standard,0
C4777,sub_4777,299,upi,network,4,4,0,462,414,299,10,0.714,loyal,0
C4778,sub_4778,799,upi,bank_decline,1,11,1,134,780,799,5,0.8,loyal,0
C4779,sub_4779,299,card,technical,1,0,5,473,791,299,15,0.125,new,0
C4780,sub_4780,499,card,network,2,9,5,447,216,499,5,0.588,loyal,1
C4781,sub_4781,499,card,bank_decline,3,9,1,462,123,499,7,0.769,loyal,1
C4782,sub_4782,1499,netbanking,technical,1,9,6,711,732,1499,7,0.556,standard,1
C4783,sub_4783,299,card,network,1,5,2,205,729,299,1,0.6,standard,1
C4784,sub_4784,499,upi,insufficient_funds,2,9,2,617,90,499,14,0.714,loyal,0
C4785,sub_4785,299,card,technical,3,6,2,701,442,299,5,0.636,loyal,1
C4786,sub_4786,4999,card,technical,3,8,4,290,456,4999,10,0.6,standard,0
C4787,sub_4787,4999,upi,network,4,12,1,685,39,4999,15,0.812,standard,1
C4788,sub_4788,799,card,insufficient_funds,5,9,3,1014,597,799,17,0.667,loyal,0
C4789,sub_4789,999,upi,card_expired,1,10,0,623,875,999,20,0.846,loyal,1
C4790,sub_4790,799,netbanking,network,4,13,1,13,191,799,2,0.824,standard,1
C4791,sub_4791,999,upi,insufficient_funds,1,3,5,1057,700,999,13,0.364,loyal,0
C4792,sub_4792,999,card,network,2,8,2,872,73,999,7,0.692,standard,0
C4793,sub_4793,499,upi,network,2,9,5,635,194,499,16,0.588,standard,0
C4794,sub_4794,1499,card,card_expired,4,9,5,44,509,1499,8,0.588,standard,0
C4795,sub_4795,299,card,card_expired,2,1,6,142,831,299,0,0.2,new,1
C4796,sub_4796,1499,card,card_expired,5,10,0,128,796,1499,18,0.846,new,0
C4797,sub_4797,2499,card,bank_decline,2,2,6,1279,841,2499,16,0.273,loyal,0
C4798,sub_4798,299,card,insufficient_funds,5,5,6,470,888,299,7,0.429,standard,0
C4799,sub_4799,2499,card,network,5,9,3,643,720,2499,18,0.667,new,0
C4800,sub_4800,2499,card,network,3,3,0,1047,327,2499,9,0.667,new,0
C4801,sub_4801,4999,card,network,1,1,0,986,115,4999,9,0.5,standard,0
C4802,sub_4802,2499,card,insufficient_funds,4,9,3,105,740,2499,6,0.667,standard,0
C4803,sub_4803,299,card,network,3,3,0,1395,168,299,10,0.667,standard,1
C4804,sub_4804,299,upi,network,2,11,0,405,469,299,21,0.857,enterprise,1
C4805,sub_4805,299,card,network,3,12,3,1153,678,299,1,0.722,standard,1
C4806,sub_4806,1499,card,card_expired,2,4,3,1249,32,1499,13,0.5,standard,0
C4807,sub_4807,1499,upi,card_expired,2,10,6,812,822,1499,3,0.579,new,1
C4808,sub_4808,1499,netbanking,technical,5,3,6,251,273,1499,2,0.333,new,0
C4809,sub_4809,799,netbanking,bank_decline,2,13,1,822,194,799,1,0.824,loyal,1
C4810,sub_4810,499,upi,card_expired,3,3,2,374,335,499,6,0.5,standard,0
C4811,sub_4811,299,netbanking,network,4,12,1,1275,415,299,16,0.812,loyal,0
C4812,sub_4812,799,card,card_expired,2,11,1,1134,409,799,16,0.8,standard,1
C4813,sub_4813,799,netbanking,network,4,4,3,1237,140,799,17,0.5,standard,0
C4814,sub_4814,799,netbanking,insufficient_funds,5,11,6,1244,171,799,3,0.6,standard,0
C4815,sub_4815,299,card,insufficient_funds,5,8,6,276,430,299,2,0.529,standard,0
C4816,sub_4816,799,upi,insufficient_funds,1,9,6,55,204,799,21,0.556,loyal,1
C4817,sub_4817,2499,upi,network,3,5,3,943,578,2499,20,0.545,standard,0
C4818,sub_4818,499,upi,card_expired,1,3,4,924,809,499,15,0.4,standard,0
C4819,sub_4819,4999,netbanking,bank_decline,4,9,5,1299,17,4999,18,0.588,new,0
C4820,sub_4820,299,card,bank_decline,2,0,1,960,33,299,17,0.25,standard,0
C4821,sub_4821,1499,card,card_expired,5,4,3,1206,578,1499,12,0.5,loyal,0
C4822,sub_4822,299,upi,insufficient_funds,1,1,3,529,26,299,10,0.286,standard,0
C4823,sub_4823,799,upi,network,5,0,2,195,576,799,21,0.2,enterprise,0
C4824,sub_4824,4999,netbanking,bank_decline,2,0,3,66,441,4999,14,0.167,standard,0
C4825,sub_4825,2499,netbanking,insufficient_funds,5,1,3,659,410,2499,19,0.286,loyal,0
C4826,sub_4826,999,upi,network,1,13,0,12,546,999,4,0.875,loyal,1
C4827,sub_4827,1499,netbanking,insufficient_funds,2,10,5,782,805,1499,4,0.611,loyal,0
C4828,sub_4828,1499,card,technical,2,13,6,607,115,1499,13,0.636,loyal,0
C4829,sub_4829,2499,netbanking,card_expired,5,1,5,394,122,2499,20,0.222,standard,0
C4830,sub_4830,1499,card,insufficient_funds,4,13,6,890,627,1499,13,0.636,standard,0
C4831,sub_4831,999,card,card_expired,5,8,3,1022,47,999,9,0.643,loyal,1
C4832,sub_4832,299,card,insufficient_funds,3,11,0,69,386,299,0,0.857,loyal,1
C4833,sub_4833,4999,card,insufficient_funds,4,12,1,719,446,4999,3,0.812,standard,0
C4834,sub_4834,999,card,insufficient_funds,4,3,5,1410,353,999,5,0.364,loyal,0
C4835,sub_4835,799,card,insufficient_funds,4,10,0,453,480,799,4,0.846,standard,0
C4836,sub_4836,299,upi,card_expired,5,9,3,1173,103,299,15,0.667,standard,0
C4837,sub_4837,1499,upi,network,5,5,0,511,240,1499,15,0.75,new,1
C4838,sub_4838,2499,card,bank_decline,3,6,2,414,5,2499,8,0.636,standard,0
C4839,sub_4839,2499,upi,insufficient_funds,3,2,0,1286,865,2499,21,0.6,standard,0
C4840,sub_4840,4999,card,card_expired,4,2,0,541,748,4999,8,0.6,standard,0
C4841,sub_4841,4999,card,card_expired,4,12,1,1300,229,4999,9,0.812,standard,0
C4842,sub_4842,1499,card,card_expired,5,10,3,985,33,1499,11,0.688,standard,0
C4843,sub_4843,4999,card,card_expired,4,7,4,1220,243,4999,12,0.571,standard,0
C4844,sub_4844,299,upi,technical,5,9,2,1224,860,299,4,0.714,new,0
C4845,sub_4845,799,card,insufficient_funds,4,5,5,1371,730,799,6,0.462,new,0
C4846,sub_4846,999,upi,bank_decline,5,3,2,836,593,999,15,0.5,standard,0
C4847,sub_4847,1499,card,bank_decline,4,13,5,1428,830,1499,18,0.667,loyal,0
C4848,sub_4848,799,upi,network,5,13,3,98,159,799,9,0.737,loyal,0
C4849,sub_4849,799,netbanking,insufficient_funds,1,3,5,742,482,799,2,0.364,new,0
C4850,sub_4850,4999,card,insufficient_funds,5,11,6,600,714,4999,18,0.6,loyal,0
C4851,sub_4851,1499,card,network,2,6,6,154,18,1499,12,0.467,standard,0
C4852,sub_4852,1499,card,insufficient_funds,4,9,4,1311,392,1499,9,0.625,standard,0
C4853,sub_4853,499,card,insufficient_funds,2,1,6,1202,320,499,12,0.2,loyal,0
C4854,sub_4854,999,card,card_expired,3,6,4,1125,159,999,18,0.538,enterprise,0
C4855,sub_4855,799,card,network,4,1,1,953,202,799,0,0.4,standard,0
C4856,sub_4856,1499,netbanking,bank_decline,3,11,6,906,871,1499,7,0.6,standard,0
C4857,sub_4857,4999,netbanking,insufficient_funds,4,5,1,576,460,4999,20,0.667,standard,0
C4858,sub_4858,499,card,bank_decline,1,3,3,1028,74,499,6,0.444,standard,0
C4859,sub_4859,2499,card,network,5,9,1,1463,614,2499,21,0.769,new,0
C4860,sub_4860,1499,card,insufficient_funds,3,13,5,384,532,1499,6,0.667,new,0
C4861,sub_4861,999,card,network,4,4,6,514,353,999,10,0.385,loyal,1
C4862,sub_4862,4999,upi,card_expired,2,10,5,172,357,4999,1,0.611,new,1
C4863,sub_4863,499,card,insufficient_funds,3,9,0,1362,484,499,15,0.833,standard,1
C4864,sub_4864,1499,card,technical,3,6,1,799,836,1499,5,0.7,loyal,0
C4865,sub_4865,799,card,insufficient_funds,1,11,2,892,684,799,18,0.75,loyal,0
C4866,sub_4866,1499,card,card_expired,3,1,0,407,361,1499,2,0.5,standard,0
C4867,sub_4867,299,card,network,4,12,3,64,222,299,2,0.722,new,1
C4868,sub_4868,2499,card,card_expired,5,5,0,1209,98,2499,10,0.75,standard,1
C4869,sub_4869,299,upi,insufficient_funds,5,0,4,1291,177,299,1,0.143,new,0
C4870,sub_4870,799,card,insufficient_funds,2,13,4,518,124,799,7,0.7,standard,0
C4871,sub_4871,4999,netbanking,network,4,10,4,1145,725,4999,15,0.647,standard,1
C4872,sub_4872,1499,card,network,1,11,6,862,518,1499,11,0.6,standard,0
C4873,sub_4873,999,upi,network,5,2,5,967,34,999,12,0.3,standard,0
C4874,sub_4874,799,card,technical,5,10,1,267,833,799,1,0.786,standard,1
C4875,sub_4875,299,card,insufficient_funds,5,9,4,925,136,299,14,0.625,loyal,0
C4876,sub_4876,299,netbanking,network,3,12,5,250,581,299,2,0.65,enterprise,1
C4877,sub_4877,2499,upi,technical,2,5,5,336,12,2499,12,0.462,standard,1
C4878,sub_4878,499,card,network,4,12,4,541,530,499,17,0.684,standard,0
C4879,sub_4879,299,card,insufficient_funds,4,9,0,329,500,299,15,0.833,standard,1
C4880,sub_4880,999,upi,bank_decline,2,3,3,1364,818,999,7,0.444,new,0
C4881,sub_4881,799,netbanking,technical,3,2,6,53,540,799,3,0.273,loyal,0
C4882,sub_4882,4999,upi,bank_decline,4,12,0,1356,440,4999,18,0.867,standard,0
C4883,sub_4883,499,card,insufficient_funds,3,9,4,239,478,499,4,0.625,standard,0
C4884,sub_4884,499,card,technical,2,1,3,1306,570,499,10,0.286,standard,1
C4885,sub_4885,499,card,network,2,1,1,511,373,499,5,0.4,loyal,0
C4886,sub_4886,499,card,technical,3,11,2,1382,642,499,0,0.75,loyal,1
C4887,sub_4887,999,card,bank_decline,2,2,6,815,476,999,9,0.273,loyal,0
C4888,sub_4888,499,upi,technical,2,3,4,739,872,499,12,0.4,standard,1
C4889,sub_4889,2499,card,network,1,8,6,204,175,2499,16,0.529,standard,0
C4890,sub_4890,2499,upi,network,2,12,3,655,656,2499,15,0.722,standard,1
C4891,sub_4891,999,upi,card_expired,4,4,5,840,743,999,18,0.417,loyal,0
C4892,sub_4892,499,upi,insufficient_funds,2,9,4,1475,646,499,17,0.625,standard,0
C4893,sub_4893,2499,card,insufficient_funds,1,9,6,402,882,2499,8,0.556,standard,0
C4894,sub_4894,4999,card,technical,5,8,2,133,391,4999,7,0.692,standard,0
C4895,sub_4895,4999,card,card_expired,3,9,2,388,487,4999,13,0.714,new,0
C4896,sub_4896,4999,card,insufficient_funds,3,3,0,372,139,4999,10,0.667,standard,0
C4897,sub_4897,2499,card,insufficient_funds,3,8,1,1422,337,2499,6,0.75,new,0
C4898,sub_4898,2499,card,network,3,0,0,233,144,2499,0,0.333,loyal,1
C4899,sub_4899,4999,card,network,3,10,1,1488,712,4999,10,0.786,standard,1
C4900,sub_4900,799,card,network,4,11,2,178,704,799,10,0.75,loyal,1
C4901,sub_4901,4999,netbanking,bank_decline,5,11,6,1219,174,4999,20,0.6,new,0
C4902,sub_4902,299,upi,bank_decline,5,0,2,627,722,299,17,0.2,standard,0
C4903,sub_4903,2499,card,insufficient_funds,3,12,5,91,289,2499,5,0.65,new,0
C4904,sub_4904,799,netbanking,insufficient_funds,2,6,5,924,657,799,2,0.5,loyal,0
C4905,sub_4905,799,card,card_expired,1,1,6,1095,846,799,17,0.2,new,0
C4906,sub_4906,1499,card,bank_decline,3,7,3,1259,746,1499,10,0.615,standard,0
C4907,sub_4907,499,upi,technical,5,8,5,275,168,499,0,0.562,new,0
C4908,sub_4908,4999,card,insufficient_funds,2,5,2,929,163,4999,16,0.6,loyal,1
C4909,sub_4909,2499,card,bank_decline,5,10,4,858,101,2499,7,0.647,standard,0
C4910,sub_4910,299,card,insufficient_funds,4,7,5,669,757,299,3,0.533,standard,0
C4911,sub_4911,2499,card,insufficient_funds,4,3,0,1341,492,2499,14,0.667,new,0
C4912,sub_4912,299,upi,bank_decline,3,8,0,640,141,299,17,0.818,standard,0
C4913,sub_4913,2499,card,insufficient_funds,4,3,1,576,529,2499,17,0.571,new,0
C4914,sub_4914,2499,card,insufficient_funds,1,1,5,792,477,2499,6,0.222,standard,0
C4915,sub_4915,1499,card,insufficient_funds,1,3,3,1393,537,1499,13,0.444,new,0
C4916,sub_4916,1499,card,insufficient_funds,1,12,1,1302,571,1499,10,0.812,enterprise,0
C4917,sub_4917,2499,card,insufficient_funds,4,8,5,1065,148,2499,19,0.562,standard,0
C4918,sub_4918,2499,upi,card_expired,3,4,0,130,349,2499,4,0.714,standard,1
C4919,sub_4919,1499,upi,insufficient_funds,2,5,1,458,649,1499,18,0.667,standard,1
C4920,sub_4920,499,card,network,1,12,3,32,818,499,7,0.722,standard,1
C4921,sub_4921,1499,upi,bank_decline,3,9,6,151,218,1499,13,0.556,loyal,0
C4922,sub_4922,499,card,insufficient_funds,2,10,5,1249,514,499,11,0.611,loyal,0
C4923,sub_4923,299,card,technical,1,8,4,1224,853,299,7,0.6,standard,0
C4924,sub_4924,499,card,network,1,13,4,162,541,499,5,0.7,loyal,1
C4925,sub_4925,999,card,card_expired,4,9,2,692,205,999,8,0.714,new,0
C4926,sub_4926,4999,upi,insufficient_funds,4,5,3,426,525,4999,13,0.545,enterprise,0
C4927,sub_4927,299,netbanking,bank_decline,2,3,6,118,16,299,13,0.333,standard,0
C4928,sub_4928,299,card,network,3,0,5,578,440,299,13,0.125,loyal,0
C4929,sub_4929,299,card,technical,2,10,4,163,511,299,14,0.647,loyal,1
C4930,sub_4930,499,card,insufficient_funds,3,13,0,1106,51,499,1,0.875,standard,1
C4931,sub_4931,999,card,card_expired,1,9,5,1450,183,999,8,0.588,standard,1
C4932,sub_4932,2499,card,insufficient_funds,5,6,2,639,889,2499,6,0.636,enterprise,0
C4933,sub_4933,299,netbanking,network,4,1,2,372,566,299,8,0.333,new,0
C4934,sub_4934,2499,upi,insufficient_funds,5,9,4,754,413,2499,8,0.625,standard,1
C4935,sub_4935,4999,netbanking,network,2,2,2,1450,207,4999,3,0.429,standard,0
C4936,sub_4936,299,card,insufficient_funds,5,8,4,247,112,299,21,0.6,standard,0
C4937,sub_4937,999,card,card_expired,3,4,0,1024,385,999,0,0.714,standard,0
C4938,sub_4938,2499,card,insufficient_funds,1,12,1,148,491,2499,13,0.812,loyal,1
C4939,sub_4939,1499,netbanking,network,2,13,3,457,162,1499,10,0.737,loyal,1
C4940,sub_4940,499,card,network,5,3,6,664,720,499,15,0.333,standard,0
C4941,sub_4941,499,card,network,4,4,5,581,386,499,18,0.417,enterprise,0
C4942,sub_4942,999,card,network,4,12,2,276,51,999,14,0.765,new,0
C4943,sub_4943,2499,upi,card_expired,2,0,6,1167,123,2499,16,0.111,standard,0
C4944,sub_4944,4999,upi,network,4,7,1,1012,775,4999,6,0.727,new,0
C4945,sub_4945,999,upi,technical,5,1,6,658,304,999,21,0.2,standard,0
C4946,sub_4946,999,card,network,1,6,2,633,336,999,1,0.636,standard,1
C4947,sub_4947,999,upi,network,2,0,0,121,179,999,14,0.333,standard,1
C4948,sub_4948,999,card,bank_decline,1,1,0,994,727,999,3,0.5,standard,0
C4949,sub_4949,1499,card,insufficient_funds,1,5,6,352,734,1499,5,0.429,standard,0
C4950,sub_4950,499,card,insufficient_funds,5,0,4,458,218,499,18,0.143,standard,0
C4951,sub_4951,999,card,technical,2,11,1,1291,656,999,14,0.8,standard,0
C4952,sub_4952,1499,card,technical,1,8,6,966,407,1499,13,0.529,standard,0
C4953,sub_4953,999,netbanking,bank_decline,1,6,0,1047,150,999,18,0.778,enterprise,0
C4954,sub_4954,4999,card,network,5,6,2,404,716,4999,6,0.636,loyal,0
C4955,sub_4955,2499,card,card_expired,3,11,5,756,75,2499,14,0.632,loyal,0
C4956,sub_4956,2499,upi,technical,4,11,0,30,787,2499,4,0.857,enterprise,1
C4957,sub_4957,2499,upi,technical,2,0,6,375,24,2499,10,0.111,loyal,0
C4958,sub_4958,999,card,network,4,9,4,1202,291,999,8,0.625,new,0
C4959,sub_4959,799,card,insufficient_funds,5,6,6,717,204,799,13,0.467,standard,0
C4960,sub_4960,999,card,insufficient_funds,4,10,5,955,212,999,1,0.611,standard,1
C4961,sub_4961,4999,card,network,3,11,5,1185,432,4999,0,0.632,new,1
C4962,sub_4962,4999,upi,card_expired,2,9,1,1405,676,4999,0,0.769,standard,0
C4963,sub_4963,799,card,network,2,9,1,131,360,799,5,0.769,standard,1
C4964,sub_4964,999,card,insufficient_funds,3,2,1,875,464,999,12,0.5,standard,0
C4965,sub_4965,499,card,network,3,11,1,1492,874,499,3,0.8,loyal,1
C4966,sub_4966,299,card,insufficient_funds,1,9,4,307,448,299,21,0.625,standard,0
C4967,sub_4967,799,card,network,1,3,0,1291,713,799,9,0.667,enterprise,1
C4968,sub_4968,299,netbanking,insufficient_funds,3,3,2,874,346,299,6,0.5,loyal,0
C4969,sub_4969,799,card,network,1,7,4,483,71,799,19,0.571,loyal,0
C4970,sub_4970,299,upi,technical,3,4,3,1177,231,299,3,0.5,new,0
C4971,sub_4971,799,card,network,2,9,3,1307,143,799,4,0.667,enterprise,1
C4972,sub_4972,2499,upi,insufficient_funds,2,5,1,222,816,2499,8,0.667,new,0
C4973,sub_4973,2499,card,network,1,2,0,1025,24,2499,1,0.6,loyal,0
C4974,sub_4974,4999,card,network,3,5,6,1405,740,4999,14,0.429,new,1
C4975,sub_4975,999,card,network,1,11,3,1002,125,999,17,0.706,new,1
C4976,sub_4976,999,card,network,4,11,4,825,136,999,7,0.667,standard,1
C4977,sub_4977,4999,netbanking,network,5,4,3,218,476,4999,19,0.5,loyal,0
C4978,sub_4978,999,upi,insufficient_funds,5,11,2,680,73,999,0,0.75,loyal,0
C4979,sub_4979,299,upi,card_expired,4,1,5,1359,69,299,11,0.222,standard,0
C4980,sub_4980,4999,card,network,5,13,2,1200,698,4999,16,0.778,loyal,1
C4981,sub_4981,1499,card,insufficient_funds,5,10,2,681,54,1499,8,0.733,standard,0
C4982,sub_4982,1499,upi,card_expired,4,0,5,470,537,1499,20,0.125,enterprise,0
C4983,sub_4983,299,upi,network,2,9,2,1206,107,299,9,0.714,standard,1
C4984,sub_4984,999,card,insufficient_funds,3,6,4,1451,77,999,20,0.538,loyal,0
C4985,sub_4985,999,upi,network,5,12,4,456,602,999,14,0.684,loyal,1
C4986,sub_4986,2499,card,network,4,3,0,1218,353,2499,5,0.667,standard,0
C4987,sub_4987,799,netbanking,insufficient_funds,2,12,4,468,18,799,18,0.684,standard,0
C4988,sub_4988,799,card,technical,1,12,5,1242,613,799,0,0.65,standard,1
C4989,sub_4989,1499,card,technical,1,3,1,1447,872,1499,4,0.571,enterprise,0
C4990,sub_4990,299,netbanking,technical,2,6,6,998,505,299,17,0.467,standard,0
C4991,sub_4991,2499,card,insufficient_funds,5,8,0,750,343,2499,19,0.818,loyal,0
C4992,sub_4992,299,card,network,3,3,1,478,759,299,8,0.571,enterprise,0
C4993,sub_4993,499,card,insufficient_funds,1,13,6,99,303,499,14,0.636,standard,0
C4994,sub_4994,999,card,network,5,2,5,88,552,999,15,0.3,standard,0
C4995,sub_4995,499,netbanking,network,3,3,5,1255,427,499,16,0.364,standard,0
C4996,sub_4996,299,upi,network,2,7,4,995,653,299,19,0.571,standard,1
C4997,sub_4997,799,card,insufficient_funds,5,6,1,348,466,799,1,0.7,loyal,1
C4998,sub_4998,1499,netbanking,insufficient_funds,2,0,3,832,434,1499,4,0.167,standard,0
C4999,sub_4999,499,upi,network,4,12,3,1319,378,499,20,0.722,loyal,0
C5000,sub_5000,499,netbanking,bank_decline,5,3,0,975,266,499,11,0.667,standard,0
C5001,sub_5001,1499,card,insufficient_funds,3,1,4,1375,438,1499,11,0.25,loyal,0
C5002,sub_5002,4999,card,bank_decline,4,7,0,185,55,4999,8,0.8,standard,0
C5003,sub_5003,999,card,network,2,12,0,118,306,999,7,0.867,standard,1
C5004,sub_5004,999,card,insufficient_funds,5,0,1,1003,69,999,5,0.25,new,0
C5005,sub_5005,2499,upi,network,1,6,1,877,290,2499,8,0.7,loyal,0
C5006,sub_5006,299,card,insufficient_funds,2,12,0,1035,317,299,1,0.867,standard,1
C5007,sub_5007,4999,card,network,5,12,6,1472,25,4999,6,0.619,standard,0
C5008,sub_5008,999,upi,network,3,2,5,172,267,999,21,0.3,loyal,0
C5009,sub_5009,799,card,card_expired,1,8,3,1397,604,799,3,0.643,standard,1
C5010,sub_5010,1499,card,network,3,11,2,100,872,1499,16,0.75,standard,1
C5011,sub_5011,4999,upi,network,2,9,1,792,555,4999,0,0.769,standard,1
C5012,sub_5012,4999,netbanking,technical,3,9,6,1249,641,4999,16,0.556,standard,0
C5013,sub_5013,2499,card,network,2,10,5,1023,602,2499,5,0.611,standard,1
C5014,sub_5014,999,netbanking,card_expired,2,6,5,341,850,999,15,0.5,standard,0
C5015,sub_5015,499,upi,insufficient_funds,5,0,3,910,847,499,10,0.167,standard,0
C5016,sub_5016,499,upi,network,1,8,0,1354,103,499,17,0.818,standard,1
C5017,sub_5017,2499,card,insufficient_funds,4,8,4,312,426,2499,14,0.6,standard,0
C5018,sub_5018,299,upi,network,1,11,3,1406,817,299,12,0.706,standard,1
C5019,sub_5019,999,upi,bank_decline,3,12,2,982,793,999,16,0.765,standard,0
C5020,sub_5020,799,card,network,4,4,2,139,481,799,21,0.556,standard,1
C5021,sub_5021,1499,netbanking,network,5,13,0,506,400,1499,13,0.875,standard,1
C5022,sub_5022,799,netbanking,insufficient_funds,2,0,6,1294,53,799,3,0.111,loyal,0
C5023,sub_5023,1499,card,technical,1,13,1,513,430,1499,2,0.824,standard,1
C5024,sub_5024,999,upi,bank_decline,4,1,5,1420,456,999,12,0.222,loyal,0
C5025,sub_5025,4999,card,technical,5,9,6,635,570,4999,9,0.556,standard,0
C5026,sub_5026,499,upi,card_expired,3,9,0,520,470,499,13,0.833,standard,1
C5027,sub_5027,2499,upi,card_expired,1,8,4,1279,195,2499,14,0.6,loyal,0
C5028,sub_5028,2499,card,insufficient_funds,3,13,0,1180,871,2499,4,0.875,new,1
C5029,sub_5029,2499,card,technical,2,7,5,365,196,2499,16,0.533,enterprise,0
C5030,sub_5030,999,card,insufficient_funds,3,1,3,1173,344,999,21,0.286,standard,0
C5031,sub_5031,799,netbanking,insufficient_funds,1,8,0,383,459,799,7,0.818,new,0
C5032,sub_5032,999,card,card_expired,2,4,5,1344,264,999,20,0.417,standard,0
C5033,sub_5033,4999,netbanking,insufficient_funds,5,8,5,20,62,4999,20,0.562,loyal,0
C5034,sub_5034,499,card,network,1,5,6,996,550,499,9,0.429,new,1
C5035,sub_5035,1499,card,insufficient_funds,5,0,3,240,213,1499,17,0.167,standard,0
C5036,sub_5036,499,netbanking,insufficient_funds,3,8,6,1018,791,499,20,0.529,loyal,0
C5037,sub_5037,2499,card,bank_decline,3,1,4,1468,714,2499,18,0.25,standard,0
C5038,sub_5038,799,card,insufficient_funds,5,4,3,1004,385,799,8,0.5,new,0
C5039,sub_5039,4999,card,bank_decline,2,8,2,656,417,4999,14,0.692,new,0
C5040,sub_5040,499,card,insufficient_funds,5,12,2,1236,854,499,13,0.765,standard,0
C5041,sub_5041,299,card,bank_decline,2,4,4,300,24,299,9,0.455,standard,0
C5042,sub_5042,4999,card,network,2,4,5,819,341,4999,14,0.417,standard,1
C5043,sub_5043,799,card,technical,3,4,0,1448,55,799,20,0.714,enterprise,0
C5044,sub_5044,299,card,insufficient_funds,4,8,2,540,125,299,0,0.692,new,0
C5045,sub_5045,2499,card,network,2,2,0,50,827,2499,19,0.6,new,0
C5046,sub_5046,799,card,network,4,7,2,667,92,799,8,0.667,standard,1
C5047,sub_5047,4999,card,network,1,11,5,731,861,4999,18,0.632,standard,1
C5048,sub_5048,999,netbanking,insufficient_funds,4,1,4,1219,705,999,2,0.25,new,0
C5049,sub_5049,2499,card,bank_decline,4,13,0,1208,577,2499,19,0.875,standard,0
C5050,sub_5050,1499,card,technical,3,7,5,516,668,1499,9,0.533,loyal,0
C5051,sub_5051,999,card,card_expired,4,8,0,1161,167,999,20,0.818,new,0
C5052,sub_5052,999,netbanking,insufficient_funds,4,8,0,223,106,999,9,0.818,loyal,0
C5053,sub_5053,499,upi,insufficient_funds,5,13,6,291,331,499,16,0.636,loyal,0
C5054,sub_5054,2499,upi,bank_decline,2,9,0,909,688,2499,13,0.833,standard,0
C5055,sub_5055,999,netbanking,bank_decline,3,12,1,1064,275,999,4,0.812,loyal,0
C5056,sub_5056,299,upi,insufficient_funds,3,4,0,1212,159,299,5,0.714,loyal,0
C5057,sub_5057,799,netbanking,technical,2,3,4,937,706,799,11,0.4,standard,0
C5058,sub_5058,799,card,insufficient_funds,5,9,3,200,571,799,10,0.667,standard,0
C5059,sub_5059,4999,upi,bank_decline,3,2,5,1016,483,4999,13,0.3,new,0
C5060,sub_5060,799,upi,technical,3,1,6,649,371,799,17,0.2,standard,0
C5061,sub_5061,999,netbanking,bank_decline,1,2,5,406,701,999,17,0.3,loyal,0
C5062,sub_5062,299,card,network,3,3,3,515,661,299,1,0.444,standard,1
C5063,sub_5063,799,upi,card_expired,4,1,0,1217,325,799,10,0.5,standard,0
C5064,sub_5064,499,card,network,3,10,6,274,117,499,3,0.579,standard,1
C5065,sub_5065,999,card,bank_decline,4,8,3,843,782,999,11,0.643,enterprise,0
C5066,sub_5066,4999,card,insufficient_funds,1,2,1,133,123,4999,11,0.5,new,0
C5067,sub_5067,4999,card,card_expired,1,3,3,1090,386,4999,21,0.444,standard,0
C5068,sub_5068,799,upi,technical,2,13,2,233,806,799,8,0.778,new,1
C5069,sub_5069,1499,card,network,2,12,2,1409,376,1499,9,0.765,enterprise,1
C5070,sub_5070,4999,card,insufficient_funds,5,1,3,1324,748,4999,11,0.286,standard,0
C5071,sub_5071,499,card,card_expired,5,8,5,1284,440,499,2,0.562,new,0
C5072,sub_5072,999,upi,insufficient_funds,3,4,1,529,670,999,1,0.625,standard,0
C5073,sub_5073,999,upi,network,3,5,6,1175,533,999,15,0.429,standard,0
C5074,sub_5074,299,upi,network,2,8,0,210,252,299,6,0.818,new,1
C5075,sub_5075,999,card,insufficient_funds,3,13,1,441,804,999,7,0.824,loyal,1
C5076,sub_5076,299,upi,card_expired,4,8,4,207,421,299,21,0.6,loyal,0
C5077,sub_5077,799,upi,card_expired,4,13,1,90,412,799,5,0.824,new,0
C5078,sub_5078,299,card,network,5,11,5,556,593,299,19,0.632,enterprise,0
C5079,sub_5079,2499,card,insufficient_funds,3,10,5,866,837,2499,13,0.611,new,0
C5080,sub_5080,2499,card,insufficient_funds,2,11,3,1294,784,2499,5,0.706,new,0
C5081,sub_5081,499,card,network,1,11,3,61,354,499,20,0.706,standard,1
C5082,sub_5082,299,card,bank_decline,4,3,6,616,208,299,13,0.333,new,0
C5083,sub_5083,999,card,insufficient_funds,5,13,5,1074,292,999,6,0.667,standard,0
C5084,sub_5084,299,card,insufficient_funds,3,12,4,310,237,299,9,0.684,standard,0
C5085,sub_5085,999,card,technical,5,8,0,1107,266,999,8,0.818,new,0
C5086,sub_5086,999,card,insufficient_funds,2,9,4,859,388,999,18,0.625,enterprise,0
C5087,sub_5087,999,upi,card_expired,1,12,0,848,20,999,10,0.867,standard,0
C5088,sub_5088,999,card,network,4,2,1,196,480,999,0,0.5,standard,0
C5089,sub_5089,999,card,network,1,0,4,260,764,999,15,0.143,standard,0
C5090,sub_5090,499,upi,network,1,13,2,1317,387,499,16,0.778,loyal,1
C5091,sub_5091,1499,card,bank_decline,4,7,6,1314,72,1499,8,0.5,new,0
C5092,sub_5092,1499,card,bank_decline,3,10,6,684,351,1499,20,0.579,new,0
C5093,sub_5093,499,card,network,4,7,0,897,301,499,9,0.8,loyal,1
C5094,sub_5094,999,card,network,4,7,6,817,535,999,5,0.5,new,1
C5095,sub_5095,799,card,insufficient_funds,2,0,6,777,226,799,15,0.111,loyal,0
C5096,sub_5096,799,card,card_expired,4,4,0,1071,271,799,2,0.714,standard,0
C5097,sub_5097,2499,card,card_expired,3,1,2,855,670,2499,21,0.333,loyal,0
C5098,sub_5098,1499,card,card_expired,3,6,6,196,158,1499,15,0.467,new,0
C5099,sub_5099,4999,netbanking,technical,4,0,0,133,839,4999,6,0.333,enterprise,1
C5100,sub_5100,999,card,insufficient_funds,2,11,0,1276,268,999,1,0.857,standard,1
C5101,sub_5101,299,card,card_expired,3,4,3,1113,735,299,12,0.5,new,0
C5102,sub_5102,1499,card,card_expired,3,10,6,306,74,1499,12,0.579,loyal,0
C5103,sub_5103,299,upi,insufficient_funds,1,0,1,100,288,299,17,0.25,new,0
C5104,sub_5104,799,upi,technical,2,0,5,337,340,799,6,0.125,standard,0
C5105,sub_5105,4999,upi,network,1,5,4,871,410,4999,4,0.5,standard,1
C5106,sub_5106,4999,card,bank_decline,1,11,1,879,83,4999,9,0.8,new,0
C5107,sub_5107,499,card,bank_decline,3,11,2,262,223,499,18,0.75,standard,0
C5108,sub_5108,4999,upi,technical,5,7,4,272,789,4999,19,0.571,standard,1
C5109,sub_5109,4999,card,insufficient_funds,5,8,3,319,831,4999,7,0.643,standard,1
C5110,sub_5110,4999,netbanking,insufficient_funds,4,9,1,670,397,4999,1,0.769,standard,0
C5111,sub_5111,2499,card,bank_decline,3,9,1,357,107,2499,2,0.769,loyal,0
C5112,sub_5112,299,card,bank_decline,2,10,3,689,248,299,11,0.688,standard,0
C5113,sub_5113,299,card,insufficient_funds,2,0,5,31,856,299,0,0.125,standard,0
C5114,sub_5114,1499,card,bank_decline,4,6,2,1404,827,1499,15,0.636,standard,1
C5115,sub_5115,299,upi,network,5,11,6,1338,732,299,0,0.6,standard,1
C5116,sub_5116,499,card,card_expired,5,6,4,514,776,499,9,0.538,new,0
C5117,sub_5117,4999,card,bank_decline,2,2,2,1208,640,4999,17,0.429,standard,0
C5118,sub_5118,4999,card,insufficient_funds,3,9,4,807,561,4999,10,0.625,new,0
C5119,sub_5119,499,upi,insufficient_funds,3,4,3,56,696,499,14,0.5,loyal,1
C5120,sub_5120,999,card,technical,1,7,5,434,582,999,7,0.533,new,0
C5121,sub_5121,999,netbanking,bank_decline,1,7,6,94,306,999,17,0.5,new,0
C5122,sub_5122,499,netbanking,technical,1,9,5,1064,577,499,9,0.588,standard,1
C5123,sub_5123,499,card,insufficient_funds,4,13,0,1176,267,499,16,0.875,standard,1
C5124,sub_5124,999,upi,technical,2,9,0,929,562,999,20,0.833,standard,1
C5125,sub_5125,1499,netbanking,network,4,13,5,20,343,1499,8,0.667,standard,0
C5126,sub_5126,2499,card,insufficient_funds,2,0,5,361,439,2499,5,0.125,enterprise,0
C5127,sub_5127,2499,card,insufficient_funds,4,10,3,708,164,2499,20,0.688,standard,0
C5128,sub_5128,299,card,bank_decline,1,5,1,225,861,299,14,0.667,new,1
C5129,sub_5129,1499,upi,technical,2,10,6,169,671,1499,19,0.579,loyal,1
C5130,sub_5130,1499,card,bank_decline,2,1,3,463,97,1499,8,0.286,loyal,1
C5131,sub_5131,299,upi,card_expired,3,7,2,891,428,299,7,0.667,new,0
C5132,sub_5132,2499,card,insufficient_funds,3,0,2,141,409,2499,2,0.2,new,1
C5133,sub_5133,1499,card,insufficient_funds,1,9,2,1497,797,1499,17,0.714,standard,0
C5134,sub_5134,2499,card,insufficient_funds,4,3,1,693,679,2499,18,0.571,standard,0
C5135,sub_5135,1499,upi,network,5,2,2,266,790,1499,18,0.429,standard,0
C5136,sub_5136,799,card,insufficient_funds,1,1,4,39,420,799,6,0.25,standard,0
C5137,sub_5137,499,upi,bank_decline,1,3,0,1435,141,499,10,0.667,enterprise,1
C5138,sub_5138,799,card,bank_decline,5,13,2,895,649,799,10,0.778,standard,0
C5139,sub_5139,2499,card,bank_decline,4,13,1,1299,197,2499,2,0.824,loyal,1
C5140,sub_5140,1499,card,insufficient_funds,5,1,4,1167,573,1499,0,0.25,new,0
C5141,sub_5141,1499,netbanking,insufficient_funds,4,13,6,1478,370,1499,7,0.636,standard,0
C5142,sub_5142,299,card,network,4,8,5,1335,315,299,11,0.562,loyal,0
C5143,sub_5143,299,upi,insufficient_funds,1,4,1,1151,107,299,21,0.625,new,0
C5144,sub_5144,1499,card,insufficient_funds,3,13,3,1278,720,1499,19,0.737,standard,0
C5145,sub_5145,4999,upi,network,2,3,0,1286,620,4999,15,0.667,standard,0
C5146,sub_5146,799,card,network,5,2,2,389,308,799,21,0.429,standard,0
C5147,sub_5147,999,card,card_expired,1,3,1,895,664,999,17,0.571,loyal,0
C5148,sub_5148,4999,card,insufficient_funds,1,2,3,1479,887,4999,11,0.375,standard,0
C5149,sub_5149,499,card,insufficient_funds,3,6,2,1302,649,499,20,0.636,loyal,0
C5150,sub_5150,999,card,network,5,1,4,166,854,999,20,0.25,standard,0
C5151,sub_5151,299,card,insufficient_funds,5,3,3,176,423,299,4,0.444,loyal,0
C5152,sub_5152,499,card,insufficient_funds,3,5,6,308,339,499,6,0.429,standard,0
C5153,sub_5153,799,netbanking,insufficient_funds,3,9,0,1115,759,799,21,0.833,new,0
C5154,sub_5154,1499,card,card_expired,2,12,6,596,597,1499,0,0.619,loyal,1
C5155,sub_5155,799,netbanking,network,5,1,5,946,545,799,11,0.222,new,0
C5156,sub_5156,999,card,technical,1,8,4,218,578,999,8,0.6,new,1
C5157,sub_5157,799,card,network,1,1,5,99,894,799,16,0.222,loyal,1
C5158,sub_5158,299,card,insufficient_funds,3,13,0,1158,619,299,21,0.875,new,0
C5159,sub_5159,2499,card,network,2,3,1,444,734,2499,7,0.571,new,1
C5160,sub_5160,1499,card,insufficient_funds,3,11,0,74,33,1499,4,0.857,new,0
C5161,sub_5161,1499,upi,insufficient_funds,5,10,5,331,650,1499,7,0.611,loyal,0
C5162,sub_5162,1499,upi,bank_decline,2,4,2,491,286,1499,15,0.556,new,0
C5163,sub_5163,299,card,insufficient_funds,5,4,2,613,111,299,7,0.556,standard,0
C5164,sub_5164,999,card,card_expired,2,4,4,1346,249,999,14,0.455,standard,0
C5165,sub_5165,1499,card,network,2,6,2,305,749,1499,7,0.636,standard,1
C5166,sub_5166,999,card,network,1,6,4,910,736,999,16,0.538,standard,1
C5167,sub_5167,2499,card,insufficient_funds,4,9,6,419,275,2499,1,0.556,loyal,0
C5168,sub_5168,799,card,insufficient_funds,5,6,2,752,173,799,7,0.636,loyal,0
C5169,sub_5169,999,card,insufficient_funds,5,11,6,451,377,999,6,0.6,loyal,0
C5170,sub_5170,799,card,technical,1,6,3,523,299,799,13,0.583,loyal,0
C5171,sub_5171,4999,upi,bank_decline,4,4,2,903,417,4999,14,0.556,standard,0
C5172,sub_5172,499,card,technical,1,4,6,888,705,499,15,0.385,new,0
C5173,sub_5173,499,card,insufficient_funds,4,10,3,210,298,499,19,0.688,standard,0
C5174,sub_5174,1499,netbanking,bank_decline,4,1,0,243,156,1499,17,0.5,standard,0
C5175,sub_5175,299,netbanking,card_expired,1,4,2,369,98,299,0,0.556,standard,0
C5176,sub_5176,999,card,card_expired,1,4,5,1350,616,999,14,0.417,new,0
C5177,sub_5177,299,card,technical,1,9,3,482,180,299,0,0.667,loyal,1
C5178,sub_5178,999,upi,card_expired,4,1,3,871,198,999,9,0.286,standard,0
C5179,sub_5179,799,card,technical,4,6,4,679,723,799,13,0.538,standard,0
C5180,sub_5180,499,card,bank_decline,1,9,1,537,84,499,7,0.769,enterprise,0
C5181,sub_5181,999,card,network,3,12,0,66,587,999,15,0.867,standard,1
C5182,sub_5182,799,card,card_expired,4,6,3,667,11,799,17,0.583,new,0
C5183,sub_5183,299,netbanking,insufficient_funds,2,13,6,1498,848,299,13,0.636,standard,0
C5184,sub_5184,999,upi,technical,4,8,0,1411,642,999,11,0.818,standard,1
C5185,sub_5185,999,netbanking,bank_decline,2,10,5,457,739,999,21,0.611,standard,1
C5186,sub_5186,1499,upi,network,2,3,6,804,600,1499,14,0.333,enterprise,0
C5187,sub_5187,4999,card,network,2,12,0,438,362,4999,5,0.867,loyal,1
C5188,sub_5188,1499,upi,network,2,3,0,1383,895,1499,14,0.667,loyal,0
C5189,sub_5189,2499,upi,insufficient_funds,3,1,6,836,707,2499,10,0.2,loyal,0
C5190,sub_5190,1499,card,network,2,1,0,1380,80,1499,0,0.5,standard,1
C5191,sub_5191,1499,card,bank_decline,2,9,5,1282,519,1499,20,0.588,loyal,1
C5192,sub_5192,2499,card,card_expired,4,8,5,498,488,2499,17,0.562,standard,0
C5193,sub_5193,1499,card,bank_decline,2,2,2,690,258,1499,13,0.429,new,1
C5194,sub_5194,999,card,network,4,12,2,858,411,999,14,0.765,enterprise,1
C5195,sub_5195,2499,card,insufficient_funds,1,3,3,380,877,2499,12,0.444,standard,0
C5196,sub_5196,4999,card,network,1,8,3,1249,78,4999,7,0.643,new,1
C5197,sub_5197,999,card,technical,5,7,6,853,835,999,20,0.5,loyal,0
C5198,sub_5198,499,card,network,3,8,4,318,630,499,12,0.6,standard,1
C5199,sub_5199,799,card,network,4,10,6,729,101,799,7,0.579,new,1
C5200,sub_5200,299,card,network,4,12,1,1234,275,299,15,0.812,standard,0
C5201,sub_5201,799,netbanking,bank_decline,1,10,1,640,755,799,3,0.786,standard,1
C5202,sub_5202,4999,card,network,5,12,1,1068,633,4999,7,0.812,standard,1
C5203,sub_5203,299,card,card_expired,3,12,4,1475,70,299,2,0.684,new,0
C5204,sub_5204,4999,card,bank_decline,5,5,0,509,133,4999,1,0.75,standard,0
C5205,sub_5205,999,upi,bank_decline,3,7,6,1493,836,999,18,0.5,standard,0
C5206,sub_5206,799,upi,network,3,2,5,627,142,799,9,0.3,standard,0
C5207,sub_5207,999,card,network,4,12,6,847,562,999,18,0.619,standard,0
C5208,sub_5208,4999,card,insufficient_funds,1,13,6,1161,896,4999,14,0.636,new,1
C5209,sub_5209,299,upi,network,4,12,0,111,150,299,5,0.867,standard,0
C5210,sub_5210,999,netbanking,card_expired,5,10,5,1055,40,999,4,0.611,standard,0
C5211,sub_5211,499,card,insufficient_funds,4,11,3,854,735,499,10,0.706,standard,0
C5212,sub_5212,999,card,insufficient_funds,1,11,5,986,855,999,2,0.632,loyal,1
C5213,sub_5213,2499,card,network,4,3,6,1429,464,2499,12,0.333,standard,0
C5214,sub_5214,4999,card,card_expired,1,3,4,732,210,4999,10,0.4,new,0
C5215,sub_5215,499,upi,network,1,7,0,1389,54,499,3,0.8,new,1
C5216,sub_5216,1499,netbanking,card_expired,2,5,6,855,820,1499,11,0.429,standard,0
C5217,sub_5217,799,netbanking,network,2,10,3,331,718,799,18,0.688,standard,0
C5218,sub_5218,999,upi,technical,1,10,3,982,806,999,19,0.688,standard,1
C5219,sub_5219,499,card,card_expired,1,13,4,293,709,499,9,0.7,standard,0
C5220,sub_5220,2499,netbanking,network,4,11,6,1349,390,2499,1,0.6,new,1
C5221,sub_5221,499,card,network,3,0,3,236,434,499,18,0.167,standard,1
C5222,sub_5222,299,card,insufficient_funds,1,4,1,753,344,299,12,0.625,enterprise,1
C5223,sub_5223,2499,upi,network,3,4,5,1231,658,2499,16,0.417,standard,1
C5224,sub_5224,799,card,network,4,8,4,23,91,799,0,0.6,standard,1
C5225,sub_5225,299,upi,bank_decline,4,4,0,740,37,299,6,0.714,standard,0
C5226,sub_5226,1499,netbanking,card_expired,2,13,3,764,865,1499,6,0.737,standard,0
C5227,sub_5227,499,upi,network,1,4,5,513,286,499,15,0.417,loyal,1
C5228,sub_5228,4999,upi,card_expired,5,6,6,1012,32,4999,14,0.467,new,0
C5229,sub_5229,4999,card,network,4,11,1,493,606,4999,16,0.8,standard,1
C5230,sub_5230,999,card,technical,5,5,3,567,359,999,8,0.545,standard,0
C5231,sub_5231,999,upi,network,2,0,5,420,208,999,6,0.125,loyal,1
C5232,sub_5232,999,card,bank_decline,1,4,4,940,391,999,4,0.455,new,0
C5233,sub_5233,1499,netbanking,bank_decline,2,5,2,1325,405,1499,5,0.6,standard,0
C5234,sub_5234,4999,card,network,2,8,1,274,551,4999,3,0.75,new,1
C5235,sub_5235,1499,card,network,4,9,0,620,838,1499,18,0.833,standard,0
C5236,sub_5236,299,card,insufficient_funds,4,7,4,346,793,299,14,0.571,standard,0
C5237,sub_5237,499,upi,bank_decline,1,5,6,373,744,499,14,0.429,standard,0
C5238,sub_5238,1499,upi,insufficient_funds,3,7,4,1457,443,1499,19,0.571,enterprise,0
C5239,sub_5239,799,netbanking,card_expired,2,2,5,1068,502,799,16,0.3,standard,1
C5240,sub_5240,999,card,bank_decline,4,2,4,1417,119,999,7,0.333,new,0
C5241,sub_5241,799,card,bank_decline,2,8,2,956,519,799,6,0.692,enterprise,0
C5242,sub_5242,1499,card,insufficient_funds,3,12,3,1003,604,1499,2,0.722,standard,1
C5243,sub_5243,499,card,insufficient_funds,4,7,1,1075,798,499,15,0.727,standard,0
C5244,sub_5244,299,card,bank_decline,2,0,1,982,42,299,19,0.25,standard,0
C5245,sub_5245,499,card,network,1,13,4,1234,776,499,15,0.7,loyal,1
C5246,sub_5246,1499,card,bank_decline,4,4,4,495,467,1499,10,0.455,standard,0
C5247,sub_5247,1499,card,network,5,10,6,160,80,1499,7,0.579,standard,0
C5248,sub_5248,2499,upi,network,3,12,1,737,896,2499,9,0.812,standard,1
C5249,sub_5249,299,upi,bank_decline,5,13,2,12,419,299,5,0.778,standard,0
C5250,sub_5250,299,card,insufficient_funds,1,1,1,80,370,299,3,0.4,loyal,0
C5251,sub_5251,299,card,network,5,2,6,85,172,299,9,0.273,standard,0
C5252,sub_5252,999,upi,network,5,9,5,125,66,999,5,0.588,standard,0
C5253,sub_5253,1499,upi,insufficient_funds,2,10,2,1063,75,1499,16,0.733,standard,0
C5254,sub_5254,499,upi,bank_decline,1,11,6,900,241,499,19,0.6,new,0
C5255,sub_5255,999,card,network,4,7,4,1402,263,999,4,0.571,loyal,0
C5256,sub_5256,299,card,network,5,2,3,441,417,299,0,0.375,standard,0
C5257,sub_5257,1499,netbanking,insufficient_funds,1,9,2,503,549,1499,19,0.714,standard,0
C5258,sub_5258,999,card,technical,4,9,3,740,892,999,6,0.667,standard,0
C5259,sub_5259,299,card,network,5,6,0,1173,715,299,5,0.778,loyal,1
C5260,sub_5260,299,netbanking,technical,1,8,1,1396,437,299,18,0.75,standard,1
C5261,sub_5261,1499,card,technical,3,2,6,1096,821,1499,18,0.273,new,0
C5262,sub_5262,4999,upi,insufficient_funds,1,11,1,765,502,4999,12,0.8,standard,0
C5263,sub_5263,2499,upi,bank_decline,1,0,1,1467,381,2499,3,0.25,loyal,0
C5264,sub_5264,999,card,card_expired,3,11,6,280,196,999,15,0.6,loyal,0
C5265,sub_5265,999,upi,insufficient_funds,2,11,6,711,380,999,16,0.6,standard,0
C5266,sub_5266,2499,card,insufficient_funds,1,9,5,377,37,2499,9,0.588,standard,0
C5267,sub_5267,2499,upi,bank_decline,5,11,0,257,138,2499,12,0.857,standard,0
C5268,sub_5268,4999,netbanking,bank_decline,2,12,5,600,850,4999,11,0.65,standard,0
C5269,sub_5269,799,netbanking,bank_decline,5,2,1,1150,176,799,14,0.5,standard,0
C5270,sub_5270,999,card,technical,1,7,0,486,510,999,11,0.8,new,1
C5271,sub_5271,299,upi,insufficient_funds,3,9,6,1230,93,299,21,0.556,new,0
C5272,sub_5272,499,netbanking,bank_decline,4,13,1,920,541,499,0,0.824,standard,1
C5273,sub_5273,799,upi,bank_decline,3,10,4,1063,878,799,1,0.647,standard,0
C5274,sub_5274,2499,card,network,3,8,0,372,412,2499,3,0.818,standard,1
C5275,sub_5275,999,card,network,4,7,1,1296,115,999,3,0.727,loyal,1
C5276,sub_5276,1499,upi,insufficient_funds,1,2,6,313,21,1499,10,0.273,standard,1
C5277,sub_5277,4999,card,bank_decline,5,4,4,563,681,4999,1,0.455,loyal,0
C5278,sub_5278,999,card,insufficient_funds,4,6,6,1177,93,999,4,0.467,loyal,0
C5279,sub_5279,799,netbanking,bank_decline,4,12,1,1038,286,799,11,0.812,loyal,0
C5280,sub_5280,2499,netbanking,network,3,12,6,456,759,2499,19,0.619,loyal,0
C5281,sub_5281,799,netbanking,insufficient_funds,2,8,6,403,483,799,17,0.529,loyal,0
C5282,sub_5282,799,card,card_expired,3,1,6,655,785,799,4,0.2,standard,0
C5283,sub_5283,4999,card,network,4,10,0,675,785,4999,1,0.846,standard,1
C5284,sub_5284,999,card,technical,5,6,0,98,595,999,16,0.778,loyal,1
C5285,sub_5285,499,card,network,5,9,3,371,842,499,17,0.667,standard,0
C5286,sub_5286,2499,netbanking,technical,1,6,0,240,33,2499,20,0.778,standard,0
C5287,sub_5287,1499,card,network,1,10,0,240,216,1499,9,0.846,new,1
C5288,sub_5288,2499,card,technical,5,3,5,536,250,2499,1,0.364,standard,0
C5289,sub_5289,799,card,card_expired,2,2,4,63,820,799,20,0.333,new,0
C5290,sub_5290,2499,card,network,3,3,5,1018,559,2499,6,0.364,standard,0
C5291,sub_5291,4999,upi,network,1,12,6,1010,227,4999,8,0.619,standard,1
C5292,sub_5292,499,upi,network,1,1,0,338,188,499,9,0.5,standard,0
C5293,sub_5293,499,card,card_expired,3,4,5,1314,724,499,21,0.417,standard,0
C5294,sub_5294,999,card,bank_decline,4,4,0,894,773,999,7,0.714,loyal,0
C5295,sub_5295,2499,card,insufficient_funds,4,11,2,478,14,2499,12,0.75,loyal,1
C5296,sub_5296,299,card,insufficient_funds,5,5,2,299,329,299,11,0.6,new,0
C5297,sub_5297,999,netbanking,card_expired,1,12,1,649,482,999,21,0.812,new,1
C5298,sub_5298,299,upi,insufficient_funds,2,13,5,1440,212,299,20,0.667,loyal,0
C5299,sub_5299,4999,card,card_expired,3,9,0,15,653,4999,13,0.833,standard,1
C5300,sub_5300,2499,upi,insufficient_funds,3,4,5,39,682,2499,2,0.417,standard,0
C5301,sub_5301,4999,card,bank_decline,1,8,6,625,755,4999,7,0.529,standard,0
C5302,sub_5302,499,card,technical,3,9,4,1379,707,499,14,0.625,loyal,0
C5303,sub_5303,2499,card,insufficient_funds,5,1,0,429,757,2499,17,0.5,standard,0
C5304,sub_5304,799,card,network,1,11,4,1123,329,799,16,0.667,standard,0
C5305,sub_5305,299,card,network,5,6,4,865,269,299,10,0.538,new,0
C5306,sub_5306,999,upi,card_expired,3,11,2,307,285,999,14,0.75,enterprise,0
C5307,sub_5307,999,netbanking,insufficient_funds,3,8,2,1363,767,999,6,0.692,loyal,0
C5308,sub_5308,999,card,technical,4,12,3,253,584,999,13,0.722,standard,0
C5309,sub_5309,2499,upi,card_expired,4,1,6,764,291,2499,10,0.2,enterprise,0
C5310,sub_5310,499,card,insufficient_funds,4,0,0,997,649,499,15,0.333,standard,0
C5311,sub_5311,1499,card,bank_decline,1,1,3,1016,211,1499,19,0.286,loyal,0
C5312,sub_5312,499,card,network,2,12,2,1282,240,499,18,0.765,loyal,0
C5313,sub_5313,4999,card,bank_decline,5,13,3,1061,2,4999,16,0.737,loyal,0
C5314,sub_5314,999,card,network,1,13,0,989,869,999,16,0.875,standard,1
C5315,sub_5315,2499,netbanking,card_expired,4,4,6,237,212,2499,3,0.385,new,0
C5316,sub_5316,499,netbanking,technical,3,3,3,466,677,499,4,0.444,new,1
C5317,sub_5317,799,card,bank_decline,1,4,6,526,107,799,18,0.385,new,0
C5318,sub_5318,4999,upi,bank_decline,1,11,1,562,33,4999,11,0.8,loyal,0
C5319,sub_5319,499,card,insufficient_funds,5,3,4,178,607,499,9,0.4,standard,0
C5320,sub_5320,999,upi,bank_decline,1,7,4,151,89,999,14,0.571,standard,0
C5321,sub_5321,799,card,card_expired,1,9,5,666,131,799,1,0.588,new,0
C5322,sub_5322,799,card,card_expired,1,5,0,1087,297,799,3,0.75,standard,0
C5323,sub_5323,1499,upi,network,4,6,4,1332,527,1499,3,0.538,standard,0
C5324,sub_5324,2499,card,network,5,9,1,1410,17,2499,12,0.769,standard,0
C5325,sub_5325,999,card,card_expired,1,11,2,726,114,999,1,0.75,standard,1
C5326,sub_5326,1499,card,network,4,2,0,1348,304,1499,0,0.6,new,1
C5327,sub_5327,299,card,bank_decline,4,7,0,689,634,299,14,0.8,new,0
C5328,sub_5328,499,card,bank_decline,2,2,5,715,88,499,16,0.3,enterprise,1
C5329,sub_5329,2499,card,technical,1,0,5,321,257,2499,5,0.125,standard,0
C5330,sub_5330,1499,upi,network,3,9,6,945,174,1499,15,0.556,standard,0
C5331,sub_5331,299,card,technical,1,6,4,472,278,299,2,0.538,loyal,1
C5332,sub_5332,4999,card,network,1,3,4,732,232,4999,9,0.4,standard,1
C5333,sub_5333,799,card,insufficient_funds,3,0,0,1405,576,799,8,0.333,standard,0
C5334,sub_5334,799,upi,bank_decline,5,13,5,824,61,799,7,0.667,standard,1
C5335,sub_5335,999,upi,network,5,11,1,461,845,999,19,0.8,new,1
C5336,sub_5336,799,card,network,4,13,0,1008,220,799,1,0.875,standard,1
C5337,sub_5337,999,card,network,2,1,5,1099,892,999,13,0.222,loyal,0
C5338,sub_5338,499,card,insufficient_funds,2,0,4,913,656,499,6,0.143,standard,0
C5339,sub_5339,299,card,bank_decline,4,3,1,72,322,299,10,0.571,standard,0
C5340,sub_5340,4999,card,network,1,1,3,346,272,4999,4,0.286,loyal,1
C5341,sub_5341,2499,card,network,3,6,4,201,851,2499,16,0.538,new,0
C5342,sub_5342,799,upi,card_expired,4,9,3,1434,896,799,1,0.667,standard,0
C5343,sub_5343,2499,card,network,5,2,5,474,551,2499,1,0.3,loyal,0
C5344,sub_5344,2499,upi,bank_decline,1,5,3,716,43,2499,7,0.545,standard,0
C5345,sub_5345,1499,card,technical,2,7,2,1353,815,1499,19,0.667,new,0
C5346,sub_5346,2499,card,bank_decline,2,4,1,1486,429,2499,0,0.625,standard,0
C5347,sub_5347,4999,upi,bank_decline,3,6,1,336,26,4999,3,0.7,loyal,0
C5348,sub_5348,2499,upi,insufficient_funds,1,8,5,1290,721,2499,10,0.562,loyal,1
C5349,sub_5349,499,card,bank_decline,5,13,2,1092,30,499,0,0.778,loyal,0
C5350,sub_5350,2499,upi,network,5,4,5,924,335,2499,11,0.417,new,0
C5351,sub_5351,499,card,network,2,1,2,259,68,499,7,0.333,standard,1
C5352,sub_5352,999,card,card_expired,3,12,3,1039,393,999,14,0.722,standard,0
C5353,sub_5353,299,upi,network,3,8,4,923,724,299,1,0.6,loyal,1
C5354,sub_5354,499,upi,technical,1,6,3,674,117,499,3,0.583,new,1
C5355,sub_5355,2499,card,card_expired,5,10,5,884,125,2499,3,0.611,new,0
C5356,sub_5356,799,netbanking,technical,4,13,6,323,861,799,16,0.636,new,0
C5357,sub_5357,499,upi,insufficient_funds,2,1,6,936,159,499,16,0.2,standard,0
C5358,sub_5358,4999,card,insufficient_funds,3,12,6,238,102,4999,2,0.619,standard,0
C5359,sub_5359,4999,card,bank_decline,2,8,0,436,527,4999,8,0.818,enterprise,1
C5360,sub_5360,499,card,network,2,8,5,747,249,499,15,0.562,new,0
C5361,sub_5361,1499,card,insufficient_funds,2,12,5,251,861,1499,0,0.65,standard,0
C5362,sub_5362,799,upi,card_expired,1,4,2,1371,148,799,2,0.556,standard,0
C5363,sub_5363,2499,card,technical,5,11,2,1330,510,2499,14,0.75,standard,0
C5364,sub_5364,1499,upi,bank_decline,4,7,0,716,828,1499,12,0.8,new,1
C5365,sub_5365,999,card,network,5,13,5,858,659,999,15,0.667,standard,0
C5366,sub_5366,4999,upi,insufficient_funds,1,6,5,444,27,4999,10,0.5,standard,0
C5367,sub_5367,2499,upi,card_expired,4,10,0,325,169,2499,19,0.846,loyal,0
C5368,sub_5368,499,upi,network,3,6,4,1441,113,499,2,0.538,standard,1
C5369,sub_5369,999,upi,insufficient_funds,4,5,3,625,822,999,3,0.545,standard,0
C5370,sub_5370,2499,netbanking,insufficient_funds,5,5,1,1430,182,2499,13,0.667,standard,0
C5371,sub_5371,999,card,network,2,12,3,109,51,999,18,0.722,standard,1
C5372,sub_5372,299,upi,insufficient_funds,1,11,5,168,345,299,0,0.632,standard,0
C5373,sub_5373,2499,netbanking,network,1,3,2,718,255,2499,15,0.5,new,0
C5374,sub_5374,999,card,card_expired,3,12,5,1175,148,999,21,0.65,new,0
C5375,sub_5375,499,card,network,1,8,6,641,408,499,12,0.529,standard,1
C5376,sub_5376,2499,netbanking,bank_decline,1,1,3,1261,810,2499,18,0.286,enterprise,0
C5377,sub_5377,4999,card,network,1,10,0,207,204,4999,5,0.846,enterprise,1
C5378,sub_5378,1499,card,technical,2,2,2,1285,883,1499,17,0.429,loyal,0
C5379,sub_5379,2499,card,network,1,12,0,672,597,2499,10,0.867,standard,1
C5380,sub_5380,499,card,insufficient_funds,3,6,2,434,344,499,6,0.636,standard,0
C5381,sub_5381,2499,card,insufficient_funds,4,12,4,962,611,2499,4,0.684,standard,1
C5382,sub_5382,4999,card,network,2,6,1,1170,314,4999,18,0.7,standard,0
C5383,sub_5383,499,netbanking,insufficient_funds,1,1,3,1393,191,499,15,0.286,standard,0
C5384,sub_5384,4999,card,bank_decline,3,10,6,140,211,4999,17,0.579,enterprise,0
C5385,sub_5385,299,card,technical,1,10,1,1057,8,299,15,0.786,loyal,0
C5386,sub_5386,999,netbanking,insufficient_funds,4,4,6,478,584,999,5,0.385,standard,0
C5387,sub_5387,299,upi,network,2,2,2,758,67,299,4,0.429,standard,1
C5388,sub_5388,999,card,bank_decline,3,12,4,698,179,999,14,0.684,loyal,0
C5389,sub_5389,1499,card,card_expired,2,10,1,1157,1,1499,5,0.786,loyal,1
C5390,sub_5390,4999,upi,network,2,4,1,603,59,4999,14,0.625,standard,1
C5391,sub_5391,499,upi,bank_decline,1,9,6,427,814,499,19,0.556,standard,0
C5392,sub_5392,4999,card,insufficient_funds,3,3,4,736,22,4999,16,0.4,standard,0
C5393,sub_5393,4999,card,card_expired,1,2,3,1006,559,4999,10,0.375,standard,0
C5394,sub_5394,299,upi,insufficient_funds,4,9,3,1271,295,299,19,0.667,standard,0
C5395,sub_5395,4999,upi,insufficient_funds,2,11,1,17,125,4999,12,0.8,new,0
C5396,sub_5396,4999,card,network,3,12,6,857,270,4999,10,0.619,standard,0
C5397,sub_5397,299,upi,bank_decline,3,6,2,118,84,299,21,0.636,standard,0
C5398,sub_5398,299,upi,network,4,2,0,933,282,299,7,0.6,loyal,1
C5399,sub_5399,2499,upi,bank_decline,4,7,6,940,736,2499,4,0.5,standard,0
C5400,sub_5400,799,upi,bank_decline,3,9,0,1283,558,799,3,0.833,standard,1
C5401,sub_5401,499,upi,bank_decline,5,13,6,296,730,499,13,0.636,standard,0
C5402,sub_5402,799,card,network,2,1,1,1193,627,799,11,0.4,loyal,1
C5403,sub_5403,799,card,network,4,9,0,1036,834,799,17,0.833,standard,0
C5404,sub_5404,4999,upi,insufficient_funds,2,7,1,1001,98,4999,3,0.727,standard,0
C5405,sub_5405,499,card,card_expired,4,8,4,958,144,499,7,0.6,new,0
C5406,sub_5406,299,card,technical,3,1,3,828,370,299,2,0.286,new,0
C5407,sub_5407,2499,card,insufficient_funds,5,0,1,104,470,2499,6,0.25,loyal,0
C5408,sub_5408,2499,upi,bank_decline,2,8,2,1221,705,2499,21,0.692,standard,0
C5409,sub_5409,4999,upi,network,3,2,1,594,110,4999,19,0.5,standard,0
C5410,sub_5410,4999,card,insufficient_funds,1,8,4,165,100,4999,10,0.6,new,0
C5411,sub_5411,299,card,network,4,0,6,923,716,299,2,0.111,standard,0
C5412,sub_5412,2499,card,bank_decline,1,11,1,1421,494,2499,21,0.8,loyal,0
C5413,sub_5413,499,netbanking,network,3,4,6,1073,371,499,3,0.385,standard,0
C5414,sub_5414,799,upi,network,1,6,2,376,200,799,2,0.636,loyal,1
C5415,sub_5415,999,card,bank_decline,2,4,0,1225,626,999,9,0.714,standard,0
C5416,sub_5416,4999,card,insufficient_funds,3,5,2,1271,722,4999,20,0.6,standard,0
C5417,sub_5417,999,upi,network,2,7,6,502,28,999,17,0.5,enterprise,0
C5418,sub_5418,499,card,network,2,9,5,789,49,499,7,0.588,standard,0
C5419,sub_5419,299,netbanking,insufficient_funds,1,9,5,1256,700,299,10,0.588,loyal,1
C5420,sub_5420,1499,card,insufficient_funds,4,13,2,244,795,1499,1,0.778,standard,0
C5421,sub_5421,2499,card,network,4,2,5,537,207,2499,5,0.3,new,0
C5422,sub_5422,1499,card,card_expired,3,12,4,689,635,1499,14,0.684,enterprise,0
C5423,sub_5423,4999,card,network,1,8,5,20,758,4999,9,0.562,standard,0
C5424,sub_5424,299,card,card_expired,1,4,3,258,102,299,21,0.5,standard,0
C5425,sub_5425,799,upi,insufficient_funds,4,12,3,918,168,799,9,0.722,standard,0
C5426,sub_5426,1499,card,network,5,9,6,402,118,1499,18,0.556,standard,0
C5427,sub_5427,4999,card,network,5,2,6,370,711,4999,15,0.273,standard,0
C5428,sub_5428,799,upi,network,3,2,3,451,694,799,11,0.375,standard,0
C5429,sub_5429,1499,upi,network,3,9,1,195,121,1499,19,0.769,enterprise,0
C5430,sub_5430,499,card,insufficient_funds,1,10,2,958,157,499,19,0.733,new,1
C5431,sub_5431,1499,card,technical,1,0,3,394,597,1499,7,0.167,standard,0
C5432,sub_5432,2499,card,bank_decline,4,8,4,980,807,2499,6,0.6,new,0
C5433,sub_5433,2499,card,insufficient_funds,3,7,2,1243,701,2499,15,0.667,standard,0
C5434,sub_5434,999,upi,card_expired,3,13,0,723,151,999,0,0.875,standard,1
C5435,sub_5435,999,card,card_expired,2,10,5,1371,348,999,15,0.611,standard,0
C5436,sub_5436,4999,card,bank_decline,2,12,6,302,60,4999,9,0.619,standard,0
C5437,sub_5437,999,upi,network,5,0,0,1442,220,999,16,0.333,loyal,1
C5438,sub_5438,799,card,insufficient_funds,5,10,2,489,507,799,2,0.733,enterprise,0
C5439,sub_5439,499,card,insufficient_funds,4,4,3,461,310,499,12,0.5,loyal,0
C5440,sub_5440,1499,card,network,2,7,5,1469,546,1499,11,0.533,standard,0
C5441,sub_5441,1499,netbanking,insufficient_funds,4,12,5,689,267,1499,0,0.65,loyal,0
C5442,sub_5442,999,upi,bank_decline,2,12,2,1123,507,999,11,0.765,new,0
C5443,sub_5443,499,card,technical,3,3,2,1205,570,499,14,0.5,new,0
C5444,sub_5444,499,upi,network,1,3,2,677,175,499,8,0.5,standard,1
C5445,sub_5445,499,card,insufficient_funds,4,10,1,483,41,499,13,0.786,standard,0
C5446,sub_5446,299,card,insufficient_funds,1,12,3,742,304,299,7,0.722,standard,1
C5447,sub_5447,999,card,insufficient_funds,4,8,1,583,38,999,13,0.75,standard,0
C5448,sub_5448,799,card,card_expired,4,0,0,630,144,799,5,0.333,standard,0
C5449,sub_5449,799,card,network,1,2,4,363,259,799,6,0.333,enterprise,1
C5450,sub_5450,4999,netbanking,bank_decline,3,10,5,1373,305,4999,1,0.611,new,0
C5451,sub_5451,499,card,technical,2,10,2,862,249,499,2,0.733,standard,0
C5452,sub_5452,2499,upi,card_expired,3,12,2,1196,49,2499,2,0.765,new,0
C5453,sub_5453,499,upi,card_expired,1,7,2,992,160,499,4,0.667,new,0
C5454,sub_5454,1499,card,insufficient_funds,4,5,0,535,794,1499,15,0.75,enterprise,0
C5455,sub_5455,4999,card,insufficient_funds,3,1,3,484,645,4999,4,0.286,new,0
C5456,sub_5456,2499,card,network,2,10,3,1473,400,2499,7,0.688,standard,1
C5457,sub_5457,1499,card,card_expired,5,13,6,46,22,1499,3,0.636,standard,0
C5458,sub_5458,499,card,network,4,0,2,449,322,499,9,0.2,standard,0
C5459,sub_5459,799,netbanking,bank_decline,4,6,5,1106,831,799,5,0.5,standard,0
C5460,sub_5460,799,netbanking,insufficient_funds,1,4,2,823,728,799,7,0.556,enterprise,0
C5461,sub_5461,2499,card,insufficient_funds,3,10,1,928,681,2499,1,0.786,loyal,1
C5462,sub_5462,799,card,insufficient_funds,4,10,2,42,224,799,11,0.733,standard,0
C5463,sub_5463,2499,card,technical,5,3,6,336,363,2499,5,0.333,standard,0
C5464,sub_5464,4999,netbanking,network,4,13,1,903,26,4999,14,0.824,loyal,1
C5465,sub_5465,299,card,network,1,1,5,478,773,299,21,0.222,standard,0
C5466,sub_5466,4999,card,network,4,10,4,710,102,4999,10,0.647,loyal,1
C5467,sub_5467,999,upi,card_expired,1,10,5,1436,556,999,11,0.611,standard,0
C5468,sub_5468,1499,card,technical,2,2,5,960,254,1499,18,0.3,loyal,0
C5469,sub_5469,799,card,network,5,9,3,949,513,799,7,0.667,new,0
C5470,sub_5470,799,upi,technical,5,3,4,302,744,799,3,0.4,loyal,0
C5471,sub_5471,999,card,network,5,3,0,897,282,999,15,0.667,loyal,0
C5472,sub_5472,499,card,card_expired,2,1,4,1440,16,499,14,0.25,standard,0
C5473,sub_5473,2499,card,network,4,10,4,963,597,2499,10,0.647,new,1
C5474,sub_5474,1499,card,insufficient_funds,4,11,0,1179,479,1499,8,0.857,new,1
C5475,sub_5475,299,netbanking,card_expired,2,7,3,1432,126,299,0,0.615,loyal,0
C5476,sub_5476,499,card,insufficient_funds,5,10,3,1352,44,499,12,0.688,standard,0
C5477,sub_5477,999,upi,network,5,4,2,516,472,999,12,0.556,enterprise,0
C5478,sub_5478,2499,card,bank_decline,1,7,0,450,552,2499,11,0.8,standard,0
C5479,sub_5479,799,upi,technical,4,11,0,428,105,799,6,0.857,standard,1
C5480,sub_5480,4999,netbanking,insufficient_funds,3,6,1,1157,539,4999,3,0.7,loyal,0
C5481,sub_5481,999,card,card_expired,4,8,1,571,401,999,12,0.75,loyal,0
C5482,sub_5482,999,netbanking,bank_decline,3,2,1,1235,124,999,13,0.5,standard,0
C5483,sub_5483,299,upi,network,2,7,4,1203,555,299,3,0.571,loyal,1
C5484,sub_5484,1499,upi,bank_decline,1,11,2,1002,581,1499,2,0.75,standard,1
C5485,sub_5485,2499,card,insufficient_funds,3,10,0,190,140,2499,10,0.846,standard,1
C5486,sub_5486,499,upi,bank_decline,5,4,0,1070,606,499,1,0.714,new,0
C5487,sub_5487,999,card,network,5,7,4,318,200,999,4,0.571,standard,1
C5488,sub_5488,299,netbanking,insufficient_funds,2,8,6,833,537,299,14,0.529,standard,0
C5489,sub_5489,499,netbanking,insufficient_funds,5,13,5,350,732,499,6,0.667,standard,0
C5490,sub_5490,299,card,insufficient_funds,2,11,5,102,843,299,10,0.632,loyal,0
C5491,sub_5491,2499,netbanking,bank_decline,3,11,2,958,230,2499,15,0.75,standard,0
C5492,sub_5492,4999,netbanking,technical,2,10,4,682,305,4999,3,0.647,standard,1
C5493,sub_5493,299,card,network,3,5,0,965,86,299,5,0.75,standard,0
C5494,sub_5494,1499,card,network,3,5,1,740,872,1499,6,0.667,standard,1
C5495,sub_5495,1499,card,insufficient_funds,4,6,0,564,298,1499,9,0.778,standard,0
C5496,sub_5496,1499,card,insufficient_funds,3,5,1,33,722,1499,12,0.667,enterprise,1
C5497,sub_5497,999,card,insufficient_funds,3,13,2,421,841,999,1,0.778,enterprise,0
C5498,sub_5498,4999,netbanking,bank_decline,4,12,0,1322,428,4999,10,0.867,standard,0
C5499,sub_5499,299,card,bank_decline,3,12,5,1134,624,299,15,0.65,standard,0
C5500,sub_5500,499,upi,network,3,8,5,701,425,499,18,0.562,new,0
C5501,sub_5501,499,upi,insufficient_funds,1,2,4,57,518,499,11,0.333,standard,0
C5502,sub_5502,2499,upi,card_expired,5,2,1,1477,225,2499,13,0.5,standard,0
C5503,sub_5503,299,card,insufficient_funds,1,3,6,1110,756,299,17,0.333,loyal,0
C5504,sub_5504,299,card,network,5,9,0,42,111,299,15,0.833,standard,0
C5505,sub_5505,2499,upi,insufficient_funds,4,5,6,323,594,2499,11,0.429,new,0
C5506,sub_5506,799,card,insufficient_funds,5,9,5,263,828,799,12,0.588,enterprise,0
C5507,sub_5507,1499,card,network,1,12,1,1355,730,1499,21,0.812,standard,1
C5508,sub_5508,799,upi,bank_decline,2,4,1,1432,683,799,16,0.625,new,0
C5509,sub_5509,299,card,insufficient_funds,1,12,4,626,591,299,5,0.684,loyal,1
C5510,sub_5510,1499,card,card_expired,3,7,5,275,851,1499,9,0.533,standard,0
C5511,sub_5511,299,card,insufficient_funds,5,11,3,967,777,299,16,0.706,standard,0
C5512,sub_5512,999,card,bank_decline,4,0,0,416,248,999,11,0.333,new,0
C5513,sub_5513,4999,upi,network,4,3,3,190,561,4999,9,0.444,standard,0
C5514,sub_5514,499,card,network,5,13,3,395,386,499,13,0.737,new,0
C5515,sub_5515,499,netbanking,insufficient_funds,1,12,2,388,239,499,8,0.765,loyal,0
C5516,sub_5516,4999,netbanking,insufficient_funds,4,7,6,89,736,4999,14,0.5,standard,0
C5517,sub_5517,799,card,insufficient_funds,2,0,2,1053,37,799,16,0.2,standard,0
C5518,sub_5518,799,card,bank_decline,4,0,1,534,116,799,19,0.25,enterprise,0
C5519,sub_5519,1499,card,network,4,5,4,830,95,1499,21,0.5,enterprise,0
C5520,sub_5520,299,netbanking,network,4,12,4,830,182,299,15,0.684,loyal,0
C5521,sub_5521,299,upi,insufficient_funds,3,5,4,1158,461,299,16,0.5,loyal,0
C5522,sub_5522,2499,card,bank_decline,4,12,3,1145,848,2499,16,0.722,enterprise,0
C5523,sub_5523,4999,card,bank_decline,3,7,2,849,874,4999,7,0.667,loyal,0
C5524,sub_5524,4999,card,bank_decline,4,1,1,1258,810,4999,20,0.4,standard,0
C5525,sub_5525,299,card,card_expired,3,7,0,858,683,299,11,0.8,new,0
C5526,sub_5526,999,card,bank_decline,2,5,1,49,414,999,19,0.667,standard,0
C5527,sub_5527,2499,card,card_expired,2,3,4,1288,698,2499,4,0.4,standard,0
C5528,sub_5528,2499,upi,network,2,9,2,1156,242,2499,6,0.714,standard,1
C5529,sub_5529,799,card,card_expired,4,2,5,642,597,799,13,0.3,standard,0
C5530,sub_5530,999,card,bank_decline,5,12,5,585,8,999,12,0.65,new,0
C5531,sub_5531,499,upi,insufficient_funds,1,11,3,1343,813,499,8,0.706,standard,1
C5532,sub_5532,299,netbanking,card_expired,1,10,0,644,874,299,4,0.846,standard,1
C5533,sub_5533,799,card,insufficient_funds,3,1,0,564,662,799,5,0.5,standard,0
C5534,sub_5534,499,netbanking,insufficient_funds,4,13,1,1101,158,499,15,0.824,standard,0
C5535,sub_5535,4999,card,network,1,6,1,499,233,4999,0,0.7,standard,1
C5536,sub_5536,299,upi,card_expired,2,10,0,611,666,299,2,0.846,standard,0
C5537,sub_5537,999,card,bank_decline,1,2,5,1171,450,999,20,0.3,standard,0
C5538,sub_5538,999,upi,network,1,10,2,342,493,999,21,0.733,standard,0
C5539,sub_5539,299,card,insufficient_funds,1,4,5,27,364,299,1,0.417,loyal,1
C5540,sub_5540,999,netbanking,network,4,9,1,511,752,999,3,0.769,new,1
C5541,sub_5541,4999,netbanking,network,5,3,0,266,149,4999,7,0.667,loyal,0
C5542,sub_5542,299,card,technical,3,13,0,549,398,299,12,0.875,loyal,1
C5543,sub_5543,499,card,insufficient_funds,1,9,3,116,200,499,4,0.667,enterprise,1
C5544,sub_5544,499,card,insufficient_funds,5,6,3,888,622,499,21,0.583,loyal,0
C5545,sub_5545,299,card,network,2,6,3,773,257,299,10,0.583,standard,1
C5546,sub_5546,4999,upi,technical,1,0,6,415,270,4999,11,0.111,new,0
C5547,sub_5547,299,upi,network,1,4,4,945,157,299,4,0.455,new,1
C5548,sub_5548,499,card,bank_decline,2,11,5,225,777,499,6,0.632,new,0
C5549,sub_5549,2499,card,insufficient_funds,4,11,0,25,196,2499,16,0.857,standard,0
C5550,sub_5550,4999,netbanking,network,2,13,3,720,781,4999,13,0.737,enterprise,1
C5551,sub_5551,499,card,card_expired,3,1,4,250,824,499,4,0.25,new,0
C5552,sub_5552,799,upi,network,2,3,4,1285,867,799,9,0.4,standard,0
C5553,sub_5553,499,card,card_expired,5,10,6,460,309,499,4,0.579,enterprise,0
C5554,sub_5554,499,card,network,4,5,3,648,589,499,8,0.545,new,0
C5555,sub_5555,4999,card,bank_decline,4,3,2,448,744,4999,4,0.5,new,0
C5556,sub_5556,799,card,bank_decline,3,3,6,656,71,799,21,0.333,standard,0
C5557,sub_5557,1499,upi,bank_decline,3,12,2,154,58,1499,6,0.765,standard,1
C5558,sub_5558,499,card,network,5,12,3,1401,187,499,10,0.722,standard,0
C5559,sub_5559,499,upi,bank_decline,4,0,0,267,883,499,14,0.333,standard,0
C5560,sub_5560,799,upi,technical,5,11,1,599,81,799,0,0.8,standard,0
C5561,sub_5561,1499,card,network,1,7,0,1272,688,1499,4,0.8,new,0
C5562,sub_5562,4999,card,network,5,11,2,645,755,4999,21,0.75,standard,1
C5563,sub_5563,499,upi,bank_decline,5,8,6,1053,816,499,15,0.529,standard,0
C5564,sub_5564,1499,upi,network,4,9,0,111,476,1499,5,0.833,standard,1
C5565,sub_5565,999,card,card_expired,5,8,6,451,473,999,9,0.529,new,0
C5566,sub_5566,2499,card,bank_decline,3,10,6,1142,668,2499,18,0.579,loyal,0
C5567,sub_5567,799,upi,network,2,11,0,402,571,799,4,0.857,standard,1
C5568,sub_5568,799,card,card_expired,4,7,0,626,708,799,6,0.8,standard,1
C5569,sub_5569,1499,upi,card_expired,4,1,6,129,325,1499,5,0.2,standard,0
C5570,sub_5570,999,card,insufficient_funds,1,1,4,761,840,999,14,0.25,standard,0
C5571,sub_5571,2499,upi,bank_decline,2,5,1,529,389,2499,11,0.667,loyal,0
C5572,sub_5572,299,card,network,2,6,6,1291,224,299,11,0.467,enterprise,0
C5573,sub_5573,799,upi,insufficient_funds,3,12,3,603,675,799,8,0.722,new,0
C5574,sub_5574,499,card,bank_decline,1,0,4,1242,559,499,7,0.143,standard,0
C5575,sub_5575,499,card,network,4,12,4,1357,45,499,11,0.684,standard,1
C5576,sub_5576,299,card,bank_decline,1,0,1,1260,150,299,17,0.25,loyal,1
C5577,sub_5577,799,upi,network,5,6,2,1117,33,799,17,0.636,new,0
C5578,sub_5578,499,card,insufficient_funds,4,5,0,880,518,499,17,0.75,standard,0
C5579,sub_5579,2499,card,network,2,7,3,723,787,2499,1,0.615,loyal,1
C5580,sub_5580,999,upi,card_expired,2,0,6,131,291,999,10,0.111,standard,0
C5581,sub_5581,2499,card,bank_decline,4,10,4,210,99,2499,8,0.647,loyal,1
C5582,sub_5582,4999,card,bank_decline,1,1,4,576,766,4999,20,0.25,new,0
C5583,sub_5583,2499,upi,technical,4,10,1,987,649,2499,9,0.786,loyal,0
C5584,sub_5584,799,upi,card_expired,3,7,3,17,491,799,5,0.615,loyal,0
C5585,sub_5585,4999,upi,bank_decline,2,12,6,1404,180,4999,5,0.619,standard,0
C5586,sub_5586,799,card,insufficient_funds,5,13,0,1489,605,799,4,0.875,new,1
C5587,sub_5587,2499,card,technical,4,11,1,126,330,2499,9,0.8,standard,0
C5588,sub_5588,499,upi,card_expired,1,6,5,153,221,499,5,0.5,standard,0
C5589,sub_5589,4999,card,technical,4,5,0,1274,264,4999,12,0.75,new,1
C5590,sub_5590,799,upi,network,3,9,1,307,56,799,5,0.769,enterprise,1
C5591,sub_5591,1499,card,insufficient_funds,4,9,6,278,441,1499,12,0.556,loyal,0
C5592,sub_5592,799,netbanking,bank_decline,3,11,0,288,678,799,13,0.857,enterprise,0
C5593,sub_5593,499,upi,network,5,6,3,1054,744,499,14,0.583,standard,0
C5594,sub_5594,799,card,network,5,6,2,207,651,799,19,0.636,standard,0
C5595,sub_5595,1499,card,technical,1,1,2,283,788,1499,1,0.333,standard,1
C5596,sub_5596,299,card,insufficient_funds,3,2,1,602,867,299,1,0.5,standard,0
C5597,sub_5597,499,card,network,2,11,1,904,200,499,10,0.8,new,1
C5598,sub_5598,4999,upi,insufficient_funds,3,13,5,1485,390,4999,11,0.667,new,0
C5599,sub_5599,299,card,insufficient_funds,1,8,0,364,304,299,16,0.818,standard,0
C5600,sub_5600,2499,card,card_expired,3,4,0,389,616,2499,4,0.714,new,0
C5601,sub_5601,799,card,technical,1,0,1,817,753,799,10,0.25,new,1
C5602,sub_5602,799,upi,technical,4,0,5,632,801,799,13,0.125,standard,0
C5603,sub_5603,799,card,card_expired,3,9,2,904,81,799,14,0.714,loyal,0
C5604,sub_5604,799,card,card_expired,5,8,0,377,463,799,11,0.818,loyal,0
C5605,sub_5605,1499,netbanking,insufficient_funds,5,3,3,931,106,1499,12,0.444,standard,0
C5606,sub_5606,2499,card,bank_decline,4,2,4,1388,297,2499,3,0.333,standard,0
C5607,sub_5607,799,card,network,3,0,3,1027,432,799,10,0.167,standard,0
C5608,sub_5608,499,netbanking,network,4,9,0,1105,558,499,11,0.833,standard,0
C5609,sub_5609,299,card,technical,4,8,6,112,711,299,1,0.529,standard,0
C5610,sub_5610,2499,netbanking,bank_decline,1,4,6,1354,895,2499,21,0.385,new,0
C5611,sub_5611,4999,upi,insufficient_funds,2,10,6,1058,303,4999,13,0.579,loyal,0
C5612,sub_5612,299,upi,card_expired,5,11,6,944,503,299,15,0.6,new,0
C5613,sub_5613,1499,card,insufficient_funds,2,7,2,240,63,1499,11,0.667,standard,0
C5614,sub_5614,499,card,insufficient_funds,1,3,2,835,101,499,20,0.5,standard,0
C5615,sub_5615,499,card,insufficient_funds,5,0,6,1018,871,499,0,0.111,loyal,0
C5616,sub_5616,2499,card,network,5,11,3,939,844,2499,21,0.706,standard,0
C5617,sub_5617,499,card,insufficient_funds,4,8,6,194,845,499,4,0.529,enterprise,0
C5618,sub_5618,799,card,insufficient_funds,4,4,4,71,236,799,19,0.455,loyal,0
C5619,sub_5619,299,upi,insufficient_funds,2,0,6,724,587,299,1,0.111,loyal,0
C5620,sub_5620,4999,card,network,2,11,0,1078,206,4999,6,0.857,new,1
C5621,sub_5621,4999,upi,technical,5,12,4,586,614,4999,12,0.684,standard,0
C5622,sub_5622,4999,netbanking,card_expired,5,6,5,1034,436,4999,14,0.5,loyal,0
C5623,sub_5623,499,upi,technical,3,3,1,1451,840,499,0,0.571,enterprise,0
C5624,sub_5624,499,upi,network,2,8,5,1335,336,499,7,0.562,loyal,0
C5625,sub_5625,4999,upi,card_expired,1,12,1,949,579,4999,18,0.812,enterprise,1
C5626,sub_5626,1499,card,bank_decline,1,8,6,1095,593,1499,4,0.529,standard,0
C5627,sub_5627,499,card,insufficient_funds,3,0,6,141,709,499,20,0.111,standard,0
C5628,sub_5628,299,netbanking,network,3,2,0,136,47,299,15,0.6,standard,1
C5629,sub_5629,2499,upi,network,4,1,3,1054,417,2499,21,0.286,standard,0
C5630,sub_5630,2499,upi,network,5,5,2,1203,407,2499,19,0.6,new,0
C5631,sub_5631,299,netbanking,insufficient_funds,2,6,6,299,205,299,4,0.467,standard,0
C5632,sub_5632,999,card,insufficient_funds,1,7,2,892,724,999,20,0.667,new,0
C5633,sub_5633,999,card,network,5,10,5,436,749,999,10,0.611,new,0
C5634,sub_5634,999,upi,card_expired,4,1,0,171,74,999,5,0.5,standard,0
C5635,sub_5635,799,card,network,3,13,1,573,616,799,19,0.824,standard,1
C5636,sub_5636,799,card,insufficient_funds,1,3,6,677,775,799,10,0.333,standard,0
C5637,sub_5637,799,upi,card_expired,3,7,2,1166,261,799,15,0.667,standard,1
C5638,sub_5638,4999,card,network,4,2,5,1298,569,4999,13,0.3,loyal,0
C5639,sub_5639,4999,card,network,5,4,6,1416,561,4999,6,0.385,standard,0
C5640,sub_5640,299,upi,network,3,11,6,165,17,299,21,0.6,standard,0
C5641,sub_5641,2499,card,network,3,0,0,1387,735,2499,18,0.333,standard,0
C5642,sub_5642,1499,netbanking,insufficient_funds,2,6,1,781,675,1499,11,0.7,new,1
C5643,sub_5643,499,card,network,3,8,5,264,244,499,12,0.562,standard,0
C5644,sub_5644,499,upi,network,1,7,6,974,283,499,1,0.5,loyal,1
C5645,sub_5645,2499,card,technical,1,5,6,100,691,2499,16,0.429,standard,0
C5646,sub_5646,799,card,technical,4,5,5,697,721,799,20,0.462,loyal,1
C5647,sub_5647,299,card,network,2,12,0,1244,66,299,21,0.867,standard,1
C5648,sub_5648,4999,card,insufficient_funds,5,3,5,1457,323,4999,12,0.364,standard,0
C5649,sub_5649,4999,card,insufficient_funds,2,6,1,439,562,4999,21,0.7,loyal,0
C5650,sub_5650,799,upi,bank_decline,5,5,5,270,115,799,17,0.462,loyal,0
C5651,sub_5651,799,upi,bank_decline,1,10,3,878,899,799,11,0.688,standard,0
C5652,sub_5652,799,card,network,1,11,1,244,188,799,17,0.8,standard,0
C5653,sub_5653,499,upi,network,3,11,5,1468,779,499,3,0.632,new,1
C5654,sub_5654,299,upi,insufficient_funds,5,1,6,498,58,299,14,0.2,standard,0
C5655,sub_5655,499,upi,bank_decline,1,1,3,287,788,499,13,0.286,standard,0
C5656,sub_5656,799,card,technical,3,5,5,364,37,799,10,0.462,new,0
C5657,sub_5657,499,card,network,2,6,0,568,612,499,14,0.778,new,1
C5658,sub_5658,299,netbanking,card_expired,4,0,1,1115,324,299,18,0.25,enterprise,0
C5659,sub_5659,4999,card,network,3,12,0,1302,415,4999,12,0.867,new,0
C5660,sub_5660,4999,card,card_expired,4,12,1,1107,98,4999,8,0.812,loyal,0
C5661,sub_5661,799,upi,technical,2,5,2,978,609,799,9,0.6,standard,0
C5662,sub_5662,1499,card,insufficient_funds,2,10,3,412,560,1499,12,0.688,standard,0
C5663,sub_5663,299,upi,network,4,7,2,1406,289,299,12,0.667,standard,1
C5664,sub_5664,4999,card,card_expired,2,9,3,1499,425,4999,6,0.667,standard,0
C5665,sub_5665,2499,upi,insufficient_funds,4,12,1,951,497,2499,11,0.812,standard,0
C5666,sub_5666,499,netbanking,bank_decline,1,1,2,1176,619,499,6,0.333,standard,0
C5667,sub_5667,499,netbanking,insufficient_funds,2,3,5,462,486,499,20,0.364,standard,0
C5668,sub_5668,799,netbanking,bank_decline,1,5,3,676,54,799,11,0.545,loyal,0
C5669,sub_5669,299,netbanking,network,1,12,0,1209,489,299,18,0.867,standard,1
C5670,sub_5670,799,card,network,2,8,2,642,314,799,8,0.692,standard,0
C5671,sub_5671,1499,netbanking,insufficient_funds,3,5,5,1141,371,1499,8,0.462,standard,0
C5672,sub_5672,2499,netbanking,network,1,0,1,1291,334,2499,6,0.25,standard,0
C5673,sub_5673,299,card,insufficient_funds,1,8,6,1401,318,299,12,0.529,standard,0
C5674,sub_5674,799,card,card_expired,5,3,2,444,213,799,13,0.5,standard,0
C5675,sub_5675,2499,card,network,3,4,4,719,297,2499,12,0.455,loyal,0
C5676,sub_5676,4999,card,network,4,13,3,584,641,4999,18,0.737,enterprise,0
C5677,sub_5677,999,upi,network,4,7,4,759,203,999,11,0.571,new,0
C5678,sub_5678,2499,card,network,1,1,5,1116,683,2499,18,0.222,new,0
C5679,sub_5679,499,card,bank_decline,4,0,1,492,395,499,1,0.25,enterprise,0
C5680,sub_5680,4999,card,technical,5,5,2,357,549,4999,7,0.6,standard,0
C5681,sub_5681,999,card,network,3,0,3,410,106,999,15,0.167,standard,0
C5682,sub_5682,1499,netbanking,bank_decline,5,6,1,1151,187,1499,8,0.7,standard,0
C5683,sub_5683,499,card,bank_decline,5,5,2,1494,811,499,16,0.6,standard,0
C5684,sub_5684,499,card,technical,3,12,6,163,748,499,13,0.619,standard,0
C5685,sub_5685,999,card,insufficient_funds,1,4,1,1466,63,999,10,0.625,loyal,1
C5686,sub_5686,999,upi,insufficient_funds,4,3,1,57,813,999,12,0.571,standard,0
C5687,sub_5687,1499,upi,insufficient_funds,5,8,4,799,753,1499,19,0.6,standard,0
C5688,sub_5688,2499,card,bank_decline,3,8,0,209,124,2499,14,0.818,standard,0
C5689,sub_5689,2499,card,bank_decline,5,0,0,1433,217,2499,21,0.333,standard,0
C5690,sub_5690,799,card,insufficient_funds,3,1,6,1145,160,799,2,0.2,loyal,0
C5691,sub_5691,999,card,network,3,2,1,540,768,999,17,0.5,loyal,1
C5692,sub_5692,299,upi,bank_decline,5,10,0,1032,768,299,19,0.846,loyal,0
C5693,sub_5693,2499,card,bank_decline,1,2,4,1276,648,2499,20,0.333,new,0
C5694,sub_5694,299,card,insufficient_funds,3,13,3,334,225,299,11,0.737,loyal,1
C5695,sub_5695,299,card,card_expired,1,6,3,955,828,299,10,0.583,new,0
C5696,sub_5696,999,card,insufficient_funds,4,13,3,456,762,999,12,0.737,standard,0
C5697,sub_5697,4999,card,insufficient_funds,5,3,1,1078,783,4999,20,0.571,standard,0
C5698,sub_5698,799,card,insufficient_funds,5,5,6,855,324,799,19,0.429,standard,0
C5699,sub_5699,499,card,bank_decline,2,1,0,1080,631,499,20,0.5,standard,0
C5700,sub_5700,499,card,technical,4,11,3,958,608,499,21,0.706,loyal,0
C5701,sub_5701,2499,card,insufficient_funds,5,8,1,957,137,2499,13,0.75,loyal,0
C5702,sub_5702,1499,netbanking,insufficient_funds,5,1,4,136,524,1499,5,0.25,new,0
C5703,sub_5703,999,card,insufficient_funds,3,10,3,1279,494,999,3,0.688,new,0
C5704,sub_5704,4999,card,network,1,12,2,265,526,4999,19,0.765,standard,1
C5705,sub_5705,299,card,insufficient_funds,3,9,3,594,306,299,3,0.667,standard,0
C5706,sub_5706,1499,upi,network,4,11,1,771,602,1499,1,0.8,new,0
C5707,sub_5707,799,netbanking,insufficient_funds,4,3,0,1275,797,799,10,0.667,standard,0
C5708,sub_5708,499,upi,network,2,6,6,947,544,499,16,0.467,new,0
C5709,sub_5709,4999,card,insufficient_funds,2,11,4,283,785,4999,16,0.667,standard,0
C5710,sub_5710,4999,upi,bank_decline,4,8,4,436,694,4999,5,0.6,enterprise,1
C5711,sub_5711,2499,card,network,3,8,6,307,283,2499,11,0.529,loyal,1
C5712,sub_5712,499,upi,card_expired,3,10,6,890,662,499,19,0.579,standard,0
C5713,sub_5713,2499,upi,technical,5,8,4,1078,604,2499,17,0.6,new,0
C5714,sub_5714,799,card,card_expired,1,1,5,1066,849,799,20,0.222,standard,0
C5715,sub_5715,799,card,network,2,2,3,1127,305,799,16,0.375,standard,0
C5716,sub_5716,499,card,insufficient_funds,5,10,1,1055,148,499,2,0.786,loyal,1
C5717,sub_5717,1499,card,card_expired,5,3,4,1354,610,1499,4,0.4,standard,0
C5718,sub_5718,4999,upi,insufficient_funds,2,9,6,1360,569,4999,3,0.556,standard,0
C5719,sub_5719,499,card,network,5,6,6,419,552,499,2,0.467,standard,0
C5720,sub_5720,999,upi,insufficient_funds,2,8,3,463,666,999,18,0.643,loyal,0
C5721,sub_5721,1499,netbanking,insufficient_funds,1,3,6,93,460,1499,15,0.333,loyal,0
C5722,sub_5722,1499,card,network,2,4,1,408,28,1499,20,0.625,standard,1
C5723,sub_5723,499,card,card_expired,3,9,0,766,790,499,7,0.833,enterprise,0
C5724,sub_5724,299,card,network,1,2,2,991,250,299,21,0.429,new,1
C5725,sub_5725,2499,upi,insufficient_funds,1,4,1,1314,222,2499,20,0.625,new,0
C5726,sub_5726,1499,card,bank_decline,4,13,6,894,732,1499,2,0.636,loyal,0
C5727,sub_5727,1499,card,network,4,2,0,1457,717,1499,19,0.6,standard,0
C5728,sub_5728,999,card,card_expired,4,8,3,834,455,999,2,0.643,new,0
C5729,sub_5729,799,netbanking,insufficient_funds,5,2,5,1288,620,799,9,0.3,new,0
C5730,sub_5730,499,card,insufficient_funds,2,9,0,1214,73,499,3,0.833,new,0
C5731,sub_5731,1499,card,technical,5,1,0,740,253,1499,12,0.5,new,0
C5732,sub_5732,2499,netbanking,insufficient_funds,2,8,3,1309,219,2499,0,0.643,standard,0
C5733,sub_5733,799,card,network,5,6,6,1296,380,799,18,0.467,new,0
C5734,sub_5734,299,card,technical,4,9,0,475,322,299,10,0.833,standard,1
C5735,sub_5735,499,card,bank_decline,2,0,0,328,63,499,19,0.333,standard,0
C5736,sub_5736,1499,card,card_expired,2,7,6,190,620,1499,9,0.5,loyal,0
C5737,sub_5737,499,card,network,3,7,4,1382,538,499,12,0.571,enterprise,0
C5738,sub_5738,2499,upi,network,3,3,4,668,342,2499,16,0.4,new,0
C5739,sub_5739,499,upi,card_expired,2,4,1,854,799,499,21,0.625,new,0
C5740,sub_5740,999,card,network,2,9,2,417,325,999,8,0.714,new,1
C5741,sub_5741,499,card,network,5,7,3,590,106,499,11,0.615,standard,0
C5742,sub_5742,999,card,bank_decline,4,8,1,609,763,999,7,0.75,standard,0
C5743,sub_5743,1499,upi,insufficient_funds,1,13,3,876,119,1499,0,0.737,new,1
C5744,sub_5744,2499,upi,network,4,5,6,270,65,2499,19,0.429,standard,0
C5745,sub_5745,2499,upi,network,1,12,5,1178,427,2499,12,0.65,enterprise,1
C5746,sub_5746,999,upi,insufficient_funds,3,13,6,592,521,999,8,0.636,standard,0
C5747,sub_5747,999,netbanking,card_expired,1,8,3,367,253,999,17,0.643,new,0
C5748,sub_5748,799,upi,bank_decline,4,2,5,31,755,799,18,0.3,loyal,0
C5749,sub_5749,4999,card,network,1,5,2,161,249,4999,21,0.6,loyal,0
C5750,sub_5750,2499,netbanking,network,2,0,4,411,867,2499,9,0.143,new,0
C5751,sub_5751,4999,netbanking,insufficient_funds,1,9,5,1102,575,4999,2,0.588,standard,0
C5752,sub_5752,2499,card,insufficient_funds,1,3,5,1283,166,2499,10,0.364,standard,0
C5753,sub_5753,299,card,insufficient_funds,1,12,6,1429,369,299,9,0.619,standard,1
C5754,sub_5754,499,card,technical,3,9,0,453,69,499,4,0.833,loyal,0
C5755,sub_5755,999,card,insufficient_funds,5,6,5,959,760,999,12,0.5,standard,0
C5756,sub_5756,799,upi,insufficient_funds,2,2,4,409,583,799,9,0.333,standard,0
C5757,sub_5757,4999,card,technical,4,1,5,222,386,4999,19,0.222,standard,0
C5758,sub_5758,999,card,network,3,9,0,818,611,999,1,0.833,standard,0
C5759,sub_5759,499,card,technical,2,10,3,968,554,499,15,0.688,loyal,1
C5760,sub_5760,1499,netbanking,insufficient_funds,1,3,6,1143,540,1499,13,0.333,standard,0
C5761,sub_5761,799,card,insufficient_funds,4,0,6,183,358,799,5,0.111,loyal,0
C5762,sub_5762,299,upi,technical,1,4,1,1123,317,299,7,0.625,loyal,1
C5763,sub_5763,4999,card,insufficient_funds,3,10,3,462,231,4999,18,0.688,standard,0
C5764,sub_5764,4999,card,insufficient_funds,1,8,6,424,708,4999,8,0.529,new,0
C5765,sub_5765,2499,card,network,4,1,6,57,424,2499,14,0.2,standard,0
C5766,sub_5766,799,card,card_expired,5,1,2,314,422,799,11,0.333,standard,0
C5767,sub_5767,2499,upi,card_expired,2,1,5,736,648,2499,19,0.222,new,0
C5768,sub_5768,799,upi,network,2,10,5,291,478,799,14,0.611,new,0
C5769,sub_5769,4999,card,bank_decline,3,10,1,488,857,4999,18,0.786,new,0
C5770,sub_5770,4999,card,card_expired,3,5,0,799,217,4999,19,0.75,loyal,0
C5771,sub_5771,499,upi,insufficient_funds,2,9,0,155,38,499,2,0.833,standard,1
C5772,sub_5772,799,upi,network,2,0,1,1313,379,799,18,0.25,loyal,0
C5773,sub_5773,1499,card,insufficient_funds,1,7,5,470,479,1499,21,0.533,enterprise,0
C5774,sub_5774,499,upi,network,2,3,2,1141,739,499,0,0.5,loyal,1
C5775,sub_5775,2499,card,network,3,11,4,974,572,2499,9,0.667,standard,1
C5776,sub_5776,1499,card,insufficient_funds,4,6,0,1129,845,1499,5,0.778,standard,0
C5777,sub_5777,499,upi,network,4,11,4,440,78,499,21,0.667,loyal,1
C5778,sub_5778,2499,upi,network,3,7,5,266,484,2499,7,0.533,loyal,1
C5779,sub_5779,299,upi,card_expired,4,6,6,223,746,299,4,0.467,loyal,0
C5780,sub_5780,799,card,insufficient_funds,3,13,2,351,452,799,2,0.778,standard,0
C5781,sub_5781,499,card,technical,2,13,3,821,249,499,17,0.737,loyal,0
C5782,sub_5782,299,upi,technical,2,6,3,940,691,299,1,0.583,standard,1
C5783,sub_5783,2499,card,card_expired,3,5,2,1132,787,2499,6,0.6,standard,1
C5784,sub_5784,499,card,technical,2,9,4,1446,233,499,12,0.625,standard,1
C5785,sub_5785,1499,upi,bank_decline,4,2,3,1246,497,1499,0,0.375,new,0
C5786,sub_5786,299,card,insufficient_funds,1,5,5,541,724,299,3,0.462,standard,0
C5787,sub_5787,4999,card,bank_decline,1,11,0,713,137,4999,21,0.857,loyal,1
C5788,sub_5788,4999,card,network,3,12,1,1432,10,4999,10,0.812,new,0
C5789,sub_5789,799,netbanking,card_expired,1,5,4,1069,665,799,6,0.5,loyal,0
C5790,sub_5790,999,card,insufficient_funds,1,5,4,630,677,999,19,0.5,new,1
C5791,sub_5791,1499,card,network,2,12,6,1251,142,1499,1,0.619,new,0
C5792,sub_5792,1499,card,network,1,2,4,212,537,1499,5,0.333,standard,1
C5793,sub_5793,299,card,technical,2,0,0,1012,648,299,18,0.333,standard,0
C5794,sub_5794,4999,card,insufficient_funds,3,1,3,1423,866,4999,16,0.286,new,0
C5795,sub_5795,4999,card,network,2,1,5,795,727,4999,9,0.222,new,0
C5796,sub_5796,999,card,network,5,12,6,923,198,999,21,0.619,standard,0
C5797,sub_5797,999,card,insufficient_funds,1,0,5,99,518,999,12,0.125,standard,0
C5798,sub_5798,499,card,bank_decline,4,4,3,911,660,499,16,0.5,standard,0
C5799,sub_5799,2499,card,bank_decline,3,8,0,442,244,2499,21,0.818,new,0
C5800,sub_5800,999,card,insufficient_funds,4,8,1,1491,147,999,11,0.75,new,0
C5801,sub_5801,499,card,network,4,11,5,486,394,499,10,0.632,new,0
C5802,sub_5802,799,upi,network,1,13,2,477,647,799,14,0.778,new,1
C5803,sub_5803,299,upi,insufficient_funds,4,5,5,598,475,299,1,0.462,loyal,0
C5804,sub_5804,2499,card,bank_decline,2,3,0,1048,544,2499,9,0.667,standard,0
C5805,sub_5805,299,upi,bank_decline,4,1,3,1426,599,299,15,0.286,standard,0
C5806,sub_5806,999,upi,insufficient_funds,2,12,6,525,860,999,8,0.619,loyal,0
C5807,sub_5807,2499,card,card_expired,2,5,1,321,570,2499,15,0.667,standard,0
C5808,sub_5808,299,card,insufficient_funds,4,12,0,1149,122,299,8,0.867,loyal,1
C5809,sub_5809,499,upi,card_expired,5,4,2,816,360,499,4,0.556,loyal,0
C5810,sub_5810,2499,card,insufficient_funds,5,10,0,687,153,2499,3,0.846,loyal,0
C5811,sub_5811,2499,card,card_expired,4,9,4,1486,682,2499,11,0.625,loyal,0
C5812,sub_5812,299,upi,insufficient_funds,3,9,1,748,897,299,4,0.769,new,1
C5813,sub_5813,499,card,technical,3,9,1,932,694,499,8,0.769,standard,0
C5814,sub_5814,1499,netbanking,insufficient_funds,5,4,4,1472,222,1499,11,0.455,standard,0
C5815,sub_5815,999,card,network,2,1,2,321,627,999,1,0.333,standard,1
C5816,sub_5816,999,card,network,5,0,4,1355,19,999,9,0.143,standard,0
C5817,sub_5817,499,card,insufficient_funds,4,5,6,1440,245,499,6,0.429,new,0
C5818,sub_5818,999,card,insufficient_funds,4,12,6,711,273,999,6,0.619,enterprise,0
C5819,sub_5819,299,netbanking,card_expired,3,8,5,511,422,299,20,0.562,standard,0
C5820,sub_5820,4999,upi,bank_decline,5,9,6,252,289,4999,20,0.556,standard,0
C5821,sub_5821,999,netbanking,network,4,3,5,81,390,999,6,0.364,new,0
C5822,sub_5822,799,card,card_expired,1,6,0,1476,9,799,19,0.778,standard,0
C5823,sub_5823,799,card,bank_decline,4,5,6,652,735,799,4,0.429,new,0
C5824,sub_5824,799,card,insufficient_funds,4,1,3,1005,356,799,7,0.286,new,0
C5825,sub_5825,999,card,insufficient_funds,5,8,0,368,727,999,20,0.818,enterprise,0
C5826,sub_5826,499,netbanking,network,5,5,4,492,52,499,2,0.5,new,0
C5827,sub_5827,1499,card,insufficient_funds,5,5,1,1230,779,1499,8,0.667,new,0
C5828,sub_5828,499,card,bank_decline,1,8,3,987,564,499,17,0.643,standard,0
C5829,sub_5829,799,card,technical,4,0,4,337,208,799,20,0.143,standard,0
C5830,sub_5830,4999,upi,card_expired,5,13,0,18,677,4999,20,0.875,new,0
C5831,sub_5831,999,card,insufficient_funds,5,3,3,1231,673,999,19,0.444,standard,0
C5832,sub_5832,4999,upi,card_expired,3,9,0,129,654,4999,21,0.833,standard,0
C5833,sub_5833,1499,upi,bank_decline,5,10,0,63,783,1499,10,0.846,standard,0
C5834,sub_5834,2499,upi,insufficient_funds,5,2,1,457,858,2499,7,0.5,loyal,0
C5835,sub_5835,299,card,bank_decline,1,3,5,1394,150,299,8,0.364,loyal,0
C5836,sub_5836,999,card,network,5,5,2,970,254,999,2,0.6,standard,0
C5837,sub_5837,799,card,network,4,11,0,72,36,799,3,0.857,standard,1
C5838,sub_5838,299,upi,network,3,8,5,1376,60,299,21,0.562,loyal,0
C5839,sub_5839,299,netbanking,network,1,6,3,1408,95,299,4,0.583,new,1
C5840,sub_5840,499,card,bank_decline,5,11,0,1048,623,499,13,0.857,standard,0
C5841,sub_5841,299,card,insufficient_funds,2,6,3,119,545,299,5,0.583,new,1
C5842,sub_5842,999,card,network,3,12,1,31,32,999,14,0.812,standard,0
C5843,sub_5843,299,upi,insufficient_funds,2,10,4,1310,380,299,10,0.647,enterprise,0
C5844,sub_5844,2499,card,insufficient_funds,5,2,6,1235,100,2499,2,0.273,new,0
C5845,sub_5845,1499,card,insufficient_funds,3,5,2,1248,176,1499,8,0.6,standard,0
C5846,sub_5846,4999,upi,network,1,0,5,735,50,4999,16,0.125,new,0
C5847,sub_5847,299,card,card_expired,1,3,0,895,475,299,17,0.667,standard,0
C5848,sub_5848,299,card,network,5,0,2,268,74,299,6,0.2,loyal,0
C5849,sub_5849,4999,card,bank_decline,2,1,6,63,707,4999,6,0.2,standard,0
C5850,sub_5850,799,card,network,4,0,0,339,838,799,16,0.333,loyal,0
C5851,sub_5851,2499,upi,bank_decline,1,9,6,935,770,2499,9,0.556,standard,1
C5852,sub_5852,499,card,bank_decline,5,5,0,609,741,499,1,0.75,loyal,0
C5853,sub_5853,299,card,network,4,6,3,930,676,299,2,0.583,loyal,1
C5854,sub_5854,999,card,network,2,10,1,666,819,999,8,0.786,new,1
C5855,sub_5855,1499,card,technical,5,11,0,840,797,1499,5,0.857,loyal,1
C5856,sub_5856,299,upi,insufficient_funds,2,7,2,1427,195,299,2,0.667,new,0
C5857,sub_5857,299,card,card_expired,5,6,4,950,544,299,17,0.538,standard,0
C5858,sub_5858,499,card,network,3,9,5,1431,276,499,10,0.588,new,0
C5859,sub_5859,299,card,network,3,5,2,1452,753,299,15,0.6,standard,0
C5860,sub_5860,4999,card,insufficient_funds,1,6,3,930,10,4999,0,0.583,enterprise,0
C5861,sub_5861,4999,card,technical,2,4,1,1493,376,4999,8,0.625,loyal,1
C5862,sub_5862,299,card,network,1,2,5,381,341,299,10,0.3,standard,1
C5863,sub_5863,999,netbanking,bank_decline,5,2,1,785,767,999,12,0.5,enterprise,0
C5864,sub_5864,799,card,card_expired,1,9,6,121,265,799,21,0.556,standard,0
C5865,sub_5865,299,card,network,1,11,1,146,806,299,10,0.8,new,1
C5866,sub_5866,1499,card,insufficient_funds,1,5,4,207,447,1499,10,0.5,loyal,0
C5867,sub_5867,2499,upi,network,5,1,2,209,618,2499,19,0.333,new,0
C5868,sub_5868,1499,card,insufficient_funds,5,8,6,621,478,1499,8,0.529,loyal,0
C5869,sub_5869,4999,netbanking,card_expired,4,12,1,1083,388,4999,8,0.812,new,0
C5870,sub_5870,1499,card,insufficient_funds,1,7,6,1479,274,1499,3,0.5,standard,0
C5871,sub_5871,999,upi,network,3,0,5,1473,254,999,15,0.125,standard,0
C5872,sub_5872,4999,upi,card_expired,5,1,3,276,576,4999,0,0.286,standard,0
C5873,sub_5873,1499,card,card_expired,1,7,3,659,293,1499,4,0.615,standard,1
C5874,sub_5874,2499,card,insufficient_funds,4,12,2,652,777,2499,9,0.765,new,1
C5875,sub_5875,2499,card,card_expired,1,0,2,156,119,2499,9,0.2,new,0
C5876,sub_5876,299,upi,network,5,10,3,69,194,299,0,0.688,loyal,1
C5877,sub_5877,2499,upi,card_expired,3,10,1,536,43,2499,11,0.786,standard,0
C5878,sub_5878,2499,card,insufficient_funds,5,0,2,1286,777,2499,21,0.2,new,0
C5879,sub_5879,999,card,insufficient_funds,3,2,6,583,373,999,2,0.273,new,0
C5880,sub_5880,999,card,network,4,0,6,581,32,999,10,0.111,standard,0
C5881,sub_5881,2499,card,card_expired,5,7,0,1494,39,2499,12,0.8,standard,0
C5882,sub_5882,299,upi,card_expired,2,2,5,572,826,299,7,0.3,standard,0
C5883,sub_5883,999,card,insufficient_funds,4,12,1,1033,792,999,12,0.812,new,0
C5884,sub_5884,2499,card,bank_decline,3,1,4,1472,249,2499,7,0.25,enterprise,0
C5885,sub_5885,499,upi,bank_decline,3,9,4,185,585,499,3,0.625,standard,0
C5886,sub_5886,499,upi,network,4,11,6,770,227,499,18,0.6,standard,1
C5887,sub_5887,299,upi,card_expired,2,2,4,512,759,299,21,0.333,loyal,0
C5888,sub_5888,799,card,insufficient_funds,1,3,5,186,644,799,8,0.364,standard,0
C5889,sub_5889,799,netbanking,technical,3,11,5,82,400,799,2,0.632,new,0
C5890,sub_5890,4999,card,network,5,1,4,975,835,4999,3,0.25,standard,0
C5891,sub_5891,299,card,insufficient_funds,1,6,2,983,202,299,19,0.636,standard,0
C5892,sub_5892,1499,card,insufficient_funds,2,3,2,847,897,1499,19,0.5,loyal,0
C5893,sub_5893,299,netbanking,network,4,0,2,1012,261,299,10,0.2,standard,0
C5894,sub_5894,2499,card,card_expired,3,6,2,1081,799,2499,19,0.636,loyal,0
C5895,sub_5895,999,upi,insufficient_funds,4,6,2,95,769,999,4,0.636,standard,0
C5896,sub_5896,799,upi,network,3,4,2,60,506,799,8,0.556,loyal,0
C5897,sub_5897,4999,upi,insufficient_funds,5,11,3,509,110,4999,2,0.706,new,0
C5898,sub_5898,2499,upi,technical,5,1,1,857,676,2499,11,0.4,loyal,0
C5899,sub_5899,299,netbanking,bank_decline,3,6,2,1355,628,299,15,0.636,standard,0
C5900,sub_5900,499,card,insufficient_funds,3,2,4,1469,778,499,21,0.333,standard,0
C5901,sub_5901,499,card,insufficient_funds,2,10,2,1241,203,499,16,0.733,standard,1
C5902,sub_5902,1499,upi,network,3,7,0,444,216,1499,14,0.8,enterprise,1
C5903,sub_5903,2499,card,bank_decline,5,9,0,865,318,2499,14,0.833,standard,0
C5904,sub_5904,1499,card,bank_decline,3,1,5,182,332,1499,13,0.222,standard,0
C5905,sub_5905,799,upi,card_expired,4,6,6,732,3,799,9,0.467,enterprise,0
C5906,sub_5906,2499,card,bank_decline,3,0,4,157,139,2499,11,0.143,loyal,0
C5907,sub_5907,2499,upi,network,4,4,0,1489,431,2499,3,0.714,standard,1
C5908,sub_5908,299,card,card_expired,4,13,3,682,870,299,0,0.737,standard,0
C5909,sub_5909,999,upi,network,3,10,1,1086,116,999,17,0.786,standard,0
C5910,sub_5910,1499,card,network,5,1,2,165,217,1499,10,0.333,enterprise,0
C5911,sub_5911,1499,upi,insufficient_funds,5,5,6,1429,773,1499,19,0.429,new,0
C5912,sub_5912,499,netbanking,insufficient_funds,1,12,5,790,36,499,2,0.65,loyal,0
C5913,sub_5913,499,card,technical,2,2,5,116,88,499,8,0.3,standard,0
C5914,sub_5914,799,card,insufficient_funds,5,10,3,559,800,799,5,0.688,enterprise,1
C5915,sub_5915,799,card,bank_decline,3,4,4,326,226,799,18,0.455,standard,0
C5916,sub_5916,4999,card,bank_decline,2,6,6,112,277,4999,8,0.467,standard,0
C5917,sub_5917,1499,card,card_expired,4,12,4,56,14,1499,13,0.684,loyal,0
C5918,sub_5918,2499,card,technical,4,9,4,1071,366,2499,1,0.625,enterprise,1
C5919,sub_5919,299,netbanking,insufficient_funds,1,3,0,1303,893,299,11,0.667,loyal,1
C5920,sub_5920,2499,card,insufficient_funds,1,0,6,993,886,2499,9,0.111,standard,0
C5921,sub_5921,499,card,network,5,3,5,1044,577,499,13,0.364,standard,0
C5922,sub_5922,999,card,network,4,5,2,65,607,999,12,0.6,loyal,0
C5923,sub_5923,799,card,bank_decline,2,1,1,274,579,799,2,0.4,standard,1
C5924,sub_5924,4999,card,insufficient_funds,5,12,6,61,625,4999,1,0.619,new,0
C5925,sub_5925,1499,netbanking,insufficient_funds,1,0,6,1461,467,1499,2,0.111,new,0
C5926,sub_5926,999,upi,network,5,7,2,1109,185,999,4,0.667,new,0
C5927,sub_5927,999,card,insufficient_funds,1,13,1,1434,781,999,15,0.824,new,0
C5928,sub_5928,1499,upi,bank_decline,4,4,5,1358,791,1499,5,0.417,standard,0
C5929,sub_5929,2499,card,insufficient_funds,5,7,4,344,130,2499,21,0.571,enterprise,0
C5930,sub_5930,1499,card,bank_decline,4,1,6,772,86,1499,1,0.2,standard,0
C5931,sub_5931,2499,upi,card_expired,4,10,3,974,713,2499,11,0.688,new,0
C5932,sub_5932,2499,card,bank_decline,2,13,3,1114,43,2499,15,0.737,standard,0
C5933,sub_5933,299,card,network,2,10,1,1005,726,299,1,0.786,standard,1
C5934,sub_5934,799,netbanking,card_expired,2,2,4,685,883,799,11,0.333,loyal,0
C5935,sub_5935,4999,card,network,1,4,2,15,33,4999,1,0.556,loyal,1
C5936,sub_5936,799,card,insufficient_funds,2,10,1,1408,719,799,17,0.786,new,0
C5937,sub_5937,2499,card,bank_decline,2,11,5,1036,120,2499,10,0.632,enterprise,0
C5938,sub_5938,999,upi,card_expired,4,5,2,1256,261,999,19,0.6,new,0
C5939,sub_5939,499,upi,network,2,13,1,339,492,499,14,0.824,loyal,1
C5940,sub_5940,799,netbanking,bank_decline,1,2,6,168,612,799,6,0.273,loyal,0
C5941,sub_5941,999,card,network,4,10,6,1352,82,999,3,0.579,loyal,0
C5942,sub_5942,299,upi,card_expired,3,6,3,1210,99,299,3,0.583,new,0
C5943,sub_5943,799,card,technical,2,9,2,1259,254,799,0,0.714,standard,1
C5944,sub_5944,1499,card,insufficient_funds,4,8,1,666,613,1499,6,0.75,new,0
C5945,sub_5945,4999,card,bank_decline,2,6,4,1358,363,4999,16,0.538,new,0
C5946,sub_5946,4999,upi,card_expired,4,11,4,344,248,4999,7,0.667,new,0
C5947,sub_5947,799,card,bank_decline,1,11,4,1138,142,799,3,0.667,new,1
C5948,sub_5948,2499,upi,card_expired,3,11,5,746,871,2499,1,0.632,standard,1
C5949,sub_5949,799,card,card_expired,3,1,3,255,634,799,9,0.286,new,0
C5950,sub_5950,2499,card,network,2,5,4,1078,887,2499,4,0.5,standard,1
C5951,sub_5951,4999,netbanking,bank_decline,4,10,4,547,446,4999,16,0.647,loyal,0
C5952,sub_5952,999,upi,network,2,12,5,246,737,999,7,0.65,new,1
C5953,sub_5953,1499,card,technical,4,5,5,1066,576,1499,2,0.462,standard,0
C5954,sub_5954,4999,upi,network,2,10,0,1159,473,4999,5,0.846,loyal,1
C5955,sub_5955,299,card,network,3,7,4,491,427,299,9,0.571,standard,0
C5956,sub_5956,499,upi,bank_decline,4,3,6,1450,450,499,0,0.333,standard,0
C5957,sub_5957,1499,card,network,5,12,3,1067,371,1499,2,0.722,loyal,1
C5958,sub_5958,499,card,insufficient_funds,2,6,3,43,576,499,21,0.583,standard,0
C5959,sub_5959,2499,card,bank_decline,3,8,4,510,443,2499,7,0.6,standard,0
C5960,sub_5960,499,card,network,3,4,3,1461,873,499,16,0.5,loyal,1
C5961,sub_5961,799,card,network,5,0,2,274,809,799,20,0.2,loyal,0
C5962,sub_5962,2499,card,insufficient_funds,5,6,6,1430,418,2499,2,0.467,standard,0
C5963,sub_5963,999,netbanking,network,4,10,0,782,357,999,15,0.846,standard,0
C5964,sub_5964,2499,card,network,5,4,5,1016,683,2499,18,0.417,loyal,0
C5965,sub_5965,1499,card,network,1,13,1,1032,578,1499,0,0.824,standard,1
C5966,sub_5966,999,card,insufficient_funds,4,10,1,772,209,999,6,0.786,standard,0
C5967,sub_5967,999,upi,insufficient_funds,5,8,4,780,750,999,2,0.6,new,0
C5968,sub_5968,2499,card,network,4,11,4,855,614,2499,0,0.667,new,1
C5969,sub_5969,4999,card,card_expired,3,12,6,966,559,4999,6,0.619,standard,0
C5970,sub_5970,299,upi,card_expired,5,10,2,1109,704,299,4,0.733,loyal,0
C5971,sub_5971,999,card,network,4,11,0,662,204,999,19,0.857,standard,1
C5972,sub_5972,2499,netbanking,insufficient_funds,5,9,1,659,720,2499,5,0.769,enterprise,0
C5973,sub_5973,1499,card,bank_decline,1,12,3,1169,110,1499,16,0.722,loyal,0
C5974,sub_5974,999,upi,card_expired,4,1,2,1138,714,999,1,0.333,loyal,0
C5975,sub_5975,2499,card,insufficient_funds,3,4,1,978,532,2499,13,0.625,loyal,0
C5976,sub_5976,999,upi,insufficient_funds,5,12,6,697,524,999,15,0.619,standard,0
C5977,sub_5977,299,upi,network,5,6,3,866,654,299,3,0.583,standard,1
C5978,sub_5978,499,card,bank_decline,5,0,4,860,280,499,9,0.143,new,0
C5979,sub_5979,299,card,technical,2,11,5,658,692,299,20,0.632,standard,1
C5980,sub_5980,1499,card,technical,3,9,2,275,24,1499,13,0.714,new,0
C5981,sub_5981,4999,card,network,1,12,5,808,624,4999,17,0.65,loyal,1
C5982,sub_5982,799,netbanking,insufficient_funds,5,0,6,669,715,799,9,0.111,loyal,0
C5983,sub_5983,2499,card,network,2,2,5,86,4,2499,5,0.3,standard,0
C5984,sub_5984,4999,card,insufficient_funds,4,7,2,1433,625,4999,10,0.667,standard,0
C5985,sub_5985,799,netbanking,insufficient_funds,3,2,5,1003,696,799,8,0.3,standard,0
C5986,sub_5986,4999,upi,card_expired,5,7,1,179,470,4999,21,0.727,loyal,0
C5987,sub_5987,299,upi,network,5,4,0,314,544,299,9,0.714,enterprise,1
C5988,sub_5988,1499,card,technical,4,2,3,861,54,1499,13,0.375,standard,0
C5989,sub_5989,499,card,network,4,10,3,1291,889,499,12,0.688,standard,0
C5990,sub_5990,2499,card,network,1,0,3,733,870,2499,8,0.167,loyal,1
C5991,sub_5991,299,card,bank_decline,5,12,1,1220,688,299,8,0.812,new,0
C5992,sub_5992,2499,card,bank_decline,1,2,1,200,14,2499,18,0.5,loyal,0
C5993,sub_5993,799,card,insufficient_funds,3,8,6,796,387,799,4,0.529,new,0
C5994,sub_5994,499,card,card_expired,2,13,2,1242,736,499,9,0.778,standard,0
C5995,sub_5995,999,card,network,2,1,5,1272,608,999,14,0.222,standard,1
C5996,sub_5996,4999,card,network,5,12,1,367,814,4999,1,0.812,loyal,1
C5997,sub_5997,499,card,insufficient_funds,2,4,0,1009,554,499,14,0.714,new,0
C5998,sub_5998,799,card,insufficient_funds,3,10,0,69,642,799,18,0.846,loyal,0
C5999,sub_5999,1499,card,card_expired,2,11,1,220,304,1499,9,0.8,loyal,1
